SET session_replication_role = replica;

--
-- PostgreSQL database dump
--

-- Dumped from database version 15.6
-- Dumped by pg_dump version 15.6

SET statement_timeout = 0;
SET lock_timeout = 0;
SET idle_in_transaction_session_timeout = 0;
SET client_encoding = 'UTF8';
SET standard_conforming_strings = on;
SELECT pg_catalog.set_config('search_path', '', false);
SET check_function_bodies = false;
SET xmloption = content;
SET client_min_messages = warning;
SET row_security = off;

--
-- Data for Name: audit_log_entries; Type: TABLE DATA; Schema: auth; Owner: supabase_auth_admin
--

INSERT INTO "auth"."audit_log_entries" ("instance_id", "id", "payload", "created_at", "ip_address") VALUES
	('00000000-0000-0000-0000-000000000000', 'b60bc604-e400-4484-a939-e2b821ab0ad1', '{"action":"user_signedup","actor_id":"3ffd668d-8871-47ff-aefa-2b55afad5f26","actor_username":"watanabilinlin@gmail.com","actor_via_sso":false,"log_type":"team","traits":{"provider":"email"}}', '2024-12-06 03:14:00.104941+00', ''),
	('00000000-0000-0000-0000-000000000000', '36c6c5f3-149b-45c4-866f-fcb307f8b8fb', '{"action":"login","actor_id":"3ffd668d-8871-47ff-aefa-2b55afad5f26","actor_username":"watanabilinlin@gmail.com","actor_via_sso":false,"log_type":"account","traits":{"provider":"email"}}', '2024-12-06 03:14:00.124492+00', ''),
	('00000000-0000-0000-0000-000000000000', '76675fc7-3f89-44b1-982a-7dc43a206b10', '{"action":"login","actor_id":"3ffd668d-8871-47ff-aefa-2b55afad5f26","actor_username":"watanabilinlin@gmail.com","actor_via_sso":false,"log_type":"account","traits":{"provider":"email"}}', '2024-12-06 03:15:08.713341+00', ''),
	('00000000-0000-0000-0000-000000000000', '87f8c5f9-c29b-4876-94e8-03612508bdc1', '{"action":"user_signedup","actor_id":"668f130c-e8bf-41d7-b9a6-239c9e0cf4a1","actor_username":"locn562836@gmail.com","actor_via_sso":false,"log_type":"team","traits":{"provider":"email"}}', '2024-12-06 03:17:43.851463+00', ''),
	('00000000-0000-0000-0000-000000000000', 'a37d8244-8a58-4ddd-9393-258f6692a45a', '{"action":"login","actor_id":"668f130c-e8bf-41d7-b9a6-239c9e0cf4a1","actor_username":"locn562836@gmail.com","actor_via_sso":false,"log_type":"account","traits":{"provider":"email"}}', '2024-12-06 03:17:43.854632+00', ''),
	('00000000-0000-0000-0000-000000000000', '6d50f4ea-6488-480a-b46e-f5aca165e352', '{"action":"login","actor_id":"3ffd668d-8871-47ff-aefa-2b55afad5f26","actor_username":"watanabilinlin@gmail.com","actor_via_sso":false,"log_type":"account","traits":{"provider":"email"}}', '2024-12-06 03:18:56.070872+00', ''),
	('00000000-0000-0000-0000-000000000000', '1d1a9e7e-3759-48cf-9c86-e10585ce407e', '{"action":"user_signedup","actor_id":"6a69fb32-1350-4445-8cf9-9e58a9250245","actor_username":"safeyou@gmail.com","actor_via_sso":false,"log_type":"team","traits":{"provider":"email"}}', '2024-12-06 05:09:13.123371+00', ''),
	('00000000-0000-0000-0000-000000000000', '6d33fe97-0a71-42cb-8495-56f8439f4a0a', '{"action":"login","actor_id":"6a69fb32-1350-4445-8cf9-9e58a9250245","actor_username":"safeyou@gmail.com","actor_via_sso":false,"log_type":"account","traits":{"provider":"email"}}', '2024-12-06 05:09:13.128765+00', ''),
	('00000000-0000-0000-0000-000000000000', 'f54c63b3-0d0b-41dc-a01d-86e52d932861', '{"action":"user_repeated_signup","actor_id":"6a69fb32-1350-4445-8cf9-9e58a9250245","actor_username":"safeyou@gmail.com","actor_via_sso":false,"log_type":"user","traits":{"provider":"email"}}', '2024-12-06 05:09:25.014234+00', ''),
	('00000000-0000-0000-0000-000000000000', '88130fd1-d5dd-4ab4-aa38-d912e0f878a6', '{"action":"user_repeated_signup","actor_id":"6a69fb32-1350-4445-8cf9-9e58a9250245","actor_username":"safeyou@gmail.com","actor_via_sso":false,"log_type":"user","traits":{"provider":"email"}}', '2024-12-06 05:10:37.530661+00', ''),
	('00000000-0000-0000-0000-000000000000', 'ffb972e7-5aeb-4b71-9d81-f321af678b70', '{"action":"user_repeated_signup","actor_id":"6a69fb32-1350-4445-8cf9-9e58a9250245","actor_username":"safeyou@gmail.com","actor_via_sso":false,"log_type":"user","traits":{"provider":"email"}}', '2024-12-06 05:11:07.002403+00', ''),
	('00000000-0000-0000-0000-000000000000', 'b2a9f91e-71a3-45be-b61d-7046a121b608', '{"action":"user_repeated_signup","actor_id":"6a69fb32-1350-4445-8cf9-9e58a9250245","actor_username":"safeyou@gmail.com","actor_via_sso":false,"log_type":"user","traits":{"provider":"email"}}', '2024-12-06 05:12:19.644079+00', ''),
	('00000000-0000-0000-0000-000000000000', '1ff3b721-1828-4c89-931e-b8ec385698c1', '{"action":"user_repeated_signup","actor_id":"6a69fb32-1350-4445-8cf9-9e58a9250245","actor_username":"safeyou@gmail.com","actor_via_sso":false,"log_type":"user","traits":{"provider":"email"}}', '2024-12-06 05:12:35.576728+00', ''),
	('00000000-0000-0000-0000-000000000000', '5e6c1ea9-db1c-421e-8fdb-3643512e3a5c', '{"action":"user_repeated_signup","actor_id":"6a69fb32-1350-4445-8cf9-9e58a9250245","actor_username":"safeyou@gmail.com","actor_via_sso":false,"log_type":"user","traits":{"provider":"email"}}', '2024-12-06 05:42:32.207041+00', ''),
	('00000000-0000-0000-0000-000000000000', 'cf0c4aa8-1891-416e-91ef-2f087ab35aca', '{"action":"user_deleted","actor_id":"00000000-0000-0000-0000-000000000000","actor_username":"service_role","actor_via_sso":false,"log_type":"team","traits":{"user_email":"safeyou@gmail.com","user_id":"6a69fb32-1350-4445-8cf9-9e58a9250245","user_phone":""}}', '2024-12-06 05:42:42.952814+00', ''),
	('00000000-0000-0000-0000-000000000000', '4f32415a-ac3f-4703-a4a2-33db3c5af33f', '{"action":"user_signedup","actor_id":"6ca30b44-a094-4919-81a1-c17d4310a637","actor_username":"safeyou@gmail.com","actor_via_sso":false,"log_type":"team","traits":{"provider":"email"}}', '2024-12-06 05:42:52.331465+00', ''),
	('00000000-0000-0000-0000-000000000000', 'a168c02a-00fc-4e33-ac9d-0e1f73e2496a', '{"action":"login","actor_id":"6ca30b44-a094-4919-81a1-c17d4310a637","actor_username":"safeyou@gmail.com","actor_via_sso":false,"log_type":"account","traits":{"provider":"email"}}', '2024-12-06 05:42:52.334864+00', ''),
	('00000000-0000-0000-0000-000000000000', 'd779b3c0-e560-414f-9a70-2d5456107cee', '{"action":"login","actor_id":"6ca30b44-a094-4919-81a1-c17d4310a637","actor_username":"safeyou@gmail.com","actor_via_sso":false,"log_type":"account","traits":{"provider":"email"}}', '2024-12-06 05:43:22.830183+00', ''),
	('00000000-0000-0000-0000-000000000000', '3c97d334-057a-4f01-8fd7-97a54f6c1b27', '{"action":"login","actor_id":"6ca30b44-a094-4919-81a1-c17d4310a637","actor_username":"safeyou@gmail.com","actor_via_sso":false,"log_type":"account","traits":{"provider":"email"}}', '2024-12-06 07:47:13.862508+00', ''),
	('00000000-0000-0000-0000-000000000000', 'd0f76813-0fc2-4873-85ab-bc6c8c1730f2', '{"action":"login","actor_id":"6ca30b44-a094-4919-81a1-c17d4310a637","actor_username":"safeyou@gmail.com","actor_via_sso":false,"log_type":"account","traits":{"provider":"email"}}', '2024-12-06 07:47:35.131117+00', ''),
	('00000000-0000-0000-0000-000000000000', '517f1d6d-f1ed-4f14-b972-d1c03d918c71', '{"action":"login","actor_id":"3ffd668d-8871-47ff-aefa-2b55afad5f26","actor_username":"watanabilinlin@gmail.com","actor_via_sso":false,"log_type":"account","traits":{"provider":"email"}}', '2024-12-06 09:22:40.096487+00', ''),
	('00000000-0000-0000-0000-000000000000', '0bc27648-8f38-4d76-abbe-669b2f08f043', '{"action":"login","actor_id":"3ffd668d-8871-47ff-aefa-2b55afad5f26","actor_username":"watanabilinlin@gmail.com","actor_via_sso":false,"log_type":"account","traits":{"provider":"email"}}', '2024-12-06 09:23:22.145586+00', ''),
	('00000000-0000-0000-0000-000000000000', 'b8bc37ec-a89a-4dcf-b1c9-45ae39fcb2fd', '{"action":"login","actor_id":"3ffd668d-8871-47ff-aefa-2b55afad5f26","actor_username":"watanabilinlin@gmail.com","actor_via_sso":false,"log_type":"account","traits":{"provider":"email"}}', '2024-12-06 12:06:49.069892+00', ''),
	('00000000-0000-0000-0000-000000000000', 'ddc8dc7a-42d8-4c92-8692-ef9b81b64e7d', '{"action":"login","actor_id":"3ffd668d-8871-47ff-aefa-2b55afad5f26","actor_username":"watanabilinlin@gmail.com","actor_via_sso":false,"log_type":"account","traits":{"provider":"email"}}', '2024-12-06 13:01:16.560777+00', ''),
	('00000000-0000-0000-0000-000000000000', '1ad2b858-a270-43e4-b577-c93336ed382b', '{"action":"login","actor_id":"3ffd668d-8871-47ff-aefa-2b55afad5f26","actor_username":"watanabilinlin@gmail.com","actor_via_sso":false,"log_type":"account","traits":{"provider":"email"}}', '2024-12-06 13:35:46.456366+00', ''),
	('00000000-0000-0000-0000-000000000000', '07097d82-8e3a-4ae1-b8b1-fb81f75b2ef9', '{"action":"login","actor_id":"3ffd668d-8871-47ff-aefa-2b55afad5f26","actor_username":"watanabilinlin@gmail.com","actor_via_sso":false,"log_type":"account","traits":{"provider":"email"}}', '2024-12-07 01:27:51.240303+00', ''),
	('00000000-0000-0000-0000-000000000000', '8509713b-af0f-4bbc-8fc5-2cba706de301', '{"action":"login","actor_id":"3ffd668d-8871-47ff-aefa-2b55afad5f26","actor_username":"watanabilinlin@gmail.com","actor_via_sso":false,"log_type":"account","traits":{"provider":"email"}}', '2024-12-07 03:27:27.67038+00', ''),
	('00000000-0000-0000-0000-000000000000', '4d170e0f-a447-48ec-81ba-06f393fe80f1', '{"action":"user_repeated_signup","actor_id":"668f130c-e8bf-41d7-b9a6-239c9e0cf4a1","actor_username":"locn562836@gmail.com","actor_via_sso":false,"log_type":"user","traits":{"provider":"email"}}', '2024-12-07 03:29:30.347679+00', ''),
	('00000000-0000-0000-0000-000000000000', 'ed423ec8-8215-4fe5-8cf7-76d9f7ba68a2', '{"action":"login","actor_id":"668f130c-e8bf-41d7-b9a6-239c9e0cf4a1","actor_username":"locn562836@gmail.com","actor_via_sso":false,"log_type":"account","traits":{"provider":"email"}}', '2024-12-07 03:29:41.697423+00', ''),
	('00000000-0000-0000-0000-000000000000', 'dcf336c1-074a-4286-b09d-5868f78783ba', '{"action":"login","actor_id":"668f130c-e8bf-41d7-b9a6-239c9e0cf4a1","actor_username":"locn562836@gmail.com","actor_via_sso":false,"log_type":"account","traits":{"provider":"email"}}', '2024-12-07 03:46:15.862908+00', ''),
	('00000000-0000-0000-0000-000000000000', '97b54b2c-7ba8-49c3-90d0-cf200fdf3441', '{"action":"login","actor_id":"3ffd668d-8871-47ff-aefa-2b55afad5f26","actor_username":"watanabilinlin@gmail.com","actor_via_sso":false,"log_type":"account","traits":{"provider":"email"}}', '2024-12-07 04:03:24.472063+00', ''),
	('00000000-0000-0000-0000-000000000000', 'a1b1a5c2-9392-47ff-99da-a009eae5fb63', '{"action":"login","actor_id":"3ffd668d-8871-47ff-aefa-2b55afad5f26","actor_username":"watanabilinlin@gmail.com","actor_via_sso":false,"log_type":"account","traits":{"provider":"email"}}', '2024-12-07 06:05:04.460878+00', ''),
	('00000000-0000-0000-0000-000000000000', 'f8e1efed-9769-4c2f-9f80-d44605e33b8f', '{"action":"login","actor_id":"3ffd668d-8871-47ff-aefa-2b55afad5f26","actor_username":"watanabilinlin@gmail.com","actor_via_sso":false,"log_type":"account","traits":{"provider":"email"}}', '2024-12-07 06:08:05.288939+00', ''),
	('00000000-0000-0000-0000-000000000000', 'c13e20cf-97f1-4b2a-993f-860e15afc27a', '{"action":"login","actor_id":"3ffd668d-8871-47ff-aefa-2b55afad5f26","actor_username":"watanabilinlin@gmail.com","actor_via_sso":false,"log_type":"account","traits":{"provider":"email"}}', '2024-12-07 06:09:26.249709+00', ''),
	('00000000-0000-0000-0000-000000000000', 'e30fada9-50fd-4bc8-a550-b8e95be8dfcc', '{"action":"login","actor_id":"3ffd668d-8871-47ff-aefa-2b55afad5f26","actor_username":"watanabilinlin@gmail.com","actor_via_sso":false,"log_type":"account","traits":{"provider":"email"}}', '2024-12-07 08:20:03.788464+00', ''),
	('00000000-0000-0000-0000-000000000000', 'afe3c502-0aac-4216-8f2b-db56f1f8e3dc', '{"action":"login","actor_id":"3ffd668d-8871-47ff-aefa-2b55afad5f26","actor_username":"watanabilinlin@gmail.com","actor_via_sso":false,"log_type":"account","traits":{"provider":"email"}}', '2024-12-07 09:18:17.014978+00', ''),
	('00000000-0000-0000-0000-000000000000', 'dea96bea-7965-4b73-b288-6f90fccc31d2', '{"action":"login","actor_id":"3ffd668d-8871-47ff-aefa-2b55afad5f26","actor_username":"watanabilinlin@gmail.com","actor_via_sso":false,"log_type":"account","traits":{"provider":"email"}}', '2024-12-07 09:26:26.180495+00', ''),
	('00000000-0000-0000-0000-000000000000', '041ca8e6-5caf-4e21-b97c-dacfe2c6760c', '{"action":"login","actor_id":"3ffd668d-8871-47ff-aefa-2b55afad5f26","actor_username":"watanabilinlin@gmail.com","actor_via_sso":false,"log_type":"account","traits":{"provider":"email"}}', '2024-12-07 10:26:46.199376+00', ''),
	('00000000-0000-0000-0000-000000000000', '0e504eda-0a53-432a-a6cc-b4961c9c57b9', '{"action":"login","actor_id":"3ffd668d-8871-47ff-aefa-2b55afad5f26","actor_username":"watanabilinlin@gmail.com","actor_via_sso":false,"log_type":"account","traits":{"provider":"email"}}', '2024-12-07 10:29:36.555524+00', ''),
	('00000000-0000-0000-0000-000000000000', '2266fe59-7c39-4576-bc8e-3c7ec9cd4e24', '{"action":"login","actor_id":"3ffd668d-8871-47ff-aefa-2b55afad5f26","actor_username":"watanabilinlin@gmail.com","actor_via_sso":false,"log_type":"account","traits":{"provider":"email"}}', '2024-12-07 11:46:24.247661+00', ''),
	('00000000-0000-0000-0000-000000000000', '0e4dacfe-d89c-4642-976a-56cd69e2cb39', '{"action":"login","actor_id":"3ffd668d-8871-47ff-aefa-2b55afad5f26","actor_username":"watanabilinlin@gmail.com","actor_via_sso":false,"log_type":"account","traits":{"provider":"email"}}', '2024-12-07 12:02:56.007461+00', ''),
	('00000000-0000-0000-0000-000000000000', 'f1efce61-cfea-4daf-b369-feb12bcf3fe1', '{"action":"login","actor_id":"3ffd668d-8871-47ff-aefa-2b55afad5f26","actor_username":"watanabilinlin@gmail.com","actor_via_sso":false,"log_type":"account","traits":{"provider":"email"}}', '2024-12-07 13:14:03.425136+00', ''),
	('00000000-0000-0000-0000-000000000000', '01679967-e160-4c80-a3b4-f4dc99d6eac3', '{"action":"login","actor_id":"3ffd668d-8871-47ff-aefa-2b55afad5f26","actor_username":"watanabilinlin@gmail.com","actor_via_sso":false,"log_type":"account","traits":{"provider":"email"}}', '2024-12-08 02:30:12.363997+00', ''),
	('00000000-0000-0000-0000-000000000000', 'ccd8b660-1800-4d4a-80bd-266ddd6189c9', '{"action":"login","actor_id":"3ffd668d-8871-47ff-aefa-2b55afad5f26","actor_username":"watanabilinlin@gmail.com","actor_via_sso":false,"log_type":"account","traits":{"provider":"email"}}', '2024-12-08 04:04:21.567473+00', ''),
	('00000000-0000-0000-0000-000000000000', 'ad858c7d-af62-41fc-9726-cd643cb09e6b', '{"action":"login","actor_id":"3ffd668d-8871-47ff-aefa-2b55afad5f26","actor_username":"watanabilinlin@gmail.com","actor_via_sso":false,"log_type":"account","traits":{"provider":"email"}}', '2024-12-08 04:29:37.84704+00', ''),
	('00000000-0000-0000-0000-000000000000', 'e45274c2-f7e2-476b-af97-5f9c8414d94f', '{"action":"login","actor_id":"3ffd668d-8871-47ff-aefa-2b55afad5f26","actor_username":"watanabilinlin@gmail.com","actor_via_sso":false,"log_type":"account","traits":{"provider":"email"}}', '2024-12-08 05:07:36.617779+00', ''),
	('00000000-0000-0000-0000-000000000000', '912a0596-81b1-42a6-bddf-a4a28097861e', '{"action":"login","actor_id":"3ffd668d-8871-47ff-aefa-2b55afad5f26","actor_username":"watanabilinlin@gmail.com","actor_via_sso":false,"log_type":"account","traits":{"provider":"email"}}', '2024-12-08 05:08:33.801332+00', ''),
	('00000000-0000-0000-0000-000000000000', 'eb2b2353-b46d-47d9-b373-4c170ea87dec', '{"action":"login","actor_id":"3ffd668d-8871-47ff-aefa-2b55afad5f26","actor_username":"watanabilinlin@gmail.com","actor_via_sso":false,"log_type":"account","traits":{"provider":"email"}}', '2024-12-08 06:17:05.406933+00', ''),
	('00000000-0000-0000-0000-000000000000', 'e62d7665-e7f6-42dd-8edb-74c66f150815', '{"action":"login","actor_id":"3ffd668d-8871-47ff-aefa-2b55afad5f26","actor_username":"watanabilinlin@gmail.com","actor_via_sso":false,"log_type":"account","traits":{"provider":"email"}}', '2024-12-08 06:17:21.036183+00', ''),
	('00000000-0000-0000-0000-000000000000', '680eb991-f2a6-4c35-acee-6e30020329cb', '{"action":"login","actor_id":"3ffd668d-8871-47ff-aefa-2b55afad5f26","actor_username":"watanabilinlin@gmail.com","actor_via_sso":false,"log_type":"account","traits":{"provider":"email"}}', '2024-12-08 06:19:42.197631+00', ''),
	('00000000-0000-0000-0000-000000000000', '000832f6-ea10-4a06-a03c-d478278cf01e', '{"action":"login","actor_id":"668f130c-e8bf-41d7-b9a6-239c9e0cf4a1","actor_username":"locn562836@gmail.com","actor_via_sso":false,"log_type":"account","traits":{"provider":"email"}}', '2024-12-08 06:51:34.616963+00', ''),
	('00000000-0000-0000-0000-000000000000', '4cddd2bf-f332-4de5-b2e1-c4aceea84f1f', '{"action":"login","actor_id":"3ffd668d-8871-47ff-aefa-2b55afad5f26","actor_username":"watanabilinlin@gmail.com","actor_via_sso":false,"log_type":"account","traits":{"provider":"email"}}', '2024-12-08 06:52:55.672479+00', ''),
	('00000000-0000-0000-0000-000000000000', '09c9b981-fb40-4c18-abc1-579d475d4d70', '{"action":"login","actor_id":"3ffd668d-8871-47ff-aefa-2b55afad5f26","actor_username":"watanabilinlin@gmail.com","actor_via_sso":false,"log_type":"account","traits":{"provider":"email"}}', '2024-12-08 06:57:35.276521+00', ''),
	('00000000-0000-0000-0000-000000000000', '3cbdfa7e-6973-4dde-ba40-7f7f94a426f7', '{"action":"login","actor_id":"3ffd668d-8871-47ff-aefa-2b55afad5f26","actor_username":"watanabilinlin@gmail.com","actor_via_sso":false,"log_type":"account","traits":{"provider":"email"}}', '2024-12-08 06:59:14.417448+00', ''),
	('00000000-0000-0000-0000-000000000000', 'e0dd2124-777e-43b0-a1bd-52f7685cec66', '{"action":"login","actor_id":"3ffd668d-8871-47ff-aefa-2b55afad5f26","actor_username":"watanabilinlin@gmail.com","actor_via_sso":false,"log_type":"account","traits":{"provider":"email"}}', '2024-12-08 07:11:44.590377+00', ''),
	('00000000-0000-0000-0000-000000000000', '5726f039-603b-4c3f-9596-fbb307188bd9', '{"action":"login","actor_id":"668f130c-e8bf-41d7-b9a6-239c9e0cf4a1","actor_username":"locn562836@gmail.com","actor_via_sso":false,"log_type":"account","traits":{"provider":"email"}}', '2024-12-08 08:11:05.114436+00', ''),
	('00000000-0000-0000-0000-000000000000', 'd8c78b6b-4f24-4098-89c0-042917fe25b1', '{"action":"login","actor_id":"668f130c-e8bf-41d7-b9a6-239c9e0cf4a1","actor_username":"locn562836@gmail.com","actor_via_sso":false,"log_type":"account","traits":{"provider":"email"}}', '2024-12-08 08:11:30.458983+00', ''),
	('00000000-0000-0000-0000-000000000000', 'c216d9fc-2ed8-4091-9440-7d19ed6a60a4', '{"action":"login","actor_id":"668f130c-e8bf-41d7-b9a6-239c9e0cf4a1","actor_username":"locn562836@gmail.com","actor_via_sso":false,"log_type":"account","traits":{"provider":"email"}}', '2024-12-08 08:11:58.788972+00', ''),
	('00000000-0000-0000-0000-000000000000', 'b37de9bc-868b-4ccf-96ba-40283902a417', '{"action":"login","actor_id":"668f130c-e8bf-41d7-b9a6-239c9e0cf4a1","actor_username":"locn562836@gmail.com","actor_via_sso":false,"log_type":"account","traits":{"provider":"email"}}', '2024-12-08 08:12:32.899076+00', ''),
	('00000000-0000-0000-0000-000000000000', '8e35a215-7e85-4452-9bb3-d9b270fca13e', '{"action":"login","actor_id":"668f130c-e8bf-41d7-b9a6-239c9e0cf4a1","actor_username":"locn562836@gmail.com","actor_via_sso":false,"log_type":"account","traits":{"provider":"email"}}', '2024-12-08 08:13:52.034854+00', ''),
	('00000000-0000-0000-0000-000000000000', '61d3d6c6-be24-4c80-90ab-8f5c4e290d7e', '{"action":"login","actor_id":"668f130c-e8bf-41d7-b9a6-239c9e0cf4a1","actor_username":"locn562836@gmail.com","actor_via_sso":false,"log_type":"account","traits":{"provider":"email"}}', '2024-12-08 08:14:17.124771+00', ''),
	('00000000-0000-0000-0000-000000000000', '78654fe4-7539-4f24-bf85-7e291959dd72', '{"action":"login","actor_id":"668f130c-e8bf-41d7-b9a6-239c9e0cf4a1","actor_username":"locn562836@gmail.com","actor_via_sso":false,"log_type":"account","traits":{"provider":"email"}}', '2024-12-08 08:15:29.419042+00', ''),
	('00000000-0000-0000-0000-000000000000', 'a0eda21e-d27c-4669-9bbe-daaed55f42c6', '{"action":"login","actor_id":"668f130c-e8bf-41d7-b9a6-239c9e0cf4a1","actor_username":"locn562836@gmail.com","actor_via_sso":false,"log_type":"account","traits":{"provider":"email"}}', '2024-12-08 08:16:22.124812+00', ''),
	('00000000-0000-0000-0000-000000000000', 'aee858f0-0068-4ba4-974a-8a965be51893', '{"action":"user_signedup","actor_id":"c69c18c5-8a8b-4136-84e9-9f13303c41c4","actor_username":"ngan@gmail.com","actor_via_sso":false,"log_type":"team","traits":{"provider":"email"}}', '2024-12-08 08:50:09.429118+00', ''),
	('00000000-0000-0000-0000-000000000000', 'e89d9184-fdca-477a-8452-502c77d500a2', '{"action":"login","actor_id":"c69c18c5-8a8b-4136-84e9-9f13303c41c4","actor_username":"ngan@gmail.com","actor_via_sso":false,"log_type":"account","traits":{"provider":"email"}}', '2024-12-08 08:50:09.43382+00', ''),
	('00000000-0000-0000-0000-000000000000', '2d2f0f7d-e06e-4ca5-876d-7349bb339ff3', '{"action":"user_repeated_signup","actor_id":"c69c18c5-8a8b-4136-84e9-9f13303c41c4","actor_username":"ngan@gmail.com","actor_via_sso":false,"log_type":"user","traits":{"provider":"email"}}', '2024-12-08 08:50:31.438844+00', ''),
	('00000000-0000-0000-0000-000000000000', '3e3811b8-4028-4dfb-9117-86917f7d94cd', '{"action":"user_signedup","actor_id":"e0302377-4801-411f-a3ca-3e0feb598eac","actor_username":"ngan123@gmail.com","actor_via_sso":false,"log_type":"team","traits":{"provider":"email"}}', '2024-12-08 08:51:46.431991+00', ''),
	('00000000-0000-0000-0000-000000000000', '7aaf092a-fc16-463d-992f-fcd2e8835d7b', '{"action":"login","actor_id":"e0302377-4801-411f-a3ca-3e0feb598eac","actor_username":"ngan123@gmail.com","actor_via_sso":false,"log_type":"account","traits":{"provider":"email"}}', '2024-12-08 08:51:46.434839+00', ''),
	('00000000-0000-0000-0000-000000000000', '96665f9a-808d-49e3-8dce-a475bb9dce06', '{"action":"login","actor_id":"e0302377-4801-411f-a3ca-3e0feb598eac","actor_username":"ngan123@gmail.com","actor_via_sso":false,"log_type":"account","traits":{"provider":"email"}}', '2024-12-08 08:51:59.91437+00', ''),
	('00000000-0000-0000-0000-000000000000', '0410fe4b-7a66-47bb-9f4d-2c1a35dd1e01', '{"action":"login","actor_id":"e0302377-4801-411f-a3ca-3e0feb598eac","actor_username":"ngan123@gmail.com","actor_via_sso":false,"log_type":"account","traits":{"provider":"email"}}', '2024-12-08 09:26:16.268049+00', ''),
	('00000000-0000-0000-0000-000000000000', '61ab7121-98bc-4115-b82b-b92557cc2adc', '{"action":"user_repeated_signup","actor_id":"668f130c-e8bf-41d7-b9a6-239c9e0cf4a1","actor_username":"locn562836@gmail.com","actor_via_sso":false,"log_type":"user","traits":{"provider":"email"}}', '2024-12-08 09:36:31.557078+00', ''),
	('00000000-0000-0000-0000-000000000000', '15599ba3-b9b1-4573-a7e0-033f34705b4c', '{"action":"login","actor_id":"e0302377-4801-411f-a3ca-3e0feb598eac","actor_username":"ngan123@gmail.com","actor_via_sso":false,"log_type":"account","traits":{"provider":"email"}}', '2024-12-08 09:48:46.759208+00', ''),
	('00000000-0000-0000-0000-000000000000', '53d0860e-652d-4784-a6a8-bae9a886bd20', '{"action":"login","actor_id":"e0302377-4801-411f-a3ca-3e0feb598eac","actor_username":"ngan123@gmail.com","actor_via_sso":false,"log_type":"account","traits":{"provider":"email"}}', '2024-12-08 10:09:08.367419+00', ''),
	('00000000-0000-0000-0000-000000000000', '3f6731b7-c08b-4270-9c2f-5f7b09f1f4df', '{"action":"user_signedup","actor_id":"e7e01a1c-2e85-4ddf-839c-beb651530d1c","actor_username":"a@gmail.com","actor_via_sso":false,"log_type":"team","traits":{"provider":"email"}}', '2024-12-08 10:35:03.917363+00', ''),
	('00000000-0000-0000-0000-000000000000', '482b2785-9a41-4abf-ae3c-03abd8492cde', '{"action":"login","actor_id":"e7e01a1c-2e85-4ddf-839c-beb651530d1c","actor_username":"a@gmail.com","actor_via_sso":false,"log_type":"account","traits":{"provider":"email"}}', '2024-12-08 10:35:03.924818+00', ''),
	('00000000-0000-0000-0000-000000000000', 'ca1114a8-b307-470a-9334-829601ba40b8', '{"action":"user_repeated_signup","actor_id":"e7e01a1c-2e85-4ddf-839c-beb651530d1c","actor_username":"a@gmail.com","actor_via_sso":false,"log_type":"user","traits":{"provider":"email"}}', '2024-12-08 10:35:25.484061+00', ''),
	('00000000-0000-0000-0000-000000000000', '15daf3f3-89cd-4065-b8b0-538535b8f1b7', '{"action":"user_repeated_signup","actor_id":"e7e01a1c-2e85-4ddf-839c-beb651530d1c","actor_username":"a@gmail.com","actor_via_sso":false,"log_type":"user","traits":{"provider":"email"}}', '2024-12-08 10:35:38.867371+00', ''),
	('00000000-0000-0000-0000-000000000000', '01241371-980b-48e3-a538-c3d41cd6cef9', '{"action":"user_repeated_signup","actor_id":"e7e01a1c-2e85-4ddf-839c-beb651530d1c","actor_username":"a@gmail.com","actor_via_sso":false,"log_type":"user","traits":{"provider":"email"}}', '2024-12-08 10:36:11.540994+00', ''),
	('00000000-0000-0000-0000-000000000000', 'd0f00617-30fb-47ce-8d25-a890d40b1cee', '{"action":"user_signedup","actor_id":"e8e86293-d754-4dc5-9fed-568dd150b879","actor_username":"adsad@gmail.com","actor_via_sso":false,"log_type":"team","traits":{"provider":"email"}}', '2024-12-08 10:36:28.906283+00', ''),
	('00000000-0000-0000-0000-000000000000', '42b6fbe2-8000-4a0b-92ec-038584eed9fe', '{"action":"login","actor_id":"e8e86293-d754-4dc5-9fed-568dd150b879","actor_username":"adsad@gmail.com","actor_via_sso":false,"log_type":"account","traits":{"provider":"email"}}', '2024-12-08 10:36:28.908547+00', ''),
	('00000000-0000-0000-0000-000000000000', 'f28ec3ef-a7aa-46b8-a5ef-8cf90483ca0f', '{"action":"login","actor_id":"e0302377-4801-411f-a3ca-3e0feb598eac","actor_username":"ngan123@gmail.com","actor_via_sso":false,"log_type":"account","traits":{"provider":"email"}}', '2024-12-08 11:08:43.11215+00', ''),
	('00000000-0000-0000-0000-000000000000', '5d00b636-0e35-4f9c-b31b-444d2c02ad89', '{"action":"login","actor_id":"e0302377-4801-411f-a3ca-3e0feb598eac","actor_username":"ngan123@gmail.com","actor_via_sso":false,"log_type":"account","traits":{"provider":"email"}}', '2024-12-08 12:29:23.774254+00', ''),
	('00000000-0000-0000-0000-000000000000', 'b1bd3c80-d253-4f3b-8fbb-7561f48a7adb', '{"action":"login","actor_id":"e0302377-4801-411f-a3ca-3e0feb598eac","actor_username":"ngan123@gmail.com","actor_via_sso":false,"log_type":"account","traits":{"provider":"email"}}', '2024-12-08 12:44:26.518547+00', '');


--
-- Data for Name: flow_state; Type: TABLE DATA; Schema: auth; Owner: supabase_auth_admin
--



--
-- Data for Name: users; Type: TABLE DATA; Schema: auth; Owner: supabase_auth_admin
--

INSERT INTO "auth"."users" ("instance_id", "id", "aud", "role", "email", "encrypted_password", "email_confirmed_at", "invited_at", "confirmation_token", "confirmation_sent_at", "recovery_token", "recovery_sent_at", "email_change_token_new", "email_change", "email_change_sent_at", "last_sign_in_at", "raw_app_meta_data", "raw_user_meta_data", "is_super_admin", "created_at", "updated_at", "phone", "phone_confirmed_at", "phone_change", "phone_change_token", "phone_change_sent_at", "email_change_token_current", "email_change_confirm_status", "banned_until", "reauthentication_token", "reauthentication_sent_at", "is_sso_user", "deleted_at", "is_anonymous") VALUES
	('00000000-0000-0000-0000-000000000000', '6ca30b44-a094-4919-81a1-c17d4310a637', 'authenticated', 'authenticated', 'safeyou@gmail.com', '$2a$10$lOYHQoRr0AFAvEMG9mtXu.x5AwlQ4fvO6A2LeSH5i6o7o5mpBxksy', '2024-12-06 05:42:52.332564+00', NULL, '', NULL, '', NULL, '', '', NULL, '2024-12-06 07:47:35.132368+00', '{"provider": "email", "providers": ["email"]}', '{"sub": "6ca30b44-a094-4919-81a1-c17d4310a637", "email": "safeyou@gmail.com", "email_verified": false, "phone_verified": false}', NULL, '2024-12-06 05:42:52.31865+00', '2024-12-06 07:47:35.137073+00', NULL, NULL, '', '', NULL, '', 0, NULL, '', NULL, false, NULL, false),
	('00000000-0000-0000-0000-000000000000', '668f130c-e8bf-41d7-b9a6-239c9e0cf4a1', 'authenticated', 'authenticated', 'locn562836@gmail.com', '$2a$10$vQ24O6gS7BQ/001yicJiXexrEjtWFLmDCuXTDVhm48AmuYbs/IFLq', '2024-12-06 03:17:43.852119+00', NULL, '', NULL, '', NULL, '', '', NULL, '2024-12-08 08:16:22.125567+00', '{"provider": "email", "providers": ["email"]}', '{"sub": "668f130c-e8bf-41d7-b9a6-239c9e0cf4a1", "email": "locn562836@gmail.com", "email_verified": false, "phone_verified": false}', NULL, '2024-12-06 03:17:43.839156+00', '2024-12-08 08:16:22.127375+00', NULL, NULL, '', '', NULL, '', 0, NULL, '', NULL, false, NULL, false),
	('00000000-0000-0000-0000-000000000000', 'e0302377-4801-411f-a3ca-3e0feb598eac', 'authenticated', 'authenticated', 'ngan123@gmail.com', '$2a$10$jOHn4vsVQliJnJZkNUoidumPDGh.TX97lHGgZ7DqFZ9kTdQYfbNEe', '2024-12-08 08:51:46.432447+00', NULL, '', NULL, '', NULL, '', '', NULL, '2024-12-08 12:44:26.521405+00', '{"provider": "email", "providers": ["email"]}', '{"sub": "e0302377-4801-411f-a3ca-3e0feb598eac", "email": "ngan123@gmail.com", "email_verified": false, "phone_verified": false}', NULL, '2024-12-08 08:51:46.427239+00', '2024-12-08 12:44:26.52902+00', NULL, NULL, '', '', NULL, '', 0, NULL, '', NULL, false, NULL, false),
	('00000000-0000-0000-0000-000000000000', 'c69c18c5-8a8b-4136-84e9-9f13303c41c4', 'authenticated', 'authenticated', 'ngan@gmail.com', '$2a$10$U9RiY2saqHRJyo926uWphusq247xHag16lqZ8RMmc9uoCXnvDHmHO', '2024-12-08 08:50:09.430981+00', NULL, '', NULL, '', NULL, '', '', NULL, '2024-12-08 08:50:09.434378+00', '{"provider": "email", "providers": ["email"]}', '{"sub": "c69c18c5-8a8b-4136-84e9-9f13303c41c4", "email": "ngan@gmail.com", "email_verified": false, "phone_verified": false}', NULL, '2024-12-08 08:50:09.409951+00', '2024-12-08 08:50:09.44065+00', NULL, NULL, '', '', NULL, '', 0, NULL, '', NULL, false, NULL, false),
	('00000000-0000-0000-0000-000000000000', '3ffd668d-8871-47ff-aefa-2b55afad5f26', 'authenticated', 'authenticated', 'watanabilinlin@gmail.com', '$2a$10$nv2t/jWKsgXBzIXxK1ZsEOS5gzpD/L7RXQeeWuuKB4pPi2dwNeP2G', '2024-12-06 03:14:00.114766+00', NULL, '', NULL, '', NULL, '', '', NULL, '2024-12-08 07:11:44.594143+00', '{"provider": "email", "providers": ["email"]}', '{"sub": "3ffd668d-8871-47ff-aefa-2b55afad5f26", "email": "watanabilinlin@gmail.com", "email_verified": false, "phone_verified": false}', NULL, '2024-12-06 03:14:00.056985+00', '2024-12-08 07:11:44.602053+00', NULL, NULL, '', '', NULL, '', 0, NULL, '', NULL, false, NULL, false),
	('00000000-0000-0000-0000-000000000000', 'e7e01a1c-2e85-4ddf-839c-beb651530d1c', 'authenticated', 'authenticated', 'a@gmail.com', '$2a$10$zj3585DlTM6jBFSu1JipA.Cg1AMG1DnqP1.sm4jRHSA3s0YCPCrc6', '2024-12-08 10:35:03.920607+00', NULL, '', NULL, '', NULL, '', '', NULL, '2024-12-08 10:35:03.925388+00', '{"provider": "email", "providers": ["email"]}', '{"sub": "e7e01a1c-2e85-4ddf-839c-beb651530d1c", "email": "a@gmail.com", "email_verified": false, "phone_verified": false}', NULL, '2024-12-08 10:35:03.899935+00', '2024-12-08 10:35:03.932656+00', NULL, NULL, '', '', NULL, '', 0, NULL, '', NULL, false, NULL, false),
	('00000000-0000-0000-0000-000000000000', 'e8e86293-d754-4dc5-9fed-568dd150b879', 'authenticated', 'authenticated', 'adsad@gmail.com', '$2a$10$9e.zT/uvAvnq9za5NKV1Leq3VLUwa3X9ERIKJRjSs7.n9UjLIeizW', '2024-12-08 10:36:28.906791+00', NULL, '', NULL, '', NULL, '', '', NULL, '2024-12-08 10:36:28.909038+00', '{"provider": "email", "providers": ["email"]}', '{"sub": "e8e86293-d754-4dc5-9fed-568dd150b879", "email": "adsad@gmail.com", "email_verified": false, "phone_verified": false}', NULL, '2024-12-08 10:36:28.901547+00', '2024-12-08 10:36:28.910614+00', NULL, NULL, '', '', NULL, '', 0, NULL, '', NULL, false, NULL, false);


--
-- Data for Name: identities; Type: TABLE DATA; Schema: auth; Owner: supabase_auth_admin
--

INSERT INTO "auth"."identities" ("provider_id", "user_id", "identity_data", "provider", "last_sign_in_at", "created_at", "updated_at", "id") VALUES
	('3ffd668d-8871-47ff-aefa-2b55afad5f26', '3ffd668d-8871-47ff-aefa-2b55afad5f26', '{"sub": "3ffd668d-8871-47ff-aefa-2b55afad5f26", "email": "watanabilinlin@gmail.com", "email_verified": false, "phone_verified": false}', 'email', '2024-12-06 03:14:00.096329+00', '2024-12-06 03:14:00.096403+00', '2024-12-06 03:14:00.096403+00', '5d4ee5b7-a0fd-4e96-b405-4e4d77eb8f65'),
	('668f130c-e8bf-41d7-b9a6-239c9e0cf4a1', '668f130c-e8bf-41d7-b9a6-239c9e0cf4a1', '{"sub": "668f130c-e8bf-41d7-b9a6-239c9e0cf4a1", "email": "locn562836@gmail.com", "email_verified": false, "phone_verified": false}', 'email', '2024-12-06 03:17:43.84564+00', '2024-12-06 03:17:43.846994+00', '2024-12-06 03:17:43.846994+00', '0a7437a8-61bd-4c6b-8751-4112fafd1651'),
	('6ca30b44-a094-4919-81a1-c17d4310a637', '6ca30b44-a094-4919-81a1-c17d4310a637', '{"sub": "6ca30b44-a094-4919-81a1-c17d4310a637", "email": "safeyou@gmail.com", "email_verified": false, "phone_verified": false}', 'email', '2024-12-06 05:42:52.324046+00', '2024-12-06 05:42:52.32411+00', '2024-12-06 05:42:52.32411+00', 'ed1243f5-1ec7-4636-9285-b966666859e3'),
	('c69c18c5-8a8b-4136-84e9-9f13303c41c4', 'c69c18c5-8a8b-4136-84e9-9f13303c41c4', '{"sub": "c69c18c5-8a8b-4136-84e9-9f13303c41c4", "email": "ngan@gmail.com", "email_verified": false, "phone_verified": false}', 'email', '2024-12-08 08:50:09.423482+00', '2024-12-08 08:50:09.423536+00', '2024-12-08 08:50:09.423536+00', '752fcfa8-cceb-475f-b422-bf1cd6f007dc'),
	('e0302377-4801-411f-a3ca-3e0feb598eac', 'e0302377-4801-411f-a3ca-3e0feb598eac', '{"sub": "e0302377-4801-411f-a3ca-3e0feb598eac", "email": "ngan123@gmail.com", "email_verified": false, "phone_verified": false}', 'email', '2024-12-08 08:51:46.429447+00', '2024-12-08 08:51:46.42949+00', '2024-12-08 08:51:46.42949+00', 'e14cee82-9984-46c6-9e19-d50d20af88b0'),
	('e7e01a1c-2e85-4ddf-839c-beb651530d1c', 'e7e01a1c-2e85-4ddf-839c-beb651530d1c', '{"sub": "e7e01a1c-2e85-4ddf-839c-beb651530d1c", "email": "a@gmail.com", "email_verified": false, "phone_verified": false}', 'email', '2024-12-08 10:35:03.911404+00', '2024-12-08 10:35:03.911466+00', '2024-12-08 10:35:03.911466+00', '71627f67-ba1a-4a5b-826f-41db01294537'),
	('e8e86293-d754-4dc5-9fed-568dd150b879', 'e8e86293-d754-4dc5-9fed-568dd150b879', '{"sub": "e8e86293-d754-4dc5-9fed-568dd150b879", "email": "adsad@gmail.com", "email_verified": false, "phone_verified": false}', 'email', '2024-12-08 10:36:28.904155+00', '2024-12-08 10:36:28.904211+00', '2024-12-08 10:36:28.904211+00', '013441f4-f22a-4d9e-80a3-3c841cdc7e3a');


--
-- Data for Name: instances; Type: TABLE DATA; Schema: auth; Owner: supabase_auth_admin
--



--
-- Data for Name: sessions; Type: TABLE DATA; Schema: auth; Owner: supabase_auth_admin
--

INSERT INTO "auth"."sessions" ("id", "user_id", "created_at", "updated_at", "factor_id", "aal", "not_after", "refreshed_at", "user_agent", "ip", "tag") VALUES
	('6d0a0245-510f-4ae2-b9a6-1f83ff62fcca', '3ffd668d-8871-47ff-aefa-2b55afad5f26', '2024-12-06 03:14:00.126567+00', '2024-12-06 03:14:00.126567+00', NULL, 'aal1', NULL, NULL, 'Deno/1.45.2 (variant; SupabaseEdgeRuntime/1.65.4)', '35.78.75.34', NULL),
	('3c5813e0-1fbd-4410-918a-ea5f7f12eedb', '3ffd668d-8871-47ff-aefa-2b55afad5f26', '2024-12-06 03:15:08.714169+00', '2024-12-06 03:15:08.714169+00', NULL, 'aal1', NULL, NULL, 'Deno/1.45.2 (variant; SupabaseEdgeRuntime/1.65.4)', '47.129.159.53', NULL),
	('9a6d6080-60e8-4c1e-8dca-a8eedd730cd2', '668f130c-e8bf-41d7-b9a6-239c9e0cf4a1', '2024-12-06 03:17:43.855215+00', '2024-12-06 03:17:43.855215+00', NULL, 'aal1', NULL, NULL, 'Deno/1.45.2 (variant; SupabaseEdgeRuntime/1.65.4)', '43.202.60.36', NULL),
	('4c182620-3d77-4785-8a71-f376edcffee1', '3ffd668d-8871-47ff-aefa-2b55afad5f26', '2024-12-06 03:18:56.071617+00', '2024-12-06 03:18:56.071617+00', NULL, 'aal1', NULL, NULL, 'Deno/1.45.2 (variant; SupabaseEdgeRuntime/1.65.4)', '47.129.10.50', NULL),
	('fa65ff04-3fd3-439f-b354-00e7d0e29ae4', '6ca30b44-a094-4919-81a1-c17d4310a637', '2024-12-06 05:42:52.335422+00', '2024-12-06 05:42:52.335422+00', NULL, 'aal1', NULL, NULL, 'Deno/1.45.2 (variant; SupabaseEdgeRuntime/1.65.4)', '47.129.196.217', NULL),
	('82c5c99d-df11-4414-8de2-7ddf4ffac725', '6ca30b44-a094-4919-81a1-c17d4310a637', '2024-12-06 05:43:22.830918+00', '2024-12-06 05:43:22.830918+00', NULL, 'aal1', NULL, NULL, 'Deno/1.45.2 (variant; SupabaseEdgeRuntime/1.65.4)', '13.125.255.203', NULL),
	('24c2306f-2df5-4ae2-8f63-29fa91b06944', '6ca30b44-a094-4919-81a1-c17d4310a637', '2024-12-06 07:47:13.873311+00', '2024-12-06 07:47:13.873311+00', NULL, 'aal1', NULL, NULL, 'Deno/1.45.2 (variant; SupabaseEdgeRuntime/1.65.4)', '54.178.9.235', NULL),
	('2845c45d-8da2-432c-a118-d3e37bd7b256', '6ca30b44-a094-4919-81a1-c17d4310a637', '2024-12-06 07:47:35.132436+00', '2024-12-06 07:47:35.132436+00', NULL, 'aal1', NULL, NULL, 'Deno/1.45.2 (variant; SupabaseEdgeRuntime/1.65.4)', '3.35.131.169', NULL),
	('173c7f5a-745f-4f29-9017-921aba46078e', '3ffd668d-8871-47ff-aefa-2b55afad5f26', '2024-12-06 09:22:40.105879+00', '2024-12-06 09:22:40.105879+00', NULL, 'aal1', NULL, NULL, 'Deno/1.45.2 (variant; SupabaseEdgeRuntime/1.65.4)', '3.0.49.77', NULL),
	('4cb1b289-bc07-4eb4-9b00-703d4a484229', '3ffd668d-8871-47ff-aefa-2b55afad5f26', '2024-12-06 09:23:22.146274+00', '2024-12-06 09:23:22.146274+00', NULL, 'aal1', NULL, NULL, 'Deno/1.45.2 (variant; SupabaseEdgeRuntime/1.65.4)', '54.251.23.75', NULL),
	('36b28bec-e721-4a22-9d7b-d976b4be9afc', '3ffd668d-8871-47ff-aefa-2b55afad5f26', '2024-12-06 12:06:49.085778+00', '2024-12-06 12:06:49.085778+00', NULL, 'aal1', NULL, NULL, 'Deno/1.45.2 (variant; SupabaseEdgeRuntime/1.65.4)', '18.141.167.26', NULL),
	('7500e014-77e9-4a1e-9d89-2cc1c8b0a668', '3ffd668d-8871-47ff-aefa-2b55afad5f26', '2024-12-06 13:01:16.568343+00', '2024-12-06 13:01:16.568343+00', NULL, 'aal1', NULL, NULL, 'Deno/1.45.2 (variant; SupabaseEdgeRuntime/1.65.4)', '47.129.184.86', NULL),
	('6301362b-7efb-4779-8356-480b1bdebacd', '3ffd668d-8871-47ff-aefa-2b55afad5f26', '2024-12-06 13:35:46.464392+00', '2024-12-06 13:35:46.464392+00', NULL, 'aal1', NULL, NULL, 'Deno/1.45.2 (variant; SupabaseEdgeRuntime/1.65.4)', '13.212.174.76', NULL),
	('7531033f-7c6e-4272-808c-7fcba85517c5', '3ffd668d-8871-47ff-aefa-2b55afad5f26', '2024-12-07 01:27:51.256384+00', '2024-12-07 01:27:51.256384+00', NULL, 'aal1', NULL, NULL, 'Deno/1.45.2 (variant; SupabaseEdgeRuntime/1.65.4)', '52.221.228.207', NULL),
	('28245ea4-f89c-4e62-86cb-9c74083eb00b', '3ffd668d-8871-47ff-aefa-2b55afad5f26', '2024-12-07 03:27:27.681223+00', '2024-12-07 03:27:27.681223+00', NULL, 'aal1', NULL, NULL, 'Deno/1.45.2 (variant; SupabaseEdgeRuntime/1.65.4)', '47.129.173.206', NULL),
	('aaa0a761-2685-4e89-b127-204386ef44eb', '668f130c-e8bf-41d7-b9a6-239c9e0cf4a1', '2024-12-07 03:29:41.698781+00', '2024-12-07 03:29:41.698781+00', NULL, 'aal1', NULL, NULL, 'Deno/1.45.2 (variant; SupabaseEdgeRuntime/1.65.4)', '47.129.174.33', NULL),
	('d76bcd91-204a-4b53-abca-72ec7d03d457', '668f130c-e8bf-41d7-b9a6-239c9e0cf4a1', '2024-12-07 03:46:15.864028+00', '2024-12-07 03:46:15.864028+00', NULL, 'aal1', NULL, NULL, 'Deno/1.45.2 (variant; SupabaseEdgeRuntime/1.65.4)', '54.238.155.8', NULL),
	('3a907947-c109-4af1-aab7-8c8bd0d62995', '3ffd668d-8871-47ff-aefa-2b55afad5f26', '2024-12-07 04:03:24.473122+00', '2024-12-07 04:03:24.473122+00', NULL, 'aal1', NULL, NULL, 'Deno/1.45.2 (variant; SupabaseEdgeRuntime/1.65.4)', '47.129.174.33', NULL),
	('19c54121-5bb5-44a8-bcfd-f000669f9fc2', '3ffd668d-8871-47ff-aefa-2b55afad5f26', '2024-12-07 06:05:04.472407+00', '2024-12-07 06:05:04.472407+00', NULL, 'aal1', NULL, NULL, 'Deno/1.45.2 (variant; SupabaseEdgeRuntime/1.65.4)', '47.128.248.198', NULL),
	('5b2792b1-d603-4645-98b5-abbc8763d26b', '3ffd668d-8871-47ff-aefa-2b55afad5f26', '2024-12-07 06:08:05.291625+00', '2024-12-07 06:08:05.291625+00', NULL, 'aal1', NULL, NULL, 'Deno/1.45.2 (variant; SupabaseEdgeRuntime/1.65.4)', '54.255.248.211', NULL),
	('624143d9-b602-44ea-8491-7976e1d7ebd8', '3ffd668d-8871-47ff-aefa-2b55afad5f26', '2024-12-07 06:09:26.251461+00', '2024-12-07 06:09:26.251461+00', NULL, 'aal1', NULL, NULL, 'Deno/1.45.2 (variant; SupabaseEdgeRuntime/1.65.4)', '47.129.195.221', NULL),
	('31f99704-25b4-4f00-85f8-ce37572c65cf', '3ffd668d-8871-47ff-aefa-2b55afad5f26', '2024-12-07 08:20:03.799723+00', '2024-12-07 08:20:03.799723+00', NULL, 'aal1', NULL, NULL, 'Deno/1.45.2 (variant; SupabaseEdgeRuntime/1.65.4)', '47.129.195.221', NULL),
	('e2fea640-6dd2-46bf-9f75-b1a2d1b57e58', '3ffd668d-8871-47ff-aefa-2b55afad5f26', '2024-12-07 09:18:17.016698+00', '2024-12-07 09:18:17.016698+00', NULL, 'aal1', NULL, NULL, 'Deno/1.45.2 (variant; SupabaseEdgeRuntime/1.65.4)', '47.128.248.198', NULL),
	('c909ab9d-5543-4a0b-8127-82c5ee5aa13e', '3ffd668d-8871-47ff-aefa-2b55afad5f26', '2024-12-07 09:26:26.182537+00', '2024-12-07 09:26:26.182537+00', NULL, 'aal1', NULL, NULL, 'Deno/1.45.2 (variant; SupabaseEdgeRuntime/1.65.4)', '13.229.81.137', NULL),
	('60cc2825-1794-49f2-99e4-7e853e63eb87', '3ffd668d-8871-47ff-aefa-2b55afad5f26', '2024-12-07 10:26:46.202257+00', '2024-12-07 10:26:46.202257+00', NULL, 'aal1', NULL, NULL, 'Deno/1.45.2 (variant; SupabaseEdgeRuntime/1.65.4)', '54.151.165.223', NULL),
	('df741288-e6f9-45c7-9850-ea1f911b24c6', '3ffd668d-8871-47ff-aefa-2b55afad5f26', '2024-12-07 10:29:36.557702+00', '2024-12-07 10:29:36.557702+00', NULL, 'aal1', NULL, NULL, 'Deno/1.45.2 (variant; SupabaseEdgeRuntime/1.65.4)', '13.229.81.137', NULL),
	('429ee98f-9e70-4c53-9fad-f019dc1df1e3', '3ffd668d-8871-47ff-aefa-2b55afad5f26', '2024-12-07 11:46:24.249781+00', '2024-12-07 11:46:24.249781+00', NULL, 'aal1', NULL, NULL, 'Deno/1.45.2 (variant; SupabaseEdgeRuntime/1.65.4)', '13.229.138.178', NULL),
	('6666d3dc-807b-403b-b146-d6b38cddd98d', '3ffd668d-8871-47ff-aefa-2b55afad5f26', '2024-12-07 12:02:56.010359+00', '2024-12-07 12:02:56.010359+00', NULL, 'aal1', NULL, NULL, 'Deno/1.45.2 (variant; SupabaseEdgeRuntime/1.65.4)', '18.142.144.190', NULL),
	('e2d993fa-bb5e-4276-95fa-2db9660a89ff', '3ffd668d-8871-47ff-aefa-2b55afad5f26', '2024-12-07 13:14:03.432453+00', '2024-12-07 13:14:03.432453+00', NULL, 'aal1', NULL, NULL, 'Deno/1.45.2 (variant; SupabaseEdgeRuntime/1.65.4)', '18.140.233.24', NULL),
	('85ecac51-527b-4c86-a4c8-197324488771', '3ffd668d-8871-47ff-aefa-2b55afad5f26', '2024-12-08 02:30:12.378982+00', '2024-12-08 02:30:12.378982+00', NULL, 'aal1', NULL, NULL, 'Deno/1.45.2 (variant; SupabaseEdgeRuntime/1.65.4)', '47.129.115.22', NULL),
	('901a707e-ca79-4f11-939d-f495f184f01d', '3ffd668d-8871-47ff-aefa-2b55afad5f26', '2024-12-08 04:04:21.57738+00', '2024-12-08 04:04:21.57738+00', NULL, 'aal1', NULL, NULL, 'Deno/1.45.2 (variant; SupabaseEdgeRuntime/1.65.4)', '3.0.49.44', NULL),
	('73d3547e-23b5-4faf-830d-8973d5b1206b', '3ffd668d-8871-47ff-aefa-2b55afad5f26', '2024-12-08 04:29:37.848851+00', '2024-12-08 04:29:37.848851+00', NULL, 'aal1', NULL, NULL, 'Deno/1.45.2 (variant; SupabaseEdgeRuntime/1.65.4)', '54.169.169.144', NULL),
	('885246b2-0233-4a73-94b2-4e5d2ae06fda', '3ffd668d-8871-47ff-aefa-2b55afad5f26', '2024-12-08 05:07:36.622817+00', '2024-12-08 05:07:36.622817+00', NULL, 'aal1', NULL, NULL, 'Deno/1.45.2 (variant; SupabaseEdgeRuntime/1.65.4)', '13.212.167.144', NULL),
	('95889d93-999e-4f05-bc3d-e1de452c7a01', '3ffd668d-8871-47ff-aefa-2b55afad5f26', '2024-12-08 05:08:33.803317+00', '2024-12-08 05:08:33.803317+00', NULL, 'aal1', NULL, NULL, 'Deno/1.45.2 (variant; SupabaseEdgeRuntime/1.65.4)', '3.0.49.44', NULL),
	('367518db-4cd5-48e7-a3cc-a662ed712c21', '3ffd668d-8871-47ff-aefa-2b55afad5f26', '2024-12-08 06:17:05.418261+00', '2024-12-08 06:17:05.418261+00', NULL, 'aal1', NULL, NULL, 'Deno/1.45.2 (variant; SupabaseEdgeRuntime/1.65.4)', '13.212.167.144', NULL),
	('d16edac6-96b2-4927-b8a4-10900c532505', '3ffd668d-8871-47ff-aefa-2b55afad5f26', '2024-12-08 06:17:21.03707+00', '2024-12-08 06:17:21.03707+00', NULL, 'aal1', NULL, NULL, 'Deno/1.45.2 (variant; SupabaseEdgeRuntime/1.65.4)', '13.212.167.144', NULL),
	('d4f1f6d9-db57-44ef-8f48-259ca32933dd', '3ffd668d-8871-47ff-aefa-2b55afad5f26', '2024-12-08 06:19:42.20052+00', '2024-12-08 06:19:42.20052+00', NULL, 'aal1', NULL, NULL, 'Deno/1.45.2 (variant; SupabaseEdgeRuntime/1.65.4)', '18.143.185.48', NULL),
	('8c39bdec-1327-4ab4-aa2c-98811bd37202', '668f130c-e8bf-41d7-b9a6-239c9e0cf4a1', '2024-12-08 06:51:34.619335+00', '2024-12-08 06:51:34.619335+00', NULL, 'aal1', NULL, NULL, 'Deno/1.45.2 (variant; SupabaseEdgeRuntime/1.65.4)', '18.141.195.138', NULL),
	('39fbb42e-b969-4970-89ee-38598e1c32e1', '3ffd668d-8871-47ff-aefa-2b55afad5f26', '2024-12-08 06:52:55.673245+00', '2024-12-08 06:52:55.673245+00', NULL, 'aal1', NULL, NULL, 'Deno/1.45.2 (variant; SupabaseEdgeRuntime/1.65.4)', '13.251.114.13', NULL),
	('f9952799-05f7-4e6c-a132-76d2beaf988e', '3ffd668d-8871-47ff-aefa-2b55afad5f26', '2024-12-08 06:57:35.278928+00', '2024-12-08 06:57:35.278928+00', NULL, 'aal1', NULL, NULL, 'Deno/1.45.2 (variant; SupabaseEdgeRuntime/1.65.4)', '18.143.185.48', NULL),
	('1b854fef-cbf6-4c2d-9c4b-133abc357adb', '3ffd668d-8871-47ff-aefa-2b55afad5f26', '2024-12-08 06:59:14.419169+00', '2024-12-08 06:59:14.419169+00', NULL, 'aal1', NULL, NULL, 'Deno/1.45.2 (variant; SupabaseEdgeRuntime/1.65.4)', '18.141.195.138', NULL),
	('0c6acb4c-c900-4b5d-805b-7ae7ef5ade01', '3ffd668d-8871-47ff-aefa-2b55afad5f26', '2024-12-08 07:11:44.594224+00', '2024-12-08 07:11:44.594224+00', NULL, 'aal1', NULL, NULL, 'Deno/1.45.2 (variant; SupabaseEdgeRuntime/1.65.4)', '18.143.185.48', NULL),
	('36f40551-0ef4-43e6-93c3-82b6ea84ce88', '668f130c-e8bf-41d7-b9a6-239c9e0cf4a1', '2024-12-08 08:11:05.116219+00', '2024-12-08 08:11:05.116219+00', NULL, 'aal1', NULL, NULL, 'Deno/1.45.2 (variant; SupabaseEdgeRuntime/1.65.4)', '3.0.49.44', NULL),
	('cda9a6cc-9ede-44bf-9f8f-928fe6a92b37', '668f130c-e8bf-41d7-b9a6-239c9e0cf4a1', '2024-12-08 08:11:30.459728+00', '2024-12-08 08:11:30.459728+00', NULL, 'aal1', NULL, NULL, 'Deno/1.45.2 (variant; SupabaseEdgeRuntime/1.65.4)', '18.143.186.0', NULL),
	('61867ec3-3fb3-4062-bce3-e56962af0d40', '668f130c-e8bf-41d7-b9a6-239c9e0cf4a1', '2024-12-08 08:11:58.789696+00', '2024-12-08 08:11:58.789696+00', NULL, 'aal1', NULL, NULL, 'Deno/1.45.2 (variant; SupabaseEdgeRuntime/1.65.4)', '13.251.114.13', NULL),
	('6fe95a48-d38e-42a0-95ad-ebc70bcde4bd', '668f130c-e8bf-41d7-b9a6-239c9e0cf4a1', '2024-12-08 08:12:32.899846+00', '2024-12-08 08:12:32.899846+00', NULL, 'aal1', NULL, NULL, 'Deno/1.45.2 (variant; SupabaseEdgeRuntime/1.65.4)', '47.129.170.158', NULL),
	('5feedda5-ae6e-4b42-8a90-74e80f809d38', '668f130c-e8bf-41d7-b9a6-239c9e0cf4a1', '2024-12-08 08:13:52.037238+00', '2024-12-08 08:13:52.037238+00', NULL, 'aal1', NULL, NULL, 'Deno/1.45.2 (variant; SupabaseEdgeRuntime/1.65.4)', '47.129.187.186', NULL),
	('951cee72-7264-4745-8e65-80e21662cb74', '668f130c-e8bf-41d7-b9a6-239c9e0cf4a1', '2024-12-08 08:14:17.125524+00', '2024-12-08 08:14:17.125524+00', NULL, 'aal1', NULL, NULL, 'Deno/1.45.2 (variant; SupabaseEdgeRuntime/1.65.4)', '18.143.185.48', NULL),
	('f44c35a5-2b8d-485e-8782-d484576936f5', '668f130c-e8bf-41d7-b9a6-239c9e0cf4a1', '2024-12-08 08:15:29.420048+00', '2024-12-08 08:15:29.420048+00', NULL, 'aal1', NULL, NULL, 'Deno/1.45.2 (variant; SupabaseEdgeRuntime/1.65.4)', '13.251.114.13', NULL),
	('857461d2-fc7e-4655-8b4d-c839c61ea9a0', '668f130c-e8bf-41d7-b9a6-239c9e0cf4a1', '2024-12-08 08:16:22.125662+00', '2024-12-08 08:16:22.125662+00', NULL, 'aal1', NULL, NULL, 'Deno/1.45.2 (variant; SupabaseEdgeRuntime/1.65.4)', '13.212.167.144', NULL),
	('6b7eff20-854b-4da3-8a7b-a1b286fc3e1d', 'c69c18c5-8a8b-4136-84e9-9f13303c41c4', '2024-12-08 08:50:09.434517+00', '2024-12-08 08:50:09.434517+00', NULL, 'aal1', NULL, NULL, 'Deno/1.45.2 (variant; SupabaseEdgeRuntime/1.65.4)', '47.129.187.186', NULL),
	('de62e7a0-97c8-4a35-98f6-03812afc0ab8', 'e0302377-4801-411f-a3ca-3e0feb598eac', '2024-12-08 08:51:46.437932+00', '2024-12-08 08:51:46.437932+00', NULL, 'aal1', NULL, NULL, 'Deno/1.45.2 (variant; SupabaseEdgeRuntime/1.65.4)', '13.212.167.144', NULL),
	('0f989765-b73e-4de5-b737-a2af2a5a4fb2', 'e0302377-4801-411f-a3ca-3e0feb598eac', '2024-12-08 08:51:59.915115+00', '2024-12-08 08:51:59.915115+00', NULL, 'aal1', NULL, NULL, 'Deno/1.45.2 (variant; SupabaseEdgeRuntime/1.65.4)', '52.77.217.24', NULL),
	('c046cfcd-7f8c-4e87-9d16-98db1fb37139', 'e0302377-4801-411f-a3ca-3e0feb598eac', '2024-12-08 09:26:16.272511+00', '2024-12-08 09:26:16.272511+00', NULL, 'aal1', NULL, NULL, 'Deno/1.45.2 (variant; SupabaseEdgeRuntime/1.65.4)', '3.0.49.44', NULL),
	('0997f546-8c2a-477e-acde-4f6ece8e7e19', 'e0302377-4801-411f-a3ca-3e0feb598eac', '2024-12-08 09:48:46.761399+00', '2024-12-08 09:48:46.761399+00', NULL, 'aal1', NULL, NULL, 'Deno/1.45.2 (variant; SupabaseEdgeRuntime/1.65.4)', '3.0.49.44', NULL),
	('6d38d799-9e96-4917-aceb-8a0392726f70', 'e0302377-4801-411f-a3ca-3e0feb598eac', '2024-12-08 10:09:08.374941+00', '2024-12-08 10:09:08.374941+00', NULL, 'aal1', NULL, NULL, 'Deno/1.45.2 (variant; SupabaseEdgeRuntime/1.65.4)', '13.212.167.144', NULL),
	('f796f9c6-92d8-4cdb-b2a5-1f3fc2d2c1db', 'e7e01a1c-2e85-4ddf-839c-beb651530d1c', '2024-12-08 10:35:03.925471+00', '2024-12-08 10:35:03.925471+00', NULL, 'aal1', NULL, NULL, 'Deno/1.45.2 (variant; SupabaseEdgeRuntime/1.65.4)', '3.0.49.44', NULL),
	('ed178b13-18f5-4642-bc4a-9b3d7868d1a0', 'e8e86293-d754-4dc5-9fed-568dd150b879', '2024-12-08 10:36:28.909103+00', '2024-12-08 10:36:28.909103+00', NULL, 'aal1', NULL, NULL, 'Deno/1.45.2 (variant; SupabaseEdgeRuntime/1.65.4)', '3.0.49.44', NULL),
	('5b6cde17-5d1b-4d64-b4ed-d9a5e5ab0122', 'e0302377-4801-411f-a3ca-3e0feb598eac', '2024-12-08 11:08:43.120729+00', '2024-12-08 11:08:43.120729+00', NULL, 'aal1', NULL, NULL, 'Deno/1.45.2 (variant; SupabaseEdgeRuntime/1.65.4)', '13.251.114.13', NULL),
	('f2138e59-4507-43a1-9984-d2ce00ac05d8', 'e0302377-4801-411f-a3ca-3e0feb598eac', '2024-12-08 12:29:23.780032+00', '2024-12-08 12:29:23.780032+00', NULL, 'aal1', NULL, NULL, 'Deno/1.45.2 (variant; SupabaseEdgeRuntime/1.65.4)', '18.143.186.0', NULL),
	('2f61d6a5-9418-46a3-9a41-028b07f46c58', 'e0302377-4801-411f-a3ca-3e0feb598eac', '2024-12-08 12:44:26.52148+00', '2024-12-08 12:44:26.52148+00', NULL, 'aal1', NULL, NULL, 'Deno/1.45.2 (variant; SupabaseEdgeRuntime/1.65.4)', '18.143.186.0', NULL);


--
-- Data for Name: mfa_amr_claims; Type: TABLE DATA; Schema: auth; Owner: supabase_auth_admin
--

INSERT INTO "auth"."mfa_amr_claims" ("session_id", "created_at", "updated_at", "authentication_method", "id") VALUES
	('6d0a0245-510f-4ae2-b9a6-1f83ff62fcca', '2024-12-06 03:14:00.143643+00', '2024-12-06 03:14:00.143643+00', 'password', '98653ca5-1c9d-4781-b18e-e6291e3ad26b'),
	('3c5813e0-1fbd-4410-918a-ea5f7f12eedb', '2024-12-06 03:15:08.717155+00', '2024-12-06 03:15:08.717155+00', 'password', 'c8af0ce2-dc2a-48b8-97e9-0d0474763aea'),
	('9a6d6080-60e8-4c1e-8dca-a8eedd730cd2', '2024-12-06 03:17:43.860771+00', '2024-12-06 03:17:43.860771+00', 'password', 'e0085f5e-8579-43f4-8c55-dad75000c4e1'),
	('4c182620-3d77-4785-8a71-f376edcffee1', '2024-12-06 03:18:56.076518+00', '2024-12-06 03:18:56.076518+00', 'password', '8a1cd797-75f3-43a8-84ff-5b74206f3238'),
	('fa65ff04-3fd3-439f-b354-00e7d0e29ae4', '2024-12-06 05:42:52.339422+00', '2024-12-06 05:42:52.339422+00', 'password', '593af6ca-7311-4f89-b005-8dca7b4bf203'),
	('82c5c99d-df11-4414-8de2-7ddf4ffac725', '2024-12-06 05:43:22.833431+00', '2024-12-06 05:43:22.833431+00', 'password', '4035ee8b-e263-4222-8f74-44f5f6bd8fe0'),
	('24c2306f-2df5-4ae2-8f63-29fa91b06944', '2024-12-06 07:47:13.891952+00', '2024-12-06 07:47:13.891952+00', 'password', '7a98cbe4-c285-43a9-b5cf-5e6d8eba5907'),
	('2845c45d-8da2-432c-a118-d3e37bd7b256', '2024-12-06 07:47:35.137409+00', '2024-12-06 07:47:35.137409+00', 'password', 'fd052aad-7143-4162-8312-d3948bf284b3'),
	('173c7f5a-745f-4f29-9017-921aba46078e', '2024-12-06 09:22:40.118272+00', '2024-12-06 09:22:40.118272+00', 'password', 'ff5c0412-caed-4849-a9eb-a9b02a4da5c3'),
	('4cb1b289-bc07-4eb4-9b00-703d4a484229', '2024-12-06 09:23:22.149313+00', '2024-12-06 09:23:22.149313+00', 'password', 'ed26579d-c556-436e-84a5-857f15f95958'),
	('36b28bec-e721-4a22-9d7b-d976b4be9afc', '2024-12-06 12:06:49.09554+00', '2024-12-06 12:06:49.09554+00', 'password', '50734c4e-6520-4b83-8e65-bb253315eec5'),
	('7500e014-77e9-4a1e-9d89-2cc1c8b0a668', '2024-12-06 13:01:16.577562+00', '2024-12-06 13:01:16.577562+00', 'password', 'b98a3dfd-8825-4ca0-baf3-80cdfe829a9a'),
	('6301362b-7efb-4779-8356-480b1bdebacd', '2024-12-06 13:35:46.476299+00', '2024-12-06 13:35:46.476299+00', 'password', '73ceb5a7-7411-4aec-bf31-c4f0559db211'),
	('7531033f-7c6e-4272-808c-7fcba85517c5', '2024-12-07 01:27:51.284992+00', '2024-12-07 01:27:51.284992+00', 'password', 'f449b17d-115f-47b0-ad8b-4d073c0343b2'),
	('28245ea4-f89c-4e62-86cb-9c74083eb00b', '2024-12-07 03:27:27.697515+00', '2024-12-07 03:27:27.697515+00', 'password', 'e4433c69-363b-470f-b5f1-7272c675a2a7'),
	('aaa0a761-2685-4e89-b127-204386ef44eb', '2024-12-07 03:29:41.704815+00', '2024-12-07 03:29:41.704815+00', 'password', '54a90651-19d8-4a6e-81d2-b19bfc52fcc8'),
	('d76bcd91-204a-4b53-abca-72ec7d03d457', '2024-12-07 03:46:15.867844+00', '2024-12-07 03:46:15.867844+00', 'password', '24fff49c-77b0-4b98-ae8c-a979ffedf4ea'),
	('3a907947-c109-4af1-aab7-8c8bd0d62995', '2024-12-07 04:03:24.476106+00', '2024-12-07 04:03:24.476106+00', 'password', '9cec0bea-69c2-405b-aead-8054d6e6ef99'),
	('19c54121-5bb5-44a8-bcfd-f000669f9fc2', '2024-12-07 06:05:04.489509+00', '2024-12-07 06:05:04.489509+00', 'password', 'f6d72469-8a6c-44d1-93e1-bf5c62f284eb'),
	('5b2792b1-d603-4645-98b5-abbc8763d26b', '2024-12-07 06:08:05.300023+00', '2024-12-07 06:08:05.300023+00', 'password', '2a40afe1-b70d-42bc-97cb-098d49aedc05'),
	('624143d9-b602-44ea-8491-7976e1d7ebd8', '2024-12-07 06:09:26.255915+00', '2024-12-07 06:09:26.255915+00', 'password', '9a38cd44-2e83-46f0-8e2e-c75006d5d41c'),
	('31f99704-25b4-4f00-85f8-ce37572c65cf', '2024-12-07 08:20:03.813184+00', '2024-12-07 08:20:03.813184+00', 'password', '17acc49f-170d-4798-a685-74f28bbd0ed3'),
	('e2fea640-6dd2-46bf-9f75-b1a2d1b57e58', '2024-12-07 09:18:17.022887+00', '2024-12-07 09:18:17.022887+00', 'password', '161ac92a-9826-4a26-835a-3efe62363973'),
	('c909ab9d-5543-4a0b-8127-82c5ee5aa13e', '2024-12-07 09:26:26.189331+00', '2024-12-07 09:26:26.189331+00', 'password', 'be9442fc-d1f2-427c-a4f1-b341835cbf36'),
	('60cc2825-1794-49f2-99e4-7e853e63eb87', '2024-12-07 10:26:46.208447+00', '2024-12-07 10:26:46.208447+00', 'password', 'bb189762-805a-4574-9204-2390282679c6'),
	('df741288-e6f9-45c7-9850-ea1f911b24c6', '2024-12-07 10:29:36.563127+00', '2024-12-07 10:29:36.563127+00', 'password', '656011ff-948f-4c1e-bbcb-6a0233b2974e'),
	('429ee98f-9e70-4c53-9fad-f019dc1df1e3', '2024-12-07 11:46:24.258832+00', '2024-12-07 11:46:24.258832+00', 'password', '94b62d8f-b677-4d55-818c-145b578c88c3'),
	('6666d3dc-807b-403b-b146-d6b38cddd98d', '2024-12-07 12:02:56.019394+00', '2024-12-07 12:02:56.019394+00', 'password', 'c1633efa-cf0a-4ec9-9707-9c9dbde39a40'),
	('e2d993fa-bb5e-4276-95fa-2db9660a89ff', '2024-12-07 13:14:03.444624+00', '2024-12-07 13:14:03.444624+00', 'password', 'cabac69b-5c5a-4149-b192-2bf0bbefc888'),
	('85ecac51-527b-4c86-a4c8-197324488771', '2024-12-08 02:30:12.399581+00', '2024-12-08 02:30:12.399581+00', 'password', '7f73d233-30d8-461b-bf62-f2d0659523ce'),
	('901a707e-ca79-4f11-939d-f495f184f01d', '2024-12-08 04:04:21.586541+00', '2024-12-08 04:04:21.586541+00', 'password', '584215c0-a8e4-47cb-8ed8-e0d844d8f71f'),
	('73d3547e-23b5-4faf-830d-8973d5b1206b', '2024-12-08 04:29:37.858458+00', '2024-12-08 04:29:37.858458+00', 'password', '7268aca6-aba1-46e6-9166-d619ab6d6a20'),
	('885246b2-0233-4a73-94b2-4e5d2ae06fda', '2024-12-08 05:07:36.632178+00', '2024-12-08 05:07:36.632178+00', 'password', 'fe6a39e2-38ed-466f-aaac-b3d9fbcfd8f4'),
	('95889d93-999e-4f05-bc3d-e1de452c7a01', '2024-12-08 05:08:33.813197+00', '2024-12-08 05:08:33.813197+00', 'password', '8c275caf-6e12-4e5b-b6cf-074a5508baac'),
	('367518db-4cd5-48e7-a3cc-a662ed712c21', '2024-12-08 06:17:05.449247+00', '2024-12-08 06:17:05.449247+00', 'password', '9545796a-aea9-4bdc-ae57-b0883da482e0'),
	('d16edac6-96b2-4927-b8a4-10900c532505', '2024-12-08 06:17:21.04036+00', '2024-12-08 06:17:21.04036+00', 'password', 'e9a27b56-521e-4ca2-a159-92a05c2558d8'),
	('d4f1f6d9-db57-44ef-8f48-259ca32933dd', '2024-12-08 06:19:42.212311+00', '2024-12-08 06:19:42.212311+00', 'password', '8b09718d-f3cd-4db1-80ee-097438de0970'),
	('8c39bdec-1327-4ab4-aa2c-98811bd37202', '2024-12-08 06:51:34.626124+00', '2024-12-08 06:51:34.626124+00', 'password', 'f7609bea-8c2e-4290-a202-c0aa82a470a2'),
	('39fbb42e-b969-4970-89ee-38598e1c32e1', '2024-12-08 06:52:55.677426+00', '2024-12-08 06:52:55.677426+00', 'password', '101de1a5-76d4-484f-aed8-331b3be81a55'),
	('f9952799-05f7-4e6c-a132-76d2beaf988e', '2024-12-08 06:57:35.286802+00', '2024-12-08 06:57:35.286802+00', 'password', '297fe05c-5ca5-4f1e-90f4-05e7f463383c'),
	('1b854fef-cbf6-4c2d-9c4b-133abc357adb', '2024-12-08 06:59:14.426902+00', '2024-12-08 06:59:14.426902+00', 'password', '3adc8946-b757-449c-8040-7d402ae13be4'),
	('0c6acb4c-c900-4b5d-805b-7ae7ef5ade01', '2024-12-08 07:11:44.60265+00', '2024-12-08 07:11:44.60265+00', 'password', 'af9b09aa-a79a-45c5-95d4-044ac31f8fc1'),
	('36f40551-0ef4-43e6-93c3-82b6ea84ce88', '2024-12-08 08:11:05.125835+00', '2024-12-08 08:11:05.125835+00', 'password', 'acea47df-b5a7-4c3d-bc5d-e8c92bcfca0c'),
	('cda9a6cc-9ede-44bf-9f8f-928fe6a92b37', '2024-12-08 08:11:30.462614+00', '2024-12-08 08:11:30.462614+00', 'password', '80cfd552-2c05-4287-aa06-bb23e22c3711'),
	('61867ec3-3fb3-4062-bce3-e56962af0d40', '2024-12-08 08:11:58.791748+00', '2024-12-08 08:11:58.791748+00', 'password', 'efd418ec-bcd3-455b-b992-169bcc42438d'),
	('6fe95a48-d38e-42a0-95ad-ebc70bcde4bd', '2024-12-08 08:12:32.902477+00', '2024-12-08 08:12:32.902477+00', 'password', 'bbbde7be-f85b-41b4-87ee-4aca2f306e7f'),
	('5feedda5-ae6e-4b42-8a90-74e80f809d38', '2024-12-08 08:13:52.044158+00', '2024-12-08 08:13:52.044158+00', 'password', 'd15dc10b-7381-437e-a2ba-0954e3a24a81'),
	('951cee72-7264-4745-8e65-80e21662cb74', '2024-12-08 08:14:17.129238+00', '2024-12-08 08:14:17.129238+00', 'password', '8a4d12d9-c701-4ac2-8ba8-9dbf80c20a99'),
	('f44c35a5-2b8d-485e-8782-d484576936f5', '2024-12-08 08:15:29.423068+00', '2024-12-08 08:15:29.423068+00', 'password', '3844e585-8710-434d-be5d-0121ff2edb98'),
	('857461d2-fc7e-4655-8b4d-c839c61ea9a0', '2024-12-08 08:16:22.12767+00', '2024-12-08 08:16:22.12767+00', 'password', 'e0f852aa-56a5-456e-b971-22305f12a251'),
	('6b7eff20-854b-4da3-8a7b-a1b286fc3e1d', '2024-12-08 08:50:09.441147+00', '2024-12-08 08:50:09.441147+00', 'password', '64b9ab0a-7a7f-4136-a39c-626fd4dfc184'),
	('de62e7a0-97c8-4a35-98f6-03812afc0ab8', '2024-12-08 08:51:46.439789+00', '2024-12-08 08:51:46.439789+00', 'password', 'eadd5fb9-5aab-4b30-8686-84f760f8d9d9'),
	('0f989765-b73e-4de5-b737-a2af2a5a4fb2', '2024-12-08 08:51:59.917009+00', '2024-12-08 08:51:59.917009+00', 'password', 'dcfd1cd7-c46e-4a86-9c75-365359b37a69'),
	('c046cfcd-7f8c-4e87-9d16-98db1fb37139', '2024-12-08 09:26:16.282867+00', '2024-12-08 09:26:16.282867+00', 'password', '7182a65c-e448-41d9-b2f7-876791ca4e08'),
	('0997f546-8c2a-477e-acde-4f6ece8e7e19', '2024-12-08 09:48:46.7684+00', '2024-12-08 09:48:46.7684+00', 'password', 'fdce03e0-024a-4bc5-b914-3b8d742b9d06'),
	('6d38d799-9e96-4917-aceb-8a0392726f70', '2024-12-08 10:09:08.379806+00', '2024-12-08 10:09:08.379806+00', 'password', '60b72a7b-74a2-4d40-9d6e-c8c2cc7cdfde'),
	('f796f9c6-92d8-4cdb-b2a5-1f3fc2d2c1db', '2024-12-08 10:35:03.93317+00', '2024-12-08 10:35:03.93317+00', 'password', 'c2a0d4d3-6547-41bf-820a-fbcbc1c25218'),
	('ed178b13-18f5-4642-bc4a-9b3d7868d1a0', '2024-12-08 10:36:28.910905+00', '2024-12-08 10:36:28.910905+00', 'password', '22e6f708-6c70-4771-bc7a-5b4936a2ce87'),
	('5b6cde17-5d1b-4d64-b4ed-d9a5e5ab0122', '2024-12-08 11:08:43.143176+00', '2024-12-08 11:08:43.143176+00', 'password', 'ec08ae71-06d0-484a-9621-4dbc8b038251'),
	('f2138e59-4507-43a1-9984-d2ce00ac05d8', '2024-12-08 12:29:23.79357+00', '2024-12-08 12:29:23.79357+00', 'password', '49e050e9-8420-4fcc-821d-924a3024f631'),
	('2f61d6a5-9418-46a3-9a41-028b07f46c58', '2024-12-08 12:44:26.529645+00', '2024-12-08 12:44:26.529645+00', 'password', '67ffcd08-1124-42f5-9440-30aec3552efe');


--
-- Data for Name: mfa_factors; Type: TABLE DATA; Schema: auth; Owner: supabase_auth_admin
--



--
-- Data for Name: mfa_challenges; Type: TABLE DATA; Schema: auth; Owner: supabase_auth_admin
--



--
-- Data for Name: one_time_tokens; Type: TABLE DATA; Schema: auth; Owner: supabase_auth_admin
--



--
-- Data for Name: refresh_tokens; Type: TABLE DATA; Schema: auth; Owner: supabase_auth_admin
--

INSERT INTO "auth"."refresh_tokens" ("instance_id", "id", "token", "user_id", "revoked", "created_at", "updated_at", "parent", "session_id") VALUES
	('00000000-0000-0000-0000-000000000000', 1, 'HZjTRR4aINZ6zcFTOqbcvw', '3ffd668d-8871-47ff-aefa-2b55afad5f26', false, '2024-12-06 03:14:00.132377+00', '2024-12-06 03:14:00.132377+00', NULL, '6d0a0245-510f-4ae2-b9a6-1f83ff62fcca'),
	('00000000-0000-0000-0000-000000000000', 2, 'D3kUeNFO-b0BhLszy9P6pw', '3ffd668d-8871-47ff-aefa-2b55afad5f26', false, '2024-12-06 03:15:08.714891+00', '2024-12-06 03:15:08.714891+00', NULL, '3c5813e0-1fbd-4410-918a-ea5f7f12eedb'),
	('00000000-0000-0000-0000-000000000000', 3, 'TcdPmgtF1Tl3p7uaBtEfWA', '668f130c-e8bf-41d7-b9a6-239c9e0cf4a1', false, '2024-12-06 03:17:43.856803+00', '2024-12-06 03:17:43.856803+00', NULL, '9a6d6080-60e8-4c1e-8dca-a8eedd730cd2'),
	('00000000-0000-0000-0000-000000000000', 4, 'qSnYOBFR1ky00t146WT8XA', '3ffd668d-8871-47ff-aefa-2b55afad5f26', false, '2024-12-06 03:18:56.07235+00', '2024-12-06 03:18:56.07235+00', NULL, '4c182620-3d77-4785-8a71-f376edcffee1'),
	('00000000-0000-0000-0000-000000000000', 6, 'dEyV2luDMLZUEjZY9lyiLw', '6ca30b44-a094-4919-81a1-c17d4310a637', false, '2024-12-06 05:42:52.336829+00', '2024-12-06 05:42:52.336829+00', NULL, 'fa65ff04-3fd3-439f-b354-00e7d0e29ae4'),
	('00000000-0000-0000-0000-000000000000', 7, 'UrSoIqR4Bp4ZM9u_EQrDfg', '6ca30b44-a094-4919-81a1-c17d4310a637', false, '2024-12-06 05:43:22.832258+00', '2024-12-06 05:43:22.832258+00', NULL, '82c5c99d-df11-4414-8de2-7ddf4ffac725'),
	('00000000-0000-0000-0000-000000000000', 8, 'xT5OF3VUy7UGC1JkGOchZQ', '6ca30b44-a094-4919-81a1-c17d4310a637', false, '2024-12-06 07:47:13.8822+00', '2024-12-06 07:47:13.8822+00', NULL, '24c2306f-2df5-4ae2-8f63-29fa91b06944'),
	('00000000-0000-0000-0000-000000000000', 9, 'Ul39j95vc4leuANSKS2U8Q', '6ca30b44-a094-4919-81a1-c17d4310a637', false, '2024-12-06 07:47:35.134967+00', '2024-12-06 07:47:35.134967+00', NULL, '2845c45d-8da2-432c-a118-d3e37bd7b256'),
	('00000000-0000-0000-0000-000000000000', 10, 'JSjX-ad6wT6kkREUDKLweA', '3ffd668d-8871-47ff-aefa-2b55afad5f26', false, '2024-12-06 09:22:40.109362+00', '2024-12-06 09:22:40.109362+00', NULL, '173c7f5a-745f-4f29-9017-921aba46078e'),
	('00000000-0000-0000-0000-000000000000', 11, 'uyaIyz21TkohqvloVfzxXQ', '3ffd668d-8871-47ff-aefa-2b55afad5f26', false, '2024-12-06 09:23:22.14697+00', '2024-12-06 09:23:22.14697+00', NULL, '4cb1b289-bc07-4eb4-9b00-703d4a484229'),
	('00000000-0000-0000-0000-000000000000', 12, '-2GN94OuifqRh3AWuAoI9w', '3ffd668d-8871-47ff-aefa-2b55afad5f26', false, '2024-12-06 12:06:49.089307+00', '2024-12-06 12:06:49.089307+00', NULL, '36b28bec-e721-4a22-9d7b-d976b4be9afc'),
	('00000000-0000-0000-0000-000000000000', 13, 'Se4zrVAYisUqOmxQiVLLhg', '3ffd668d-8871-47ff-aefa-2b55afad5f26', false, '2024-12-06 13:01:16.572418+00', '2024-12-06 13:01:16.572418+00', NULL, '7500e014-77e9-4a1e-9d89-2cc1c8b0a668'),
	('00000000-0000-0000-0000-000000000000', 14, 'VkMJY-C2sDVIiWtX7n4nDw', '3ffd668d-8871-47ff-aefa-2b55afad5f26', false, '2024-12-06 13:35:46.467578+00', '2024-12-06 13:35:46.467578+00', NULL, '6301362b-7efb-4779-8356-480b1bdebacd'),
	('00000000-0000-0000-0000-000000000000', 15, '2BueyQKgaHh-wvYz3e93gA', '3ffd668d-8871-47ff-aefa-2b55afad5f26', false, '2024-12-07 01:27:51.267291+00', '2024-12-07 01:27:51.267291+00', NULL, '7531033f-7c6e-4272-808c-7fcba85517c5'),
	('00000000-0000-0000-0000-000000000000', 16, 'Z4kFomP7PhkZryN_T-3cXQ', '3ffd668d-8871-47ff-aefa-2b55afad5f26', false, '2024-12-07 03:27:27.685723+00', '2024-12-07 03:27:27.685723+00', NULL, '28245ea4-f89c-4e62-86cb-9c74083eb00b'),
	('00000000-0000-0000-0000-000000000000', 17, 'FQLOciMtsBMKv9KhG9u9fg', '668f130c-e8bf-41d7-b9a6-239c9e0cf4a1', false, '2024-12-07 03:29:41.700503+00', '2024-12-07 03:29:41.700503+00', NULL, 'aaa0a761-2685-4e89-b127-204386ef44eb'),
	('00000000-0000-0000-0000-000000000000', 18, '5IRxWqDSEMbtl21EeuPxeA', '668f130c-e8bf-41d7-b9a6-239c9e0cf4a1', false, '2024-12-07 03:46:15.8652+00', '2024-12-07 03:46:15.8652+00', NULL, 'd76bcd91-204a-4b53-abca-72ec7d03d457'),
	('00000000-0000-0000-0000-000000000000', 19, 'kk-zBMLJhIeIvS60yR-DrQ', '3ffd668d-8871-47ff-aefa-2b55afad5f26', false, '2024-12-07 04:03:24.474219+00', '2024-12-07 04:03:24.474219+00', NULL, '3a907947-c109-4af1-aab7-8c8bd0d62995'),
	('00000000-0000-0000-0000-000000000000', 20, 'R3LTHrQwaESUXomE-Xcm6A', '3ffd668d-8871-47ff-aefa-2b55afad5f26', false, '2024-12-07 06:05:04.479065+00', '2024-12-07 06:05:04.479065+00', NULL, '19c54121-5bb5-44a8-bcfd-f000669f9fc2'),
	('00000000-0000-0000-0000-000000000000', 21, 'V4fDGr8GGrBfcr1krBy7sA', '3ffd668d-8871-47ff-aefa-2b55afad5f26', false, '2024-12-07 06:08:05.295656+00', '2024-12-07 06:08:05.295656+00', NULL, '5b2792b1-d603-4645-98b5-abbc8763d26b'),
	('00000000-0000-0000-0000-000000000000', 22, 'fsq35Jt4BQdYlu6Eajlgcg', '3ffd668d-8871-47ff-aefa-2b55afad5f26', false, '2024-12-07 06:09:26.252685+00', '2024-12-07 06:09:26.252685+00', NULL, '624143d9-b602-44ea-8491-7976e1d7ebd8'),
	('00000000-0000-0000-0000-000000000000', 23, 'Nu3rUUfYjJu-vKdeGy_Jug', '3ffd668d-8871-47ff-aefa-2b55afad5f26', false, '2024-12-07 08:20:03.804866+00', '2024-12-07 08:20:03.804866+00', NULL, '31f99704-25b4-4f00-85f8-ce37572c65cf'),
	('00000000-0000-0000-0000-000000000000', 24, 'yADMj7kfr-huYQ7hZ6MIRg', '3ffd668d-8871-47ff-aefa-2b55afad5f26', false, '2024-12-07 09:18:17.019115+00', '2024-12-07 09:18:17.019115+00', NULL, 'e2fea640-6dd2-46bf-9f75-b1a2d1b57e58'),
	('00000000-0000-0000-0000-000000000000', 25, '1xBOEyMKcqRLjp30EWAoUg', '3ffd668d-8871-47ff-aefa-2b55afad5f26', false, '2024-12-07 09:26:26.184529+00', '2024-12-07 09:26:26.184529+00', NULL, 'c909ab9d-5543-4a0b-8127-82c5ee5aa13e'),
	('00000000-0000-0000-0000-000000000000', 26, 'qRHEbmmgbvV6qxbQ-ktYFQ', '3ffd668d-8871-47ff-aefa-2b55afad5f26', false, '2024-12-07 10:26:46.204538+00', '2024-12-07 10:26:46.204538+00', NULL, '60cc2825-1794-49f2-99e4-7e853e63eb87'),
	('00000000-0000-0000-0000-000000000000', 27, 'AVo-beQIeOwBfO6tXvn9EQ', '3ffd668d-8871-47ff-aefa-2b55afad5f26', false, '2024-12-07 10:29:36.559346+00', '2024-12-07 10:29:36.559346+00', NULL, 'df741288-e6f9-45c7-9850-ea1f911b24c6'),
	('00000000-0000-0000-0000-000000000000', 28, 'uw_fHtxqPJGQkzhLnTHGEw', '3ffd668d-8871-47ff-aefa-2b55afad5f26', false, '2024-12-07 11:46:24.253025+00', '2024-12-07 11:46:24.253025+00', NULL, '429ee98f-9e70-4c53-9fad-f019dc1df1e3'),
	('00000000-0000-0000-0000-000000000000', 29, 'amBYQTkn4bcAeuMyTI4bZQ', '3ffd668d-8871-47ff-aefa-2b55afad5f26', false, '2024-12-07 12:02:56.01439+00', '2024-12-07 12:02:56.01439+00', NULL, '6666d3dc-807b-403b-b146-d6b38cddd98d'),
	('00000000-0000-0000-0000-000000000000', 30, '4uJxYoM-w2SIAblSPkNunA', '3ffd668d-8871-47ff-aefa-2b55afad5f26', false, '2024-12-07 13:14:03.436724+00', '2024-12-07 13:14:03.436724+00', NULL, 'e2d993fa-bb5e-4276-95fa-2db9660a89ff'),
	('00000000-0000-0000-0000-000000000000', 31, 'LX-v-zeHjSGGqLwNM4s9JA', '3ffd668d-8871-47ff-aefa-2b55afad5f26', false, '2024-12-08 02:30:12.389003+00', '2024-12-08 02:30:12.389003+00', NULL, '85ecac51-527b-4c86-a4c8-197324488771'),
	('00000000-0000-0000-0000-000000000000', 32, 'OxDON8OwbMR1r38VB3sfpQ', '3ffd668d-8871-47ff-aefa-2b55afad5f26', false, '2024-12-08 04:04:21.580866+00', '2024-12-08 04:04:21.580866+00', NULL, '901a707e-ca79-4f11-939d-f495f184f01d'),
	('00000000-0000-0000-0000-000000000000', 33, 'eU-p14GmWPfa6OgJP4yxqg', '3ffd668d-8871-47ff-aefa-2b55afad5f26', false, '2024-12-08 04:29:37.853383+00', '2024-12-08 04:29:37.853383+00', NULL, '73d3547e-23b5-4faf-830d-8973d5b1206b'),
	('00000000-0000-0000-0000-000000000000', 34, 'uZc7l01iNJgdF1fwJUWufQ', '3ffd668d-8871-47ff-aefa-2b55afad5f26', false, '2024-12-08 05:07:36.627321+00', '2024-12-08 05:07:36.627321+00', NULL, '885246b2-0233-4a73-94b2-4e5d2ae06fda'),
	('00000000-0000-0000-0000-000000000000', 35, 'Wv4XwSMCJJMhZIsAEUzeBg', '3ffd668d-8871-47ff-aefa-2b55afad5f26', false, '2024-12-08 05:08:33.808367+00', '2024-12-08 05:08:33.808367+00', NULL, '95889d93-999e-4f05-bc3d-e1de452c7a01'),
	('00000000-0000-0000-0000-000000000000', 36, 'RQWkTc7HRFLXdppO_zv_DA', '3ffd668d-8871-47ff-aefa-2b55afad5f26', false, '2024-12-08 06:17:05.427393+00', '2024-12-08 06:17:05.427393+00', NULL, '367518db-4cd5-48e7-a3cc-a662ed712c21'),
	('00000000-0000-0000-0000-000000000000', 37, 'w2EEipIwG-WUvwNXWMlsPg', '3ffd668d-8871-47ff-aefa-2b55afad5f26', false, '2024-12-08 06:17:21.039072+00', '2024-12-08 06:17:21.039072+00', NULL, 'd16edac6-96b2-4927-b8a4-10900c532505'),
	('00000000-0000-0000-0000-000000000000', 38, 'k4HipjLmipms8q4j5-Fgxg', '3ffd668d-8871-47ff-aefa-2b55afad5f26', false, '2024-12-08 06:19:42.2042+00', '2024-12-08 06:19:42.2042+00', NULL, 'd4f1f6d9-db57-44ef-8f48-259ca32933dd'),
	('00000000-0000-0000-0000-000000000000', 39, '2qebhLcdHen_zRyIgRznow', '668f130c-e8bf-41d7-b9a6-239c9e0cf4a1', false, '2024-12-08 06:51:34.622362+00', '2024-12-08 06:51:34.622362+00', NULL, '8c39bdec-1327-4ab4-aa2c-98811bd37202'),
	('00000000-0000-0000-0000-000000000000', 40, 'ESIIB24UaXVrysiiStV6DQ', '3ffd668d-8871-47ff-aefa-2b55afad5f26', false, '2024-12-08 06:52:55.676139+00', '2024-12-08 06:52:55.676139+00', NULL, '39fbb42e-b969-4970-89ee-38598e1c32e1'),
	('00000000-0000-0000-0000-000000000000', 41, 'ERg26oAP482TEI9wKVguIQ', '3ffd668d-8871-47ff-aefa-2b55afad5f26', false, '2024-12-08 06:57:35.28246+00', '2024-12-08 06:57:35.28246+00', NULL, 'f9952799-05f7-4e6c-a132-76d2beaf988e'),
	('00000000-0000-0000-0000-000000000000', 42, 'GuiUiWHT6sjglniceThQUg', '3ffd668d-8871-47ff-aefa-2b55afad5f26', false, '2024-12-08 06:59:14.422626+00', '2024-12-08 06:59:14.422626+00', NULL, '1b854fef-cbf6-4c2d-9c4b-133abc357adb'),
	('00000000-0000-0000-0000-000000000000', 43, 'UNjpy-sx9TdF0HSVu2p4zA', '3ffd668d-8871-47ff-aefa-2b55afad5f26', false, '2024-12-08 07:11:44.597675+00', '2024-12-08 07:11:44.597675+00', NULL, '0c6acb4c-c900-4b5d-805b-7ae7ef5ade01'),
	('00000000-0000-0000-0000-000000000000', 44, 'VFiegB3L_9oBXbDW0xN3ng', '668f130c-e8bf-41d7-b9a6-239c9e0cf4a1', false, '2024-12-08 08:11:05.120079+00', '2024-12-08 08:11:05.120079+00', NULL, '36f40551-0ef4-43e6-93c3-82b6ea84ce88'),
	('00000000-0000-0000-0000-000000000000', 45, 'GnQFfViAto9ymEgiwpsd8w', '668f130c-e8bf-41d7-b9a6-239c9e0cf4a1', false, '2024-12-08 08:11:30.460424+00', '2024-12-08 08:11:30.460424+00', NULL, 'cda9a6cc-9ede-44bf-9f8f-928fe6a92b37'),
	('00000000-0000-0000-0000-000000000000', 46, 'ETPL6G8iL6IkplXo8UlihQ', '668f130c-e8bf-41d7-b9a6-239c9e0cf4a1', false, '2024-12-08 08:11:58.790451+00', '2024-12-08 08:11:58.790451+00', NULL, '61867ec3-3fb3-4062-bce3-e56962af0d40'),
	('00000000-0000-0000-0000-000000000000', 47, 'xDreCpKum8jNdbDQ0Hdv2g', '668f130c-e8bf-41d7-b9a6-239c9e0cf4a1', false, '2024-12-08 08:12:32.900561+00', '2024-12-08 08:12:32.900561+00', NULL, '6fe95a48-d38e-42a0-95ad-ebc70bcde4bd'),
	('00000000-0000-0000-0000-000000000000', 48, '6eBrnJ_VcHWD5NUicZNavg', '668f130c-e8bf-41d7-b9a6-239c9e0cf4a1', false, '2024-12-08 08:13:52.040222+00', '2024-12-08 08:13:52.040222+00', NULL, '5feedda5-ae6e-4b42-8a90-74e80f809d38'),
	('00000000-0000-0000-0000-000000000000', 49, 'Dz7slhlU0aMjSP1AW16e_Q', '668f130c-e8bf-41d7-b9a6-239c9e0cf4a1', false, '2024-12-08 08:14:17.126825+00', '2024-12-08 08:14:17.126825+00', NULL, '951cee72-7264-4745-8e65-80e21662cb74'),
	('00000000-0000-0000-0000-000000000000', 50, 'bufqJWYE8vRb8ZLePvn5LA', '668f130c-e8bf-41d7-b9a6-239c9e0cf4a1', false, '2024-12-08 08:15:29.421184+00', '2024-12-08 08:15:29.421184+00', NULL, 'f44c35a5-2b8d-485e-8782-d484576936f5'),
	('00000000-0000-0000-0000-000000000000', 51, 'U30EHubY9zBXmkmpc7XccQ', '668f130c-e8bf-41d7-b9a6-239c9e0cf4a1', false, '2024-12-08 08:16:22.126439+00', '2024-12-08 08:16:22.126439+00', NULL, '857461d2-fc7e-4655-8b4d-c839c61ea9a0'),
	('00000000-0000-0000-0000-000000000000', 52, '1MnnQe-s2kLfGp6J4Km1Qw', 'c69c18c5-8a8b-4136-84e9-9f13303c41c4', false, '2024-12-08 08:50:09.436302+00', '2024-12-08 08:50:09.436302+00', NULL, '6b7eff20-854b-4da3-8a7b-a1b286fc3e1d'),
	('00000000-0000-0000-0000-000000000000', 53, '99kTgly_m7l5HoHkmRuwJQ', 'e0302377-4801-411f-a3ca-3e0feb598eac', false, '2024-12-08 08:51:46.438639+00', '2024-12-08 08:51:46.438639+00', NULL, 'de62e7a0-97c8-4a35-98f6-03812afc0ab8'),
	('00000000-0000-0000-0000-000000000000', 54, 'AKp2ZktfBS-iU9bBKBTWvg', 'e0302377-4801-411f-a3ca-3e0feb598eac', false, '2024-12-08 08:51:59.915839+00', '2024-12-08 08:51:59.915839+00', NULL, '0f989765-b73e-4de5-b737-a2af2a5a4fb2'),
	('00000000-0000-0000-0000-000000000000', 55, '_lfWzzK_0LG-71FEC-jIXQ', 'e0302377-4801-411f-a3ca-3e0feb598eac', false, '2024-12-08 09:26:16.275782+00', '2024-12-08 09:26:16.275782+00', NULL, 'c046cfcd-7f8c-4e87-9d16-98db1fb37139'),
	('00000000-0000-0000-0000-000000000000', 56, 'EEC_3c5cBQbqMGb_QPyLfg', 'e0302377-4801-411f-a3ca-3e0feb598eac', false, '2024-12-08 09:48:46.764676+00', '2024-12-08 09:48:46.764676+00', NULL, '0997f546-8c2a-477e-acde-4f6ece8e7e19'),
	('00000000-0000-0000-0000-000000000000', 57, 'aY8G0gItcHyVxtiCG2Nfhw', 'e0302377-4801-411f-a3ca-3e0feb598eac', false, '2024-12-08 10:09:08.376335+00', '2024-12-08 10:09:08.376335+00', NULL, '6d38d799-9e96-4917-aceb-8a0392726f70'),
	('00000000-0000-0000-0000-000000000000', 58, 'mrVQav5EWmWMg0BL9NjNfA', 'e7e01a1c-2e85-4ddf-839c-beb651530d1c', false, '2024-12-08 10:35:03.92878+00', '2024-12-08 10:35:03.92878+00', NULL, 'f796f9c6-92d8-4cdb-b2a5-1f3fc2d2c1db'),
	('00000000-0000-0000-0000-000000000000', 59, 'QnrMyxgFyqWTv-Hrz7hJAQ', 'e8e86293-d754-4dc5-9fed-568dd150b879', false, '2024-12-08 10:36:28.909748+00', '2024-12-08 10:36:28.909748+00', NULL, 'ed178b13-18f5-4642-bc4a-9b3d7868d1a0'),
	('00000000-0000-0000-0000-000000000000', 60, 'LrDFyNPKSg72lgTU2ctQ7Q', 'e0302377-4801-411f-a3ca-3e0feb598eac', false, '2024-12-08 11:08:43.128141+00', '2024-12-08 11:08:43.128141+00', NULL, '5b6cde17-5d1b-4d64-b4ed-d9a5e5ab0122'),
	('00000000-0000-0000-0000-000000000000', 61, '7-aWCD7lzJYW_fUsvhGfUQ', 'e0302377-4801-411f-a3ca-3e0feb598eac', false, '2024-12-08 12:29:23.783802+00', '2024-12-08 12:29:23.783802+00', NULL, 'f2138e59-4507-43a1-9984-d2ce00ac05d8'),
	('00000000-0000-0000-0000-000000000000', 62, '2-7oLERxRp93jdSKBaPm8Q', 'e0302377-4801-411f-a3ca-3e0feb598eac', false, '2024-12-08 12:44:26.52394+00', '2024-12-08 12:44:26.52394+00', NULL, '2f61d6a5-9418-46a3-9a41-028b07f46c58');


--
-- Data for Name: sso_providers; Type: TABLE DATA; Schema: auth; Owner: supabase_auth_admin
--



--
-- Data for Name: saml_providers; Type: TABLE DATA; Schema: auth; Owner: supabase_auth_admin
--



--
-- Data for Name: saml_relay_states; Type: TABLE DATA; Schema: auth; Owner: supabase_auth_admin
--



--
-- Data for Name: sso_domains; Type: TABLE DATA; Schema: auth; Owner: supabase_auth_admin
--



--
-- Data for Name: key; Type: TABLE DATA; Schema: pgsodium; Owner: supabase_admin
--



--
-- Data for Name: spatial_ref_sys; Type: TABLE DATA; Schema: postgis; Owner: supabase_admin
--



--
-- Data for Name: address; Type: TABLE DATA; Schema: public; Owner: postgres
--

INSERT INTO "public"."address" ("address_id", "street_number", "street", "district", "city", "location", "created_at", "ward", "latitude", "longitude") VALUES
	('7d2b84d4-7ed9-48c4-afdf-9cfc0cf364f1', NULL, NULL, NULL, NULL, NULL, '2024-12-06 03:14:00.928003', NULL, NULL, NULL),
	('52d84b5c-dd21-4ee1-9aef-fb0419540657', NULL, NULL, NULL, NULL, NULL, '2024-12-06 03:17:44.396091', NULL, NULL, NULL),
	('a57edc13-e84c-4d1a-ba3b-2a17aaec8d53', '1', 'V Vn Ngn', 'Th c', 'Th c', NULL, '2024-12-06 03:23:32.153244', 'Linh Chiu', 10.852791, 106.77256),
	('33c77d21-9ea1-4058-96ab-7aebbd8dbca2', '1', 'V Vn Ngn', 'Th c', 'Th c', NULL, '2024-12-06 03:24:59.911349', 'Linh Chiu', 10.852791, 106.77256),
	('3d3692ba-7d9e-457a-a582-7a76a7e4de26', '1', 'V Vn Ngn', 'Th c', 'Th c', NULL, '2024-12-06 04:04:34.722805', 'Linh Chiu', 10.852791, 106.77256),
	('cd1aebab-a735-45d1-8716-fe1edbaab8f0', '1', 'V Vn Ngn', 'Th c', 'Th c', NULL, '2024-12-06 04:05:12.834757', 'Linh Chiu', 10.852791, 106.77256),
	('ebfc5a3d-3196-479d-8f1d-94d229584dd7', '1', 'V Vn Ngn', 'Th c', 'Th c', NULL, '2024-12-06 04:05:26.874028', 'Linh Chiu', 10.852791, 106.77256),
	('af443b64-ce48-4b83-a004-daa600e307f3', '1', 'V Vn Ngn', 'Th c', 'Th c', NULL, '2024-12-06 04:05:53.59373', 'Linh Chiu', 10.852791, 106.77256),
	('1c1a8a77-4f74-4845-b7dc-bfcf329d65ab', '1', 'V Vn Ngn', 'Th c', 'Th c', NULL, '2024-12-06 04:06:27.43034', 'Linh Chiu', 10.852791, 106.77256),
	('e834790a-60da-403b-a085-5b07824af6a7', '', '', '', '', NULL, '2024-12-06 05:09:13.702293', NULL, NULL, NULL),
	('5a4d1270-db58-4c7f-9a70-1ec2a573ad65', '346', 'V Vn Ngn', 'Th c', 'Th c', NULL, '2024-12-06 05:25:00.237607', 'Linh Chiu', 10.8495655, 106.77129),
	('b4a79ee0-bfcf-4e29-b16f-ed83440caa98', '', '', '', '', NULL, '2024-12-06 05:42:52.420483', NULL, NULL, NULL),
	('7748267b-9d5b-4556-83e4-4673608629ae', 'ng Cy Sp', 'M An', 'Tin Giang', 'M Tho', '0101000020E6100000000000000000F87F0F4AF3226EBD2440', '2024-12-07 02:40:36.541899', 'M phong', 10.369981, NULL),
	('79a56b5e-aa48-4421-ac81-be512e95902f', 'ng Cy Sp', 'M An', 'Tin Giang', 'M Tho', '0101000020E61000007DCA31595C975A400F4AF3226EBD2440', '2024-12-07 02:42:48.74411', 'M phong', 10.369981, 106.36501),
	('68a57702-8b83-4aaf-a48b-606eff8f086a', '93D', 'Nguyn Tri Phng', 'Tin Giang', 'M Tho', '0101000020E6100000DED6CC107D975A404B3CA06CCAB92440', '2024-12-07 03:11:38.080892', '1', 10.362872, 106.36701),
	('4c384653-7642-4f34-96a6-3753923ed9d4', '1', 'V Vn Ngn', 'Th c', 'H Ch Minh', '0101000020E6100000C641CF7A59B05A40D6469610CFB32540', '2024-12-07 04:05:44.450185', 'Linh Chiu', 10.85119, 106.75546),
	('ded96203-ce31-4616-ab4a-803bfbf44fe2', '01', 'V Vn Ngn', 'Th c', 'H Ch Minh', '0101000020E6100000C641CF7A59B05A40D6469610CFB32540', '2024-12-07 04:07:02.459857', 'Linh Chiu', 10.85119, 106.75546),
	('12e595f0-52f8-457d-bdfc-a704c39073a5', '123', 'L Vn Vit', 'Th c', 'H Ch Minh', '0101000020E610000008EBE27DCFB15A404003DC0D51B12540', '2024-12-07 09:10:32.092744', 'Phng Hip Ph', 10.846321, 106.77829),
	('69d0986d-918d-4bf0-9bce-7e0ac61701a3', '1', 'V Vn Ngn', 'Th c', 'th c', '0101000020E6100000C641CF7A59B05A40D6469610CFB32540', '2024-12-07 11:50:41.359443', 'Linh Chiu', 10.85119, 106.75546),
	('76f59e35-9d82-458b-ace5-07d2c3c2b48e', '1', 'V Vn Ngn', 'Th c', 'th c', '0101000020E6100000C641CF7A59B05A40D6469610CFB32540', '2024-12-07 11:51:21.901195', 'Linh Chiu', 10.85119, 106.75546),
	('ea806062-af76-4be7-b6ad-6f5981c0c5b0', '1', 'V Vn Ngn', 'Th c', 'th c', '0101000020E6100000C641CF7A59B05A40D6469610CFB32540', '2024-12-07 11:51:38.73567', 'Linh Chiu', 10.85119, 106.75546),
	('96094319-d797-45c5-9871-8120ab327f62', NULL, '1', 'Huyn Ci B', 'Tnh Tin Giang', '0101000020E6100000E4068DAA70785A40B50C82D8E39B2440', '2024-12-08 04:17:17.563247', 'X An Hu', 10.304473, 105.881874),
	('15162853-ea89-4061-b93c-fe627c65f8b2', NULL, '1', 'Huyn G Cng ng', 'Tnh Tin Giang', '0101000020E610000032EF27196FAF5A4047CF882D98E32440', '2024-12-08 04:44:53.440998', 'X Gia Thun', 10.44452, 106.74116),
	('853a55ff-9771-45d2-ab81-f2b126416e6b', NULL, NULL, NULL, NULL, NULL, '2024-12-08 08:50:09.53968', NULL, NULL, NULL),
	('e14be96a-fce5-4041-8ea6-c0351b154bb4', NULL, NULL, NULL, NULL, NULL, '2024-12-08 08:51:46.505606', NULL, NULL, NULL),
	('f23cba09-6b31-4063-a873-18b355fa7bdd', NULL, '1', 'Huyn Chu Thnh', 'Tnh Tin Giang', '0101000020E6100000BC934F8FED935A40019B1837DAAE2440', '2024-12-08 10:35:04.160189', 'X Bnh c', 10.341509, 106.31137),
	('eb7554b5-d82d-4506-86ab-fe98d9f81acf', NULL, '1', 'Huyn Chu Thnh', 'Tnh Tin Giang', '0101000020E6100000BC934F8FED935A40019B1837DAAE2440', '2024-12-08 10:36:29.077576', 'X Bnh c', 10.341509, 106.31137);


--
-- Data for Name: task; Type: TABLE DATA; Schema: public; Owner: postgres
--

INSERT INTO "public"."task" ("id", "title", "description", "required_skills", "urgency", "address_id", "end_date", "start_date", "task_status") VALUES
	('98c43daf-0f0a-4d27-94d0-afae113b9adc', 'a', 'a', 'a', 'HIGH', '3d3692ba-7d9e-457a-a582-7a76a7e4de26', '2024-11-26 12:51:08.056', '2024-11-26 12:51:08.056', 'TODO'),
	('8a9dbbac-7f8d-4272-80e7-406c43f76170', 'a', 'a', 'a', 'HIGH', 'cd1aebab-a735-45d1-8716-fe1edbaab8f0', '2024-11-26 12:51:08.056', '2024-11-26 12:51:08.056', 'TODO'),
	('f3d746e1-7e17-4f34-adb8-a7e1bbc86d7f', 'b', 'a', 'a', 'HIGH', 'ebfc5a3d-3196-479d-8f1d-94d229584dd7', '2024-11-26 12:51:08.056', '2024-11-26 12:51:08.056', 'TODO'),
	('87d74594-6ef3-4724-b9a2-46d88152173d', 'd', 'a', 'a', 'HIGH', '1c1a8a77-4f74-4845-b7dc-bfcf329d65ab', '2024-11-26 12:51:08.056', '2024-11-26 12:51:08.056', 'TODO'),
	('06313408-c2e1-475f-9199-bf8e4ccdba21', 'bc', 'aaaaaaaaaaaaaaaaaaaaaaaaaaaaaaaaaaaaaaaaaaaaaaaaaaaaaaaaaaaaaaaaaaaaaaaaaaaaaaaaaaaaaaaaaaaaaaaaaaaaaaaaaaaaaaaaaaaaaaaaaaaaaaaaaaaaaaaaaaaaaaaaaaaaa', 'a', 'HIGH', 'af443b64-ce48-4b83-a004-daa600e307f3', '2024-11-26 12:51:08.056', '2024-11-26 12:51:08.056', 'TODO'),
	('ca9872f8-1048-4844-bf88-3bfeae438f1f', 'd', 'a', 'a', 'HIGH', '5a4d1270-db58-4c7f-9a70-1ec2a573ad65', '2024-11-26 12:51:08.056', '2024-11-26 12:51:08.056', 'TODO'),
	('f23fdfee-fa8c-4f10-aa75-83dabeb414b8', 'Clean up the park', 'Weekly park cleanup and maintenance', 'Basic cleaning knowledge', 'MEDIUM', '7748267b-9d5b-4556-83e4-4673608629ae', '2024-02-21 00:00:00', '2024-02-20 00:00:00', 'TODO'),
	('b0a1d58d-3220-4c14-be3d-6981c3fa8438', 'Clean up the park', 'Weekly park cleanup and maintenance', 'Basic cleaning knowledge', 'MEDIUM', '79a56b5e-aa48-4421-ac81-be512e95902f', '2024-02-21 00:00:00', '2024-02-20 00:00:00', 'TODO'),
	('4e52dac4-df76-41f9-bcaf-c4df8020b444', 'CHO CH TON N', 'CH', 'BIT CHO N', 'HIGH', '68a57702-8b83-4aaf-a48b-606eff8f086a', '2024-11-26 12:51:08.056', '2024-11-26 12:51:08.056', 'TODO');


--
-- Data for Name: volunteerprofiles; Type: TABLE DATA; Schema: public; Owner: postgres
--

INSERT INTO "public"."volunteerprofiles" ("id", "user_id", "assignedtask", "skills") VALUES
	('63faefc9-1b1c-4afd-a3a7-031ed6134a75', '3ffd668d-8871-47ff-aefa-2b55afad5f26', '{3493905e-3dbb-4b13-84cb-354dbe02d7c8,6ec01bf0-12df-4169-8048-04e873fa9649,3ef415fc-8dec-47fc-b6ac-cb713d17e128,bac9e734-a2b9-493d-b847-3e4442568a36,c246a82d-548c-4624-a54c-2ed069b9eccc,c097d916-f4f7-4a2a-8aa6-714a781a5a98,d48d6f5c-9447-475f-b8aa-2043f1668f20,7e4ed478-092f-4e69-bcef-00763ab8a10e,fe5fb582-b858-432a-9066-1d31958d8426,045e50e8-4b2c-4433-a4f8-f0ef5cfa028a,de430dfd-7107-4165-8740-210f517d15a2,f81246b5-f2c5-4516-abf6-4f492b38ae7f,4631dd53-ed17-48a4-bca3-8fead15f294f,f4ac40d9-cd88-4b77-bb0d-db9f1f56416c,826632f5-fabb-4387-8484-9d7d345f5f7b,0813cf13-e2ff-499a-bcd4-faa573866cd8,908c9799-08e2-4259-8299-5aa76603f236,2f20b806-4738-4a33-9f96-46bb53426dc8,66f6a10e-a216-4773-bebe-7a25207cfbc7,bd457e50-70f2-4752-8fb3-b3244298ed99,d5de6412-daff-49c3-85bc-ce19464556fb,47fe054b-1159-4614-ae91-7e0b5344c928,8bbaf33d-569a-4c30-89e1-e49831905913,c3a6afcd-85e9-4414-b1d5-14c5ca10261e,d108c49f-3f71-44ec-8162-b62aa24052dd}', 'vn ngh, tho vt'),
	('6f0b56dd-7a72-45fd-ad75-7ee9fa7010f8', 'c69c18c5-8a8b-4136-84e9-9f13303c41c4', NULL, 'vn ngh,trng cy'),
	('d86d2f01-341d-4125-9a60-ccadd2a960c6', '6ca30b44-a094-4919-81a1-c17d4310a637', NULL, 'vn ngh, trng cy'),
	('13ab50df-8618-45d8-943d-f9d4073dc091', '668f130c-e8bf-41d7-b9a6-239c9e0cf4a1', NULL, 'sddssssssssssssssssssss'),
	('549c5eb2-f40e-4f9d-9e80-c776fb0892f7', 'c69c18c5-8a8b-4136-84e9-9f13303c41c4', '{50fe75b4-615f-4658-b3ba-3901c180e34a,de844254-4c19-47ca-aa2c-d9cec8382e66,551647b4-c9f3-4979-8645-57fcc33f2052,45239dee-c814-48f0-92a5-1664b5bdd2a3,0cf1b63c-f5cd-483c-998c-66c4f1a574a8,7304ed46-3803-4f4d-a60e-e6a2f3990cf6,e06c338b-77bc-4c6b-bdc7-3f980ec9bc1e,fb53797d-5916-4291-add4-6e1fe36aca53,a1427ffa-4794-4b09-ad64-04b203f6ba54}', 'tho vt, trng cy'),
	('ea529945-7e95-47c0-9361-ae6867d1c246', 'e0302377-4801-411f-a3ca-3e0feb598eac', '{222efb90-2d61-4929-8c79-3b14d618c81f,7b413322-f284-47c6-a240-15bd07452530,9989318e-959a-44e8-92fd-35c8e5baba96,98674733-9c5a-4541-9ce2-2e29c5172f9e,94dae112-823e-437d-a64d-09e0b7b86e52,6e2403da-832f-41f4-a008-8a875794c948}', 'aaaaaaaaaaaaaaaaaaaaaa');


--
-- Data for Name: assignment; Type: TABLE DATA; Schema: public; Owner: postgres
--

INSERT INTO "public"."assignment" ("id", "status", "completiondate", "assigneddate", "feedback", "task_id", "volunteer_profile_id") VALUES
	('a1427ffa-4794-4b09-ad64-04b203f6ba54', 'TODO', NULL, '2024-12-08 10:18:56.381869', NULL, '06313408-c2e1-475f-9199-bf8e4ccdba21', '549c5eb2-f40e-4f9d-9e80-c776fb0892f7'),
	('94dae112-823e-437d-a64d-09e0b7b86e52', 'TODO', NULL, '2024-12-08 13:44:35.328372', NULL, 'f3d746e1-7e17-4f34-adb8-a7e1bbc86d7f', 'ea529945-7e95-47c0-9361-ae6867d1c246');


--
-- Data for Name: province; Type: TABLE DATA; Schema: public; Owner: postgres
--

INSERT INTO "public"."province" ("idprovince", "name") VALUES
	('01', 'Thnh ph H Ni'),
	('79', 'Thnh ph H Ch Minh'),
	('31', 'Thnh ph Hi Phng'),
	('48', 'Thnh ph  Nng'),
	('92', 'Thnh ph Cn Th'),
	('02', 'Tnh H Giang'),
	('04', 'Tnh Cao Bng'),
	('06', 'Tnh Bc Kn'),
	('08', 'Tnh Tuyn Quang'),
	('10', 'Tnh Lo Cai'),
	('11', 'Tnh in Bin'),
	('12', 'Tnh Lai Chu'),
	('14', 'Tnh Sn La'),
	('15', 'Tnh Yn Bi'),
	('17', 'Tnh Ho Bnh'),
	('19', 'Tnh Thi Nguyn'),
	('20', 'Tnh Lng Sn'),
	('22', 'Tnh Qung Ninh'),
	('24', 'Tnh Bc Giang'),
	('25', 'Tnh Ph Th'),
	('26', 'Tnh Vnh Phc'),
	('27', 'Tnh Bc Ninh'),
	('30', 'Tnh Hi Dng'),
	('33', 'Tnh Hng Yn'),
	('34', 'Tnh Thi Bnh'),
	('35', 'Tnh H Nam'),
	('36', 'Tnh Nam nh'),
	('37', 'Tnh Ninh Bnh'),
	('38', 'Tnh Thanh Ha'),
	('40', 'Tnh Ngh An'),
	('42', 'Tnh H Tnh'),
	('44', 'Tnh Qung Bnh'),
	('45', 'Tnh Qung Tr'),
	('46', 'Tnh Tha Thin Hu'),
	('49', 'Tnh Qung Nam'),
	('51', 'Tnh Qung Ngi'),
	('52', 'Tnh Bnh nh'),
	('54', 'Tnh Ph Yn'),
	('56', 'Tnh Khnh Ha'),
	('58', 'Tnh Ninh Thun'),
	('60', 'Tnh Bnh Thun'),
	('62', 'Tnh Kon Tum'),
	('64', 'Tnh Gia Lai'),
	('66', 'Tnh k Lk'),
	('67', 'Tnh k Nng'),
	('68', 'Tnh Lm ng'),
	('70', 'Tnh Bnh Phc'),
	('72', 'Tnh Ty Ninh'),
	('74', 'Tnh Bnh Dng'),
	('75', 'Tnh ng Nai'),
	('77', 'Tnh B Ra - Vng Tu'),
	('80', 'Tnh Long An'),
	('82', 'Tnh Tin Giang'),
	('83', 'Tnh Bn Tre'),
	('84', 'Tnh Tr Vinh'),
	('86', 'Tnh Vnh Long'),
	('87', 'Tnh ng Thp'),
	('89', 'Tnh An Giang'),
	('91', 'Tnh Kin Giang'),
	('93', 'Tnh Hu Giang'),
	('94', 'Tnh Sc Trng'),
	('95', 'Tnh Bc Liu'),
	('96', 'Tnh C Mau');


--
-- Data for Name: district; Type: TABLE DATA; Schema: public; Owner: postgres
--

INSERT INTO "public"."district" ("idprovince", "iddistrict", "name") VALUES
	('01', '001', 'Qun Ba nh'),
	('01', '002', 'Qun Hon Kim'),
	('01', '003', 'Qun Ty H'),
	('01', '004', 'Qun Long Bin'),
	('01', '005', 'Qun Cu Giy'),
	('01', '006', 'Qun ng a'),
	('01', '007', 'Qun Hai B Trng'),
	('01', '008', 'Qun Hong Mai'),
	('01', '009', 'Qun Thanh Xun'),
	('01', '016', 'Huyn Sc Sn'),
	('01', '017', 'Huyn ng Anh'),
	('01', '018', 'Huyn Gia Lm'),
	('01', '019', 'Qun Nam T Lim'),
	('01', '020', 'Huyn Thanh Tr'),
	('01', '021', 'Qun Bc T Lim'),
	('01', '250', 'Huyn M Linh'),
	('01', '268', 'Qun H ng'),
	('01', '269', 'Th x Sn Ty'),
	('01', '271', 'Huyn Ba V'),
	('01', '272', 'Huyn Phc Th'),
	('01', '273', 'Huyn an Phng'),
	('01', '274', 'Huyn Hoi c'),
	('01', '275', 'Huyn Quc Oai'),
	('01', '276', 'Huyn Thch Tht'),
	('01', '277', 'Huyn Chng M'),
	('01', '278', 'Huyn Thanh Oai'),
	('01', '279', 'Huyn Thng Tn'),
	('01', '280', 'Huyn Ph Xuyn'),
	('01', '281', 'Huyn ng Ha'),
	('01', '282', 'Huyn M c'),
	('02', '024', 'Thnh ph H Giang'),
	('02', '026', 'Huyn ng Vn'),
	('02', '027', 'Huyn Mo Vc'),
	('02', '028', 'Huyn Yn Minh'),
	('02', '029', 'Huyn Qun B'),
	('02', '030', 'Huyn V Xuyn'),
	('02', '031', 'Huyn Bc M'),
	('02', '032', 'Huyn Hong Su Ph'),
	('02', '033', 'Huyn Xn Mn'),
	('02', '034', 'Huyn Bc Quang'),
	('02', '035', 'Huyn Quang Bnh'),
	('04', '040', 'Thnh ph Cao Bng'),
	('04', '042', 'Huyn Bo Lm'),
	('04', '043', 'Huyn Bo Lc'),
	('04', '045', 'Huyn H Qung'),
	('04', '047', 'Huyn Trng Khnh'),
	('04', '048', 'Huyn H Lang'),
	('04', '049', 'Huyn Qung Ha'),
	('04', '051', 'Huyn Ho An'),
	('04', '052', 'Huyn Nguyn Bnh'),
	('04', '053', 'Huyn Thch An'),
	('06', '058', 'Thnh Ph Bc Kn'),
	('06', '060', 'Huyn Pc Nm'),
	('06', '061', 'Huyn Ba B'),
	('06', '062', 'Huyn Ngn Sn'),
	('06', '063', 'Huyn Bch Thng'),
	('06', '064', 'Huyn Ch n'),
	('06', '065', 'Huyn Ch Mi'),
	('06', '066', 'Huyn Na R'),
	('08', '070', 'Thnh ph Tuyn Quang'),
	('08', '071', 'Huyn Lm Bnh'),
	('08', '072', 'Huyn Na Hang'),
	('08', '073', 'Huyn Chim Ha'),
	('08', '074', 'Huyn Hm Yn'),
	('08', '075', 'Huyn Yn Sn'),
	('08', '076', 'Huyn Sn Dng'),
	('10', '080', 'Thnh ph Lo Cai'),
	('10', '082', 'Huyn Bt Xt'),
	('10', '083', 'Huyn Mng Khng'),
	('10', '084', 'Huyn Si Ma Cai'),
	('10', '085', 'Huyn Bc H'),
	('10', '086', 'Huyn Bo Thng'),
	('10', '087', 'Huyn Bo Yn'),
	('10', '088', 'Th x Sa Pa'),
	('10', '089', 'Huyn Vn Bn'),
	('11', '094', 'Thnh ph in Bin Ph'),
	('11', '095', 'Th X Mng Lay'),
	('11', '096', 'Huyn Mng Nh'),
	('11', '097', 'Huyn Mng Ch'),
	('11', '098', 'Huyn Ta Cha'),
	('11', '099', 'Huyn Tun Gio'),
	('11', '100', 'Huyn in Bin'),
	('11', '101', 'Huyn in Bin ng'),
	('11', '102', 'Huyn Mng ng'),
	('11', '103', 'Huyn Nm P'),
	('12', '105', 'Thnh ph Lai Chu'),
	('12', '106', 'Huyn Tam ng'),
	('12', '107', 'Huyn Mng T'),
	('12', '108', 'Huyn Sn H'),
	('12', '109', 'Huyn Phong Th'),
	('12', '110', 'Huyn Than Uyn'),
	('12', '111', 'Huyn Tn Uyn'),
	('12', '112', 'Huyn Nm Nhn'),
	('14', '116', 'Thnh ph Sn La'),
	('14', '118', 'Huyn Qunh Nhai'),
	('14', '119', 'Huyn Thun Chu'),
	('14', '120', 'Huyn Mng La'),
	('14', '121', 'Huyn Bc Yn'),
	('14', '122', 'Huyn Ph Yn'),
	('14', '123', 'Huyn Mc Chu'),
	('14', '124', 'Huyn Yn Chu'),
	('14', '125', 'Huyn Mai Sn'),
	('14', '126', 'Huyn Sng M'),
	('14', '127', 'Huyn Sp Cp'),
	('14', '128', 'Huyn Vn H'),
	('15', '132', 'Thnh ph Yn Bi'),
	('15', '133', 'Th x Ngha L'),
	('15', '135', 'Huyn Lc Yn'),
	('15', '136', 'Huyn Vn Yn'),
	('15', '137', 'Huyn M Cng Chi'),
	('15', '138', 'Huyn Trn Yn'),
	('15', '139', 'Huyn Trm Tu'),
	('15', '140', 'Huyn Vn Chn'),
	('15', '141', 'Huyn Yn Bnh'),
	('17', '148', 'Thnh ph Ha Bnh'),
	('17', '150', 'Huyn  Bc'),
	('17', '152', 'Huyn Lng Sn'),
	('17', '153', 'Huyn Kim Bi'),
	('17', '154', 'Huyn Cao Phong'),
	('17', '155', 'Huyn Tn Lc'),
	('17', '156', 'Huyn Mai Chu'),
	('17', '157', 'Huyn Lc Sn'),
	('17', '158', 'Huyn Yn Thy'),
	('17', '159', 'Huyn Lc Thy'),
	('19', '164', 'Thnh ph Thi Nguyn'),
	('19', '165', 'Thnh ph Sng Cng'),
	('19', '167', 'Huyn nh Ha'),
	('19', '168', 'Huyn Ph Lng'),
	('19', '169', 'Huyn ng H'),
	('19', '170', 'Huyn V Nhai'),
	('19', '171', 'Huyn i T'),
	('19', '172', 'Thnh ph Ph Yn'),
	('19', '173', 'Huyn Ph Bnh'),
	('20', '178', 'Thnh ph Lng Sn'),
	('20', '180', 'Huyn Trng nh'),
	('20', '181', 'Huyn Bnh Gia'),
	('20', '182', 'Huyn Vn Lng'),
	('20', '183', 'Huyn Cao Lc'),
	('20', '184', 'Huyn Vn Quan'),
	('20', '185', 'Huyn Bc Sn'),
	('20', '186', 'Huyn Hu Lng'),
	('20', '187', 'Huyn Chi Lng'),
	('20', '188', 'Huyn Lc Bnh'),
	('20', '189', 'Huyn nh Lp'),
	('22', '193', 'Thnh ph H Long'),
	('22', '194', 'Thnh ph Mng Ci'),
	('22', '195', 'Thnh ph Cm Ph'),
	('22', '196', 'Thnh ph Ung B'),
	('22', '198', 'Huyn Bnh Liu'),
	('22', '199', 'Huyn Tin Yn'),
	('22', '200', 'Huyn m H'),
	('22', '201', 'Huyn Hi H'),
	('22', '202', 'Huyn Ba Ch'),
	('22', '203', 'Huyn Vn n'),
	('22', '205', 'Thnh ph ng Triu'),
	('22', '206', 'Th x Qung Yn'),
	('22', '207', 'Huyn C T'),
	('24', '213', 'Thnh ph Bc Giang'),
	('24', '215', 'Huyn Yn Th'),
	('24', '216', 'Huyn Tn Yn'),
	('24', '217', 'Huyn Lng Giang'),
	('24', '218', 'Huyn Lc Nam'),
	('24', '219', 'Huyn Lc Ngn'),
	('24', '220', 'Huyn Sn ng'),
	('24', '221', 'Huyn Yn Dng'),
	('24', '222', 'Th X Vit Yn'),
	('24', '223', 'Huyn Hip Ha'),
	('25', '227', 'Thnh ph Vit Tr'),
	('25', '228', 'Th x Ph Th'),
	('25', '230', 'Huyn oan Hng'),
	('25', '231', 'Huyn H Ho'),
	('25', '232', 'Huyn Thanh Ba'),
	('25', '233', 'Huyn Ph Ninh'),
	('25', '234', 'Huyn Yn Lp'),
	('25', '235', 'Huyn Cm Kh'),
	('25', '236', 'Huyn Tam Nng'),
	('25', '237', 'Huyn Lm Thao'),
	('25', '238', 'Huyn Thanh Sn'),
	('25', '239', 'Huyn Thanh Thu'),
	('25', '240', 'Huyn Tn Sn'),
	('26', '243', 'Thnh ph Vnh Yn'),
	('26', '244', 'Thnh ph Phc Yn'),
	('26', '246', 'Huyn Lp Thch'),
	('26', '247', 'Huyn Tam Dng'),
	('26', '248', 'Huyn Tam o'),
	('26', '249', 'Huyn Bnh Xuyn'),
	('26', '251', 'Huyn Yn Lc'),
	('26', '252', 'Huyn Vnh Tng'),
	('26', '253', 'Huyn Sng L'),
	('27', '256', 'Thnh ph Bc Ninh'),
	('27', '258', 'Huyn Yn Phong'),
	('27', '259', 'Th x Qu V'),
	('27', '260', 'Huyn Tin Du'),
	('27', '261', 'Thnh ph T Sn'),
	('27', '262', 'Th x Thun Thnh'),
	('27', '263', 'Huyn Gia Bnh'),
	('27', '264', 'Huyn Lng Ti'),
	('30', '288', 'Thnh ph Hi Dng'),
	('30', '290', 'Thnh ph Ch Linh'),
	('30', '291', 'Huyn Nam Sch'),
	('30', '292', 'Th x Kinh Mn'),
	('30', '293', 'Huyn Kim Thnh'),
	('30', '294', 'Huyn Thanh H'),
	('30', '295', 'Huyn Cm Ging'),
	('30', '296', 'Huyn Bnh Giang'),
	('30', '297', 'Huyn Gia Lc'),
	('30', '298', 'Huyn T K'),
	('30', '299', 'Huyn Ninh Giang'),
	('30', '300', 'Huyn Thanh Min'),
	('31', '303', 'Qun Hng Bng'),
	('31', '304', 'Qun Ng Quyn'),
	('31', '305', 'Qun L Chn'),
	('31', '306', 'Qun Hi An'),
	('31', '307', 'Qun Kin An'),
	('31', '308', 'Qun  Sn'),
	('31', '309', 'Qun Dng Kinh'),
	('31', '311', 'Thnh ph Thu Nguyn'),
	('31', '312', 'Qun An Dng'),
	('31', '313', 'Huyn An Lo'),
	('31', '314', 'Huyn Kin Thu'),
	('31', '315', 'Huyn Tin Lng'),
	('31', '316', 'Huyn Vnh Bo'),
	('31', '317', 'Huyn Ct Hi'),
	('31', '318', 'Huyn Bch Long V'),
	('33', '323', 'Thnh ph Hng Yn'),
	('33', '325', 'Huyn Vn Lm'),
	('33', '326', 'Huyn Vn Giang'),
	('33', '327', 'Huyn Yn M'),
	('33', '328', 'Th x M Ho'),
	('33', '329', 'Huyn n Thi'),
	('33', '330', 'Huyn Khoi Chu'),
	('33', '331', 'Huyn Kim ng'),
	('33', '332', 'Huyn Tin L'),
	('33', '333', 'Huyn Ph C'),
	('34', '336', 'Thnh ph Thi Bnh'),
	('34', '338', 'Huyn Qunh Ph'),
	('34', '339', 'Huyn Hng H'),
	('34', '340', 'Huyn ng Hng'),
	('34', '341', 'Huyn Thi Thy'),
	('34', '342', 'Huyn Tin Hi'),
	('34', '343', 'Huyn Kin Xng'),
	('34', '344', 'Huyn V Th'),
	('35', '347', 'Thnh ph Ph L'),
	('35', '349', 'Th x Duy Tin'),
	('35', '350', 'Huyn Kim Bng'),
	('35', '351', 'Huyn Thanh Lim'),
	('35', '352', 'Huyn Bnh Lc'),
	('35', '353', 'Huyn L Nhn'),
	('36', '356', 'Thnh ph Nam nh'),
	('36', '359', 'Huyn V Bn'),
	('36', '360', 'Huyn  Yn'),
	('36', '361', 'Huyn Ngha Hng'),
	('36', '362', 'Huyn Nam Trc'),
	('36', '363', 'Huyn Trc Ninh'),
	('36', '364', 'Huyn Xun Trng'),
	('36', '365', 'Huyn Giao Thy'),
	('36', '366', 'Huyn Hi Hu'),
	('37', '369', 'Thnh ph Ninh Bnh'),
	('37', '370', 'Thnh ph Tam ip'),
	('37', '372', 'Huyn Nho Quan'),
	('37', '373', 'Huyn Gia Vin'),
	('37', '374', 'Huyn Hoa L'),
	('37', '375', 'Huyn Yn Khnh'),
	('37', '376', 'Huyn Kim Sn'),
	('37', '377', 'Huyn Yn M'),
	('38', '380', 'Thnh ph Thanh Ha'),
	('38', '381', 'Th x Bm Sn'),
	('38', '382', 'Thnh ph Sm Sn'),
	('38', '384', 'Huyn Mng Lt'),
	('38', '385', 'Huyn Quan Ha'),
	('38', '386', 'Huyn B Thc'),
	('38', '387', 'Huyn Quan Sn'),
	('38', '388', 'Huyn Lang Chnh'),
	('38', '389', 'Huyn Ngc Lc'),
	('38', '390', 'Huyn Cm Thy'),
	('38', '391', 'Huyn Thch Thnh'),
	('38', '392', 'Huyn H Trung'),
	('38', '393', 'Huyn Vnh Lc'),
	('38', '394', 'Huyn Yn nh'),
	('38', '395', 'Huyn Th Xun'),
	('38', '396', 'Huyn Thng Xun'),
	('38', '397', 'Huyn Triu Sn'),
	('38', '398', 'Huyn Thiu Ha'),
	('38', '399', 'Huyn Hong Ha'),
	('38', '400', 'Huyn Hu Lc'),
	('38', '401', 'Huyn Nga Sn'),
	('38', '402', 'Huyn Nh Xun'),
	('38', '403', 'Huyn Nh Thanh'),
	('38', '404', 'Huyn Nng Cng'),
	('38', '405', 'Huyn ng Sn'),
	('38', '406', 'Huyn Qung Xng'),
	('38', '407', 'Th x Nghi Sn'),
	('40', '412', 'Thnh ph Vinh'),
	('40', '414', 'Th x Thi Ho'),
	('40', '415', 'Huyn Qu Phong'),
	('40', '416', 'Huyn Qu Chu'),
	('40', '417', 'Huyn K Sn'),
	('40', '418', 'Huyn Tng Dng'),
	('40', '419', 'Huyn Ngha n'),
	('40', '420', 'Huyn Qu Hp'),
	('40', '421', 'Huyn Qunh Lu'),
	('40', '422', 'Huyn Con Cung'),
	('40', '423', 'Huyn Tn K'),
	('40', '424', 'Huyn Anh Sn'),
	('40', '425', 'Huyn Din Chu'),
	('40', '426', 'Huyn Yn Thnh'),
	('40', '427', 'Huyn  Lng'),
	('40', '428', 'Huyn Thanh Chng'),
	('40', '429', 'Huyn Nghi Lc'),
	('40', '430', 'Huyn Nam n'),
	('40', '431', 'Huyn Hng Nguyn'),
	('40', '432', 'Th x Hong Mai'),
	('42', '436', 'Thnh ph H Tnh'),
	('42', '437', 'Th x Hng Lnh'),
	('42', '439', 'Huyn Hng Sn'),
	('42', '440', 'Huyn c Th'),
	('42', '441', 'Huyn V Quang'),
	('42', '442', 'Huyn Nghi Xun'),
	('42', '443', 'Huyn Can Lc'),
	('42', '444', 'Huyn Hng Kh'),
	('42', '445', 'Huyn Thch H'),
	('42', '446', 'Huyn Cm Xuyn'),
	('42', '447', 'Huyn K Anh'),
	('42', '448', 'Huyn Lc H'),
	('42', '449', 'Th x K Anh'),
	('44', '450', 'Thnh Ph ng Hi'),
	('44', '452', 'Huyn Minh Ha'),
	('44', '453', 'Huyn Tuyn Ha'),
	('44', '454', 'Huyn Qung Trch'),
	('44', '455', 'Huyn B Trch'),
	('44', '456', 'Huyn Qung Ninh'),
	('44', '457', 'Huyn L Thy'),
	('44', '458', 'Th x Ba n'),
	('45', '461', 'Thnh ph ng H'),
	('45', '462', 'Th x Qung Tr'),
	('45', '464', 'Huyn Vnh Linh'),
	('45', '465', 'Huyn Hng Ha'),
	('45', '466', 'Huyn Gio Linh'),
	('45', '467', 'Huyn a Krng'),
	('45', '468', 'Huyn Cam L'),
	('45', '469', 'Huyn Triu Phong'),
	('45', '470', 'Huyn Hi Lng'),
	('45', '471', 'Huyn Cn C'),
	('46', '474', 'Thnh ph Hu'),
	('46', '476', 'Huyn Phong in'),
	('46', '477', 'Huyn Qung in'),
	('46', '478', 'Huyn Ph Vang'),
	('46', '479', 'Th x Hng Thy'),
	('46', '480', 'Th x Hng Tr'),
	('46', '481', 'Huyn A Li'),
	('46', '482', 'Huyn Ph Lc'),
	('46', '483', 'Huyn Nam ng'),
	('48', '490', 'Qun Lin Chiu'),
	('48', '491', 'Qun Thanh Kh'),
	('48', '492', 'Qun Hi Chu'),
	('48', '493', 'Qun Sn Tr'),
	('48', '494', 'Qun Ng Hnh Sn'),
	('48', '495', 'Qun Cm L'),
	('48', '497', 'Huyn Ha Vang'),
	('48', '498', 'Huyn Hong Sa'),
	('49', '502', 'Thnh ph Tam K'),
	('49', '503', 'Thnh ph Hi An'),
	('49', '504', 'Huyn Ty Giang'),
	('49', '505', 'Huyn ng Giang'),
	('49', '506', 'Huyn i Lc'),
	('49', '507', 'Th x in Bn'),
	('49', '508', 'Huyn Duy Xuyn'),
	('49', '509', 'Huyn Qu Sn'),
	('49', '510', 'Huyn Nam Giang'),
	('49', '511', 'Huyn Phc Sn'),
	('49', '512', 'Huyn Hip c'),
	('49', '513', 'Huyn Thng Bnh'),
	('49', '514', 'Huyn Tin Phc'),
	('49', '515', 'Huyn Bc Tr My'),
	('49', '516', 'Huyn Nam Tr My'),
	('49', '517', 'Huyn Ni Thnh'),
	('49', '518', 'Huyn Ph Ninh'),
	('49', '519', 'Huyn Nng Sn'),
	('51', '522', 'Thnh ph Qung Ngi'),
	('51', '524', 'Huyn Bnh Sn'),
	('51', '525', 'Huyn Tr Bng'),
	('51', '527', 'Huyn Sn Tnh'),
	('51', '528', 'Huyn T Ngha'),
	('51', '529', 'Huyn Sn H'),
	('51', '530', 'Huyn Sn Ty'),
	('51', '531', 'Huyn Minh Long'),
	('51', '532', 'Huyn Ngha Hnh'),
	('51', '533', 'Huyn M c'),
	('51', '534', 'Th x c Ph'),
	('51', '535', 'Huyn Ba T'),
	('51', '536', 'Huyn L Sn'),
	('52', '540', 'Thnh ph Quy Nhn'),
	('52', '542', 'Huyn An Lo'),
	('52', '543', 'Th x Hoi Nhn'),
	('52', '544', 'Huyn Hoi n'),
	('52', '545', 'Huyn Ph M'),
	('52', '546', 'Huyn Vnh Thnh'),
	('52', '547', 'Huyn Ty Sn'),
	('52', '548', 'Huyn Ph Ct'),
	('52', '549', 'Th x An Nhn'),
	('52', '550', 'Huyn Tuy Phc'),
	('52', '551', 'Huyn Vn Canh'),
	('54', '555', 'Thnh ph Tuy Ho'),
	('54', '557', 'Th x Sng Cu'),
	('54', '558', 'Huyn ng Xun'),
	('54', '559', 'Huyn Tuy An'),
	('54', '560', 'Huyn Sn Ha'),
	('54', '561', 'Huyn Sng Hinh'),
	('54', '562', 'Huyn Ty Ho'),
	('54', '563', 'Huyn Ph Ho'),
	('54', '564', 'Th x ng Ha'),
	('56', '568', 'Thnh ph Nha Trang'),
	('56', '569', 'Thnh ph Cam Ranh'),
	('56', '570', 'Huyn Cam Lm'),
	('56', '571', 'Huyn Vn Ninh'),
	('56', '572', 'Th x Ninh Ha'),
	('56', '573', 'Huyn Khnh Vnh'),
	('56', '574', 'Huyn Din Khnh'),
	('56', '575', 'Huyn Khnh Sn'),
	('56', '576', 'Huyn Trng Sa'),
	('58', '582', 'Thnh ph Phan Rang-Thp Chm'),
	('58', '584', 'Huyn Bc i'),
	('58', '585', 'Huyn Ninh Sn'),
	('58', '586', 'Huyn Ninh Hi'),
	('58', '587', 'Huyn Ninh Phc'),
	('58', '588', 'Huyn Thun Bc'),
	('58', '589', 'Huyn Thun Nam'),
	('60', '593', 'Thnh ph Phan Thit'),
	('60', '594', 'Th x La Gi'),
	('60', '595', 'Huyn Tuy Phong'),
	('60', '596', 'Huyn Bc Bnh'),
	('60', '597', 'Huyn Hm Thun Bc'),
	('60', '598', 'Huyn Hm Thun Nam'),
	('60', '599', 'Huyn Tnh Linh'),
	('60', '600', 'Huyn c Linh'),
	('60', '601', 'Huyn Hm Tn'),
	('60', '602', 'Huyn Ph Qu'),
	('62', '608', 'Thnh ph Kon Tum'),
	('62', '610', 'Huyn k Glei'),
	('62', '611', 'Huyn Ngc Hi'),
	('62', '612', 'Huyn k T'),
	('62', '613', 'Huyn Kon Plng'),
	('62', '614', 'Huyn Kon Ry'),
	('62', '615', 'Huyn k H'),
	('62', '616', 'Huyn Sa Thy'),
	('62', '617', 'Huyn Tu M Rng'),
	('62', '618', 'Huyn Ia H'' Drai'),
	('64', '622', 'Thnh ph Pleiku'),
	('64', '623', 'Th x An Kh'),
	('64', '624', 'Th x Ayun Pa'),
	('64', '625', 'Huyn KBang'),
	('64', '626', 'Huyn k oa'),
	('64', '627', 'Huyn Ch Ph'),
	('64', '628', 'Huyn Ia Grai'),
	('64', '629', 'Huyn Mang Yang'),
	('64', '630', 'Huyn Kng Chro'),
	('64', '631', 'Huyn c C'),
	('64', '632', 'Huyn Ch Prng'),
	('64', '633', 'Huyn Ch S'),
	('64', '634', 'Huyn k P'),
	('64', '635', 'Huyn Ia Pa'),
	('64', '637', 'Huyn Krng Pa'),
	('64', '638', 'Huyn Ph Thin'),
	('64', '639', 'Huyn Ch Ph'),
	('66', '643', 'Thnh ph Bun Ma Thut'),
	('66', '644', 'Th X Bun H'),
	('66', '645', 'Huyn Ea H''leo'),
	('66', '646', 'Huyn Ea Sp'),
	('66', '647', 'Huyn Bun n'),
	('66', '648', 'Huyn C M''gar'),
	('66', '649', 'Huyn Krng Bk'),
	('66', '650', 'Huyn Krng Nng'),
	('66', '651', 'Huyn Ea Kar'),
	('66', '652', 'Huyn M''rk'),
	('66', '653', 'Huyn Krng Bng'),
	('66', '654', 'Huyn Krng Pc'),
	('66', '655', 'Huyn Krng A Na'),
	('66', '656', 'Huyn Lk'),
	('66', '657', 'Huyn C Kuin'),
	('67', '660', 'Thnh ph Gia Ngha'),
	('67', '661', 'Huyn k Glong'),
	('67', '662', 'Huyn C Jt'),
	('67', '663', 'Huyn k Mil'),
	('67', '664', 'Huyn Krng N'),
	('67', '665', 'Huyn k Song'),
	('67', '666', 'Huyn k R''Lp'),
	('67', '667', 'Huyn Tuy c'),
	('68', '672', 'Thnh ph  Lt'),
	('68', '673', 'Thnh ph Bo Lc'),
	('68', '674', 'Huyn am Rng'),
	('68', '675', 'Huyn Lc Dng'),
	('68', '676', 'Huyn Lm H'),
	('68', '677', 'Huyn n Dng'),
	('68', '678', 'Huyn c Trng'),
	('68', '679', 'Huyn Di Linh'),
	('68', '680', 'Huyn Bo Lm'),
	('68', '682', 'Huyn  Huoai'),
	('70', '688', 'Th x Phc Long'),
	('70', '689', 'Thnh ph ng Xoi'),
	('70', '690', 'Th x Bnh Long'),
	('70', '691', 'Huyn B Gia Mp'),
	('70', '692', 'Huyn Lc Ninh'),
	('70', '693', 'Huyn B p'),
	('70', '694', 'Huyn Hn Qun'),
	('70', '695', 'Huyn ng Ph'),
	('70', '696', 'Huyn B ng'),
	('70', '697', 'Th x Chn Thnh'),
	('70', '698', 'Huyn Ph Ring'),
	('72', '703', 'Thnh ph Ty Ninh'),
	('72', '705', 'Huyn Tn Bin'),
	('72', '706', 'Huyn Tn Chu'),
	('72', '707', 'Huyn Dng Minh Chu'),
	('72', '708', 'Huyn Chu Thnh'),
	('72', '709', 'Th x Ha Thnh'),
	('72', '710', 'Huyn G Du'),
	('72', '711', 'Huyn Bn Cu'),
	('72', '712', 'Th x Trng Bng'),
	('74', '718', 'Thnh ph Th Du Mt'),
	('74', '719', 'Huyn Bu Bng'),
	('74', '720', 'Huyn Du Ting'),
	('74', '721', 'Thnh ph Bn Ct'),
	('74', '722', 'Huyn Ph Gio'),
	('74', '723', 'Thnh ph Tn Uyn'),
	('74', '724', 'Thnh ph D An'),
	('74', '725', 'Thnh ph Thun An'),
	('74', '726', 'Huyn Bc Tn Uyn'),
	('75', '731', 'Thnh ph Bin Ha'),
	('75', '732', 'Thnh ph Long Khnh'),
	('75', '734', 'Huyn Tn Ph'),
	('75', '735', 'Huyn Vnh Cu'),
	('75', '736', 'Huyn nh Qun'),
	('75', '737', 'Huyn Trng Bom'),
	('75', '738', 'Huyn Thng Nht'),
	('75', '739', 'Huyn Cm M'),
	('75', '740', 'Huyn Long Thnh'),
	('75', '741', 'Huyn Xun Lc'),
	('75', '742', 'Huyn Nhn Trch'),
	('77', '747', 'Thnh ph Vng Tu'),
	('77', '748', 'Thnh ph B Ra'),
	('77', '750', 'Huyn Chu c'),
	('77', '751', 'Huyn Xuyn Mc'),
	('77', '752', 'Huyn Long in'),
	('77', '753', 'Huyn Long t'),
	('77', '754', 'Th x Ph M'),
	('77', '755', 'Huyn Cn o'),
	('79', '760', 'Qun 1'),
	('79', '761', 'Qun 12'),
	('79', '764', 'Qun G Vp'),
	('79', '765', 'Qun Bnh Thnh'),
	('79', '766', 'Qun Tn Bnh'),
	('79', '767', 'Qun Tn Ph'),
	('79', '768', 'Qun Ph Nhun'),
	('79', '769', 'Thnh ph Th c'),
	('79', '770', 'Qun 3'),
	('79', '771', 'Qun 10'),
	('79', '772', 'Qun 11'),
	('79', '773', 'Qun 4'),
	('79', '774', 'Qun 5'),
	('79', '775', 'Qun 6'),
	('79', '776', 'Qun 8'),
	('79', '777', 'Qun Bnh Tn'),
	('79', '778', 'Qun 7'),
	('79', '783', 'Huyn C Chi'),
	('79', '784', 'Huyn Hc Mn'),
	('79', '785', 'Huyn Bnh Chnh'),
	('79', '786', 'Huyn Nh B'),
	('79', '787', 'Huyn Cn Gi'),
	('80', '794', 'Thnh ph Tn An'),
	('80', '795', 'Th x Kin Tng'),
	('80', '796', 'Huyn Tn Hng'),
	('80', '797', 'Huyn Vnh Hng'),
	('80', '798', 'Huyn Mc Ha'),
	('80', '799', 'Huyn Tn Thnh'),
	('80', '800', 'Huyn Thnh Ha'),
	('80', '801', 'Huyn c Hu'),
	('80', '802', 'Huyn c Ha'),
	('80', '803', 'Huyn Bn Lc'),
	('80', '804', 'Huyn Th Tha'),
	('80', '805', 'Huyn Tn Tr'),
	('80', '806', 'Huyn Cn c'),
	('80', '807', 'Huyn Cn Giuc'),
	('80', '808', 'Huyn Chu Thnh'),
	('82', '815', 'Thnh ph M Tho'),
	('82', '816', 'Thnh ph G Cng'),
	('82', '817', 'Th x Cai Ly'),
	('82', '818', 'Huyn Tn Phc'),
	('82', '819', 'Huyn Ci B'),
	('82', '820', 'Huyn Cai Ly'),
	('82', '821', 'Huyn Chu Thnh'),
	('82', '822', 'Huyn Ch Go'),
	('82', '823', 'Huyn G Cng Ty'),
	('82', '824', 'Huyn G Cng ng'),
	('82', '825', 'Huyn Tn Ph ng'),
	('83', '829', 'Thnh ph Bn Tre'),
	('83', '831', 'Huyn Chu Thnh'),
	('83', '832', 'Huyn Ch Lch'),
	('83', '833', 'Huyn M Cy Nam'),
	('83', '834', 'Huyn Ging Trm'),
	('83', '835', 'Huyn Bnh i'),
	('83', '836', 'Huyn Ba Tri'),
	('83', '837', 'Huyn Thnh Ph'),
	('83', '838', 'Huyn M Cy Bc'),
	('84', '842', 'Thnh ph Tr Vinh'),
	('84', '844', 'Huyn Cng Long'),
	('84', '845', 'Huyn Cu K'),
	('84', '846', 'Huyn Tiu Cn'),
	('84', '847', 'Huyn Chu Thnh'),
	('84', '848', 'Huyn Cu Ngang'),
	('84', '849', 'Huyn Tr C'),
	('84', '850', 'Huyn Duyn Hi'),
	('84', '851', 'Th x Duyn Hi'),
	('86', '855', 'Thnh ph Vnh Long'),
	('86', '857', 'Huyn Long H'),
	('86', '858', 'Huyn Mang Tht'),
	('86', '859', 'Huyn  Vng Lim'),
	('86', '860', 'Huyn Tam Bnh'),
	('86', '861', 'Th x Bnh Minh'),
	('86', '862', 'Huyn Tr n'),
	('86', '863', 'Huyn Bnh Tn'),
	('87', '866', 'Thnh ph Cao Lnh'),
	('87', '867', 'Thnh ph Sa c'),
	('87', '868', 'Thnh ph Hng Ng'),
	('87', '869', 'Huyn Tn Hng'),
	('87', '870', 'Huyn Hng Ng'),
	('87', '871', 'Huyn Tam Nng'),
	('87', '872', 'Huyn Thp Mi'),
	('87', '873', 'Huyn Cao Lnh'),
	('87', '874', 'Huyn Thanh Bnh'),
	('87', '875', 'Huyn Lp V'),
	('87', '876', 'Huyn Lai Vung'),
	('87', '877', 'Huyn Chu Thnh'),
	('89', '883', 'Thnh ph Long Xuyn'),
	('89', '884', 'Thnh ph Chu c'),
	('89', '886', 'Huyn An Ph'),
	('89', '887', 'Th x Tn Chu'),
	('89', '888', 'Huyn Ph Tn'),
	('89', '889', 'Huyn Chu Ph'),
	('89', '890', 'Th x Tnh Bin'),
	('89', '891', 'Huyn Tri Tn'),
	('89', '892', 'Huyn Chu Thnh'),
	('89', '893', 'Huyn Ch Mi'),
	('89', '894', 'Huyn Thoi Sn'),
	('91', '899', 'Thnh ph Rch Gi'),
	('91', '900', 'Thnh ph H Tin'),
	('91', '902', 'Huyn Kin Lng'),
	('91', '903', 'Huyn Hn t'),
	('91', '904', 'Huyn Tn Hip'),
	('91', '905', 'Huyn Chu Thnh'),
	('91', '906', 'Huyn Ging Ring'),
	('91', '907', 'Huyn G Quao'),
	('91', '908', 'Huyn An Bin'),
	('91', '909', 'Huyn An Minh'),
	('91', '910', 'Huyn Vnh Thun'),
	('91', '911', 'Thnh ph Ph Quc'),
	('91', '912', 'Huyn Kin Hi'),
	('91', '913', 'Huyn U Minh Thng'),
	('91', '914', 'Huyn Giang Thnh'),
	('92', '916', 'Qun Ninh Kiu'),
	('92', '917', 'Qun  Mn'),
	('92', '918', 'Qun Bnh Thu'),
	('92', '919', 'Qun Ci Rng'),
	('92', '923', 'Qun Tht Nt'),
	('92', '924', 'Huyn Vnh Thnh'),
	('92', '925', 'Huyn C '),
	('92', '926', 'Huyn Phong in'),
	('92', '927', 'Huyn Thi Lai'),
	('93', '930', 'Thnh ph V Thanh'),
	('93', '931', 'Thnh ph Ng By'),
	('93', '932', 'Huyn Chu Thnh A'),
	('93', '933', 'Huyn Chu Thnh'),
	('93', '934', 'Huyn Phng Hip'),
	('93', '935', 'Huyn V Thu'),
	('93', '936', 'Huyn Long M'),
	('93', '937', 'Th x Long M'),
	('94', '941', 'Thnh ph Sc Trng'),
	('94', '942', 'Huyn Chu Thnh'),
	('94', '943', 'Huyn K Sch'),
	('94', '944', 'Huyn M T'),
	('94', '945', 'Huyn C Lao Dung'),
	('94', '946', 'Huyn Long Ph'),
	('94', '947', 'Huyn M Xuyn'),
	('94', '948', 'Th x Ng Nm'),
	('94', '949', 'Huyn Thnh Tr'),
	('94', '950', 'Th x Vnh Chu'),
	('94', '951', 'Huyn Trn '),
	('95', '954', 'Thnh ph Bc Liu'),
	('95', '956', 'Huyn Hng Dn'),
	('95', '957', 'Huyn Phc Long'),
	('95', '958', 'Huyn Vnh Li'),
	('95', '959', 'Th x Gi Rai'),
	('95', '960', 'Huyn ng Hi'),
	('95', '961', 'Huyn Ho Bnh'),
	('96', '964', 'Thnh ph C Mau'),
	('96', '966', 'Huyn U Minh'),
	('96', '967', 'Huyn Thi Bnh'),
	('96', '968', 'Huyn Trn Vn Thi'),
	('96', '969', 'Huyn Ci Nc'),
	('96', '970', 'Huyn m Di'),
	('96', '971', 'Huyn Nm Cn'),
	('96', '972', 'Huyn Ph Tn'),
	('96', '973', 'Huyn Ngc Hin');


--
-- Data for Name: commune; Type: TABLE DATA; Schema: public; Owner: postgres
--

INSERT INTO "public"."commune" ("idcommune", "iddistrict", "name") VALUES
	(1, '001', 'Phng Phc X'),
	(2, '001', 'Phng Trc Bch'),
	(3, '001', 'Phng Vnh Phc'),
	(4, '001', 'Phng Cng V'),
	(5, '001', 'Phng Liu Giai'),
	(6, '001', 'Phng Nguyn Trung Trc'),
	(7, '001', 'Phng Qun Thnh'),
	(8, '001', 'Phng Ngc H'),
	(9, '001', 'Phng in Bin'),
	(10, '001', 'Phng i Cn'),
	(11, '001', 'Phng Ngc Khnh'),
	(12, '001', 'Phng Kim M'),
	(13, '001', 'Phng Ging V'),
	(14, '001', 'Phng Thnh Cng'),
	(15, '002', 'Phng Phc Tn'),
	(16, '002', 'Phng ng Xun'),
	(17, '002', 'Phng Hng M'),
	(18, '002', 'Phng Hng Bum'),
	(19, '002', 'Phng Hng o'),
	(20, '002', 'Phng Hng B'),
	(21, '002', 'Phng Ca ng'),
	(22, '002', 'Phng L Thi T'),
	(23, '002', 'Phng Hng Bc'),
	(24, '002', 'Phng Hng Gai'),
	(25, '002', 'Phng Chng Dng'),
	(26, '002', 'Phng Hng Trng'),
	(27, '002', 'Phng Ca Nam'),
	(28, '002', 'Phng Hng Bng'),
	(29, '002', 'Phng Trng Tin'),
	(30, '002', 'Phng Trn Hng o'),
	(31, '002', 'Phng Phan Chu Trinh'),
	(32, '002', 'Phng Hng Bi'),
	(33, '003', 'Phng Ph Thng'),
	(34, '003', 'Phng Nht Tn'),
	(35, '003', 'Phng T Lin'),
	(36, '003', 'Phng Qung An'),
	(37, '003', 'Phng Xun La'),
	(38, '003', 'Phng Yn Ph'),
	(39, '003', 'Phng Bi'),
	(40, '003', 'Phng Thy Khu'),
	(41, '004', 'Phng Thng Thanh'),
	(42, '004', 'Phng Ngc Thy'),
	(43, '004', 'Phng Giang Bin'),
	(44, '004', 'Phng c Giang'),
	(45, '004', 'Phng Vit Hng'),
	(46, '004', 'Phng Gia Thy'),
	(47, '004', 'Phng Ngc Lm'),
	(48, '004', 'Phng Phc Li'),
	(49, '004', 'Phng B '),
	(50, '004', 'Phng Si ng'),
	(51, '004', 'Phng Long Bin'),
	(52, '004', 'Phng Thch Bn'),
	(53, '004', 'Phng Phc ng'),
	(54, '004', 'Phng C Khi'),
	(55, '005', 'Phng Ngha '),
	(56, '005', 'Phng Ngha Tn'),
	(57, '005', 'Phng Mai Dch'),
	(58, '005', 'Phng Dch Vng'),
	(59, '005', 'Phng Dch Vng Hu'),
	(60, '005', 'Phng Quan Hoa'),
	(61, '005', 'Phng Yn Ho'),
	(62, '005', 'Phng Trung Ho'),
	(63, '006', 'Phng Ct Linh'),
	(64, '006', 'Phng Vn Miu'),
	(65, '006', 'Phng Quc T Gim'),
	(66, '006', 'Phng Lng Thng'),
	(67, '006', 'Phng  Ch Da'),
	(68, '006', 'Phng Vn Chng'),
	(69, '006', 'Phng Hng Bt'),
	(70, '006', 'Phng Lng H'),
	(71, '006', 'Phng Khm Thin'),
	(72, '006', 'Phng Th Quan'),
	(73, '006', 'Phng Nam ng'),
	(74, '006', 'Phng Trung Phng'),
	(75, '006', 'Phng Quang Trung'),
	(76, '006', 'Phng Trung Lit'),
	(77, '006', 'Phng Phng Lin'),
	(78, '006', 'Phng Thnh Quang'),
	(79, '006', 'Phng Trung T'),
	(80, '006', 'Phng Kim Lin'),
	(81, '006', 'Phng Phng Mai'),
	(82, '006', 'Phng Ng T S'),
	(83, '006', 'Phng Khng Thng'),
	(84, '007', 'Phng Nguyn Du'),
	(85, '007', 'Phng Bch ng'),
	(86, '007', 'Phng Phm nh H'),
	(87, '007', 'Phng L i Hnh'),
	(88, '007', 'Phng ng Nhn'),
	(89, '007', 'Phng Ph Hu'),
	(90, '007', 'Phng ng Mc'),
	(91, '007', 'Phng Thanh Lng'),
	(92, '007', 'Phng Thanh Nhn'),
	(93, '007', 'Phng Cu Dn'),
	(94, '007', 'Phng Bch Khoa'),
	(95, '007', 'Phng ng Tm'),
	(96, '007', 'Phng Vnh Tuy'),
	(97, '007', 'Phng Bch Mai'),
	(98, '007', 'Phng Qunh Mai'),
	(99, '007', 'Phng Qunh Li'),
	(100, '007', 'Phng Minh Khai'),
	(101, '007', 'Phng Trng nh'),
	(102, '008', 'Phng Thanh Tr'),
	(103, '008', 'Phng Vnh Hng'),
	(104, '008', 'Phng nh Cng'),
	(105, '008', 'Phng Mai ng'),
	(106, '008', 'Phng Tng Mai'),
	(107, '008', 'Phng i Kim'),
	(108, '008', 'Phng Tn Mai'),
	(109, '008', 'Phng Hong Vn Th'),
	(110, '008', 'Phng Gip Bt'),
	(111, '008', 'Phng Lnh Nam'),
	(112, '008', 'Phng Thnh Lit'),
	(113, '008', 'Phng Trn Ph'),
	(114, '008', 'Phng Hong Lit'),
	(115, '008', 'Phng Yn S'),
	(116, '009', 'Phng Nhn Chnh'),
	(117, '009', 'Phng Thng nh'),
	(118, '009', 'Phng Khng Trung'),
	(119, '009', 'Phng Khng Mai'),
	(120, '009', 'Phng Thanh Xun Trung'),
	(121, '009', 'Phng Phng Lit'),
	(122, '009', 'Phng H nh'),
	(123, '009', 'Phng Khng nh'),
	(124, '009', 'Phng Thanh Xun Bc'),
	(125, '009', 'Phng Thanh Xun Nam'),
	(126, '009', 'Phng Kim Giang'),
	(127, '016', 'Th trn Sc Sn'),
	(128, '016', 'X Bc Sn'),
	(129, '016', 'X Minh Tr'),
	(130, '016', 'X Hng K'),
	(131, '016', 'X Nam Sn'),
	(132, '016', 'X Trung Gi'),
	(133, '016', 'X Tn Hng'),
	(134, '016', 'X Minh Ph'),
	(135, '016', 'X Ph Linh'),
	(136, '016', 'X Bc Ph'),
	(137, '016', 'X Tn Minh'),
	(138, '016', 'X Quang Tin'),
	(139, '016', 'X Hin Ninh'),
	(140, '016', 'X Tn Dn'),
	(141, '016', 'X Tin Dc'),
	(142, '016', 'X Vit Long'),
	(143, '016', 'X Xun Giang'),
	(144, '016', 'X Mai nh'),
	(145, '016', 'X c Ho'),
	(146, '016', 'X Thanh Xun'),
	(147, '016', 'X ng Xun'),
	(148, '016', 'X Kim L'),
	(149, '016', 'X Ph Cng'),
	(150, '016', 'X Ph Minh'),
	(151, '016', 'X Ph L'),
	(152, '016', 'X Xun Thu'),
	(153, '017', 'Th trn ng Anh'),
	(154, '017', 'X Xun Nn'),
	(155, '017', 'X Thu Lm'),
	(156, '017', 'X Bc Hng'),
	(157, '017', 'X Nguyn Kh'),
	(158, '017', 'X Nam Hng'),
	(159, '017', 'X Tin Dng'),
	(160, '017', 'X Vn H'),
	(161, '017', 'X Uy N'),
	(162, '017', 'X Vn Ni'),
	(163, '017', 'X Lin H'),
	(164, '017', 'X Vit Hng'),
	(165, '017', 'X Kim N'),
	(166, '017', 'X Kim Chung'),
	(167, '017', 'X Dc T'),
	(168, '017', 'X i Mch'),
	(169, '017', 'X Vnh Ngc'),
	(170, '017', 'X C Loa'),
	(171, '017', 'X Hi Bi'),
	(172, '017', 'X Xun Canh'),
	(173, '017', 'X Vng La'),
	(174, '017', 'X Tm X'),
	(175, '017', 'X Mai Lm'),
	(176, '017', 'X ng Hi'),
	(177, '018', 'Th trn Yn Vin'),
	(178, '018', 'X Yn Thng'),
	(179, '018', 'X Yn Vin'),
	(180, '018', 'X Ninh Hip'),
	(181, '018', 'X nh Xuyn'),
	(182, '018', 'X Dng H'),
	(183, '018', 'X Ph ng'),
	(184, '018', 'X Trung Mu'),
	(185, '018', 'X L Chi'),
	(186, '018', 'X C Bi'),
	(187, '018', 'X ng X'),
	(188, '018', 'X Ph Th'),
	(189, '018', 'X Kim Sn'),
	(190, '018', 'Th trn Tru Qu'),
	(191, '018', 'X Dng Quang'),
	(192, '018', 'X Dng X'),
	(193, '018', 'X ng D'),
	(194, '018', 'X a Tn'),
	(195, '018', 'X Kiu K'),
	(196, '018', 'X Bt Trng'),
	(197, '018', 'X Kim Lan'),
	(198, '018', 'X Vn c'),
	(199, '019', 'Phng Cu Din'),
	(200, '019', 'Phng Xun Phng'),
	(201, '019', 'Phng Phng Canh'),
	(202, '019', 'Phng M nh 1'),
	(203, '019', 'Phng M nh 2'),
	(204, '019', 'Phng Ty M'),
	(205, '019', 'Phng M Tr'),
	(206, '019', 'Phng Ph '),
	(207, '019', 'Phng i M'),
	(208, '019', 'Phng Trung Vn'),
	(209, '020', 'Th trn Vn in'),
	(210, '020', 'X Tn Triu'),
	(211, '020', 'X Thanh Lit'),
	(212, '020', 'X T Thanh Oai'),
	(213, '020', 'X Hu Ho'),
	(214, '020', 'X Tam Hip'),
	(215, '020', 'X T Hip'),
	(216, '020', 'X Yn M'),
	(217, '020', 'X Vnh Qunh'),
	(218, '020', 'X Ng Hip'),
	(219, '020', 'X Duyn H'),
	(220, '020', 'X Ngc Hi'),
	(221, '020', 'X Vn Phc'),
	(222, '020', 'X i ng'),
	(223, '020', 'X Lin Ninh'),
	(224, '020', 'X ng M'),
	(225, '021', 'Phng Thng Ct'),
	(226, '021', 'Phng Lin Mc'),
	(227, '021', 'Phng ng Ngc'),
	(228, '021', 'Phng c Thng'),
	(229, '021', 'Phng Thy Phng'),
	(230, '021', 'Phng Ty Tu'),
	(231, '021', 'Phng Xun nh'),
	(232, '021', 'Phng Xun To'),
	(233, '021', 'Phng Minh Khai'),
	(234, '021', 'Phng C Nhu 1'),
	(235, '021', 'Phng C Nhu 2'),
	(236, '021', 'Phng Ph Din'),
	(237, '021', 'Phng Phc Din'),
	(238, '250', 'Th trn Chi ng'),
	(239, '250', 'X i Thnh'),
	(240, '250', 'X Kim Hoa'),
	(241, '250', 'X Thch '),
	(242, '250', 'X Tin Thng'),
	(243, '250', 'X T Lp'),
	(244, '250', 'Th trn Quang Minh'),
	(245, '250', 'X Thanh Lm'),
	(246, '250', 'X Tam ng'),
	(247, '250', 'X Lin Mc'),
	(248, '250', 'X Vn Yn'),
	(249, '250', 'X Chu Phan'),
	(250, '250', 'X Tin Thnh'),
	(251, '250', 'X M Linh'),
	(252, '250', 'X Vn Kh'),
	(253, '250', 'X Hong Kim'),
	(254, '250', 'X Tin Phong'),
	(255, '250', 'X Trng Vit'),
	(256, '268', 'Phng Nguyn Tri'),
	(257, '268', 'Phng M Lao'),
	(258, '268', 'Phng Vn Qun'),
	(259, '268', 'Phng Vn Phc'),
	(260, '268', 'Phng Yt Kiu'),
	(261, '268', 'Phng Quang Trung'),
	(262, '268', 'Phng La Kh'),
	(263, '268', 'Phng Ph La'),
	(264, '268', 'Phng Phc La'),
	(265, '268', 'Phng H Cu'),
	(266, '268', 'Phng Yn Ngha'),
	(267, '268', 'Phng Kin Hng'),
	(268, '268', 'Phng Ph Lm'),
	(269, '268', 'Phng Ph Lng'),
	(270, '268', 'Phng Dng Ni'),
	(271, '268', 'Phng ng Mai'),
	(272, '268', 'Phng Bin Giang'),
	(273, '269', 'Phng L Li'),
	(274, '269', 'Phng Ph Thnh'),
	(275, '269', 'Phng Ng Quyn'),
	(276, '269', 'Phng Quang Trung'),
	(277, '269', 'Phng Sn Lc'),
	(278, '269', 'Phng Xun Khanh'),
	(279, '269', 'X ng Lm'),
	(280, '269', 'Phng Vin Sn'),
	(281, '269', 'X Xun Sn'),
	(282, '269', 'Phng Trung Hng'),
	(283, '269', 'X Thanh M'),
	(284, '269', 'Phng Trung Sn Trm'),
	(285, '269', 'X Kim Sn'),
	(286, '269', 'X Sn ng'),
	(287, '269', 'X C ng'),
	(288, '271', 'Th trn Ty ng'),
	(289, '271', 'X Ph Cng'),
	(290, '271', 'X C '),
	(291, '271', 'X Tn Hng'),
	(292, '271', 'X Vn Thng'),
	(293, '271', 'X Chu Sn'),
	(294, '271', 'X Phong Vn'),
	(295, '271', 'X Ph ng'),
	(296, '271', 'X Ph Phng'),
	(297, '271', 'X Ph Chu'),
	(298, '271', 'X Thi Ha'),
	(299, '271', 'X ng Thi'),
	(300, '271', 'X Ph Sn'),
	(301, '271', 'X Minh Chu'),
	(302, '271', 'X Vt Li'),
	(303, '271', 'X Chu Minh'),
	(304, '271', 'X Tng Bt'),
	(305, '271', 'X Cm Lnh'),
	(306, '271', 'X Sn '),
	(307, '271', 'X ng Quang'),
	(308, '271', 'X Tin Phong'),
	(309, '271', 'X Thy An'),
	(310, '271', 'X Cam Thng'),
	(311, '271', 'X Thun M'),
	(312, '271', 'X Tn Lnh'),
	(313, '271', 'X Ba Tri'),
	(314, '271', 'X Minh Quang'),
	(315, '271', 'X Ba V'),
	(316, '271', 'X Vn Ha'),
	(317, '271', 'X Yn Bi'),
	(318, '271', 'X Khnh Thng'),
	(319, '272', 'Th trn Phc Th'),
	(320, '272', 'X Vn H'),
	(321, '272', 'X Vn Phc'),
	(322, '272', 'X Vn Nam'),
	(323, '272', 'X Xun nh'),
	(324, '272', 'X Sen Phng'),
	(325, '272', 'X Vng Xuyn'),
	(326, '272', 'X Th Lc'),
	(327, '272', 'X Long Xuyn'),
	(328, '272', 'X Thng Cc'),
	(329, '272', 'X Ht Mn'),
	(330, '272', 'X Tch Giang'),
	(331, '272', 'X Thanh a'),
	(332, '272', 'X Trch M Lc'),
	(333, '272', 'X Phc Ha'),
	(334, '272', 'X Ngc To'),
	(335, '272', 'X Phng Thng'),
	(336, '272', 'X Tam Thun'),
	(337, '272', 'X Tam Hip'),
	(338, '272', 'X Hip Thun'),
	(339, '272', 'X Lin Hip'),
	(340, '273', 'Th trn Phng'),
	(341, '273', 'X Trung Chu'),
	(342, '273', 'X Th An'),
	(343, '273', 'X Th Xun'),
	(344, '273', 'X Hng H'),
	(345, '273', 'X Lin Hng'),
	(346, '273', 'X Lin H'),
	(347, '273', 'X H M'),
	(348, '273', 'X Lin Trung'),
	(349, '273', 'X Phng nh'),
	(350, '273', 'X Thng M'),
	(351, '273', 'X Tn Hi'),
	(352, '273', 'X Tn Lp'),
	(353, '273', 'X an Phng'),
	(354, '273', 'X ng Thp'),
	(355, '273', 'X Song Phng'),
	(356, '274', 'Th trn Trm Tri'),
	(357, '274', 'X c Thng'),
	(358, '274', 'X Minh Khai'),
	(359, '274', 'X Dng Liu'),
	(360, '274', 'X Di Trch'),
	(361, '274', 'X c Giang'),
	(362, '274', 'X Ct Qu'),
	(363, '274', 'X Kim Chung'),
	(364, '274', 'X Yn S'),
	(365, '274', 'X Sn ng'),
	(366, '274', 'X Vn Canh'),
	(367, '274', 'X c S'),
	(368, '274', 'X Li Yn'),
	(369, '274', 'X Tin Yn'),
	(370, '274', 'X Song Phng'),
	(371, '274', 'X An Khnh'),
	(372, '274', 'X An Thng'),
	(373, '274', 'X Vn Cn'),
	(374, '274', 'X La Ph'),
	(375, '274', 'X ng La'),
	(376, '275', 'X ng Xun'),
	(377, '275', 'Th trn Quc Oai'),
	(378, '275', 'X Si Sn'),
	(379, '275', 'X Phng Cch'),
	(380, '275', 'X Yn Sn'),
	(381, '275', 'X Ngc Lip'),
	(382, '275', 'X Ngc M'),
	(383, '275', 'X Lip Tuyt'),
	(384, '275', 'X Thch Thn'),
	(385, '275', 'X ng Quang'),
	(386, '275', 'X Ph Ct'),
	(387, '275', 'X Tuyt Ngha'),
	(388, '275', 'X Ngha Hng'),
	(389, '275', 'X Cng Ha'),
	(390, '275', 'X Tn Ph'),
	(391, '275', 'X i Thnh'),
	(392, '275', 'X Ph Mn'),
	(393, '275', 'X Cn Hu'),
	(394, '275', 'X Tn Ha'),
	(395, '275', 'X Ha Thch'),
	(396, '275', 'X ng Yn'),
	(397, '276', 'X Yn Trung'),
	(398, '276', 'X Yn Bnh'),
	(399, '276', 'X Tin Xun'),
	(400, '276', 'Th trn Lin Quan'),
	(401, '276', 'X i ng'),
	(402, '276', 'X Cm Yn'),
	(403, '276', 'X Li Thng'),
	(404, '276', 'X Ph Kim'),
	(405, '276', 'X Hng Ngi'),
	(406, '276', 'X Canh Nu'),
	(407, '276', 'X Kim Quan'),
	(408, '276', 'X D Nu'),
	(409, '276', 'X Bnh Yn'),
	(410, '276', 'X Chng Sn'),
	(411, '276', 'X Thch Ho'),
	(412, '276', 'X Cn Kim'),
	(413, '276', 'X Hu Bng'),
	(414, '276', 'X Phng X'),
	(415, '276', 'X Tn X'),
	(416, '276', 'X Thch X'),
	(417, '276', 'X Bnh Ph'),
	(418, '276', 'X H Bng'),
	(419, '276', 'X ng Trc'),
	(420, '277', 'Th trn Chc Sn'),
	(421, '277', 'Th trn Xun Mai'),
	(422, '277', 'X Phng Chu'),
	(423, '277', 'X Tin Phng'),
	(424, '277', 'X ng Sn'),
	(425, '277', 'X ng Phng Yn'),
	(426, '277', 'X Ph Ngha'),
	(427, '277', 'X Trng Yn'),
	(428, '277', 'X Ngc Ha'),
	(429, '277', 'X Thy Xun Tin'),
	(430, '277', 'X Thanh Bnh'),
	(431, '277', 'X Trung Ha'),
	(432, '277', 'X i Yn'),
	(433, '277', 'X Thy Hng'),
	(434, '277', 'X Tt ng'),
	(435, '277', 'X Lam in'),
	(436, '277', 'X Tn Tin'),
	(437, '277', 'X Nam Phng Tin'),
	(438, '277', 'X Hp ng'),
	(439, '277', 'X Hong Vn Th'),
	(440, '277', 'X Hong Diu'),
	(441, '277', 'X Hu Vn'),
	(442, '277', 'X Qung B'),
	(443, '277', 'X M Lng'),
	(444, '277', 'X Thng Vc'),
	(445, '277', 'X Hng Phong'),
	(446, '277', 'X ng Ph'),
	(447, '277', 'X Trn Ph'),
	(448, '277', 'X Vn V'),
	(449, '277', 'X ng Lc'),
	(450, '277', 'X Ha Chnh'),
	(451, '277', 'X Ph Nam An'),
	(452, '278', 'Th trn Kim Bi'),
	(453, '278', 'X C Kh'),
	(454, '278', 'X Bch Ha'),
	(455, '278', 'X M Hng'),
	(456, '278', 'X Cao Vin'),
	(457, '278', 'X Bnh Minh'),
	(458, '278', 'X Tam Hng'),
	(459, '278', 'X Thanh Cao'),
	(460, '278', 'X Thanh Thy'),
	(461, '278', 'X Thanh Mai'),
	(462, '278', 'X Thanh Vn'),
	(463, '278', 'X  ng'),
	(464, '278', 'X Kim An'),
	(465, '278', 'X Kim Th'),
	(466, '278', 'X Phng Trung'),
	(467, '278', 'X Tn c'),
	(468, '278', 'X Dn Ha'),
	(469, '278', 'X Lin Chu'),
	(470, '278', 'X Cao Dng'),
	(471, '278', 'X Xun Dng'),
	(472, '278', 'X Hng Dng'),
	(473, '279', 'Th trn Thng Tn'),
	(474, '279', 'X Ninh S'),
	(475, '279', 'X Nh Kh'),
	(476, '279', 'X Duyn Thi'),
	(477, '279', 'X Khnh H'),
	(478, '279', 'X Ha Bnh'),
	(479, '279', 'X Vn Bnh'),
	(480, '279', 'X Hin Giang'),
	(481, '279', 'X Hng Vn'),
	(482, '279', 'X Vn To'),
	(483, '279', 'X Lin Phng'),
	(484, '279', 'X Vn Ph'),
	(485, '279', 'X T Nhin'),
	(486, '279', 'X Tin Phong'),
	(487, '279', 'X H Hi'),
	(488, '279', 'X Th Ph'),
	(489, '279', 'X Nguyn Tri'),
	(490, '279', 'X Qut ng'),
	(491, '279', 'X Chng Dng'),
	(492, '279', 'X Tn Minh'),
	(493, '279', 'X L Li'),
	(494, '279', 'X Thng Li'),
	(495, '279', 'X Dng Tin'),
	(496, '279', 'X Thng Nht'),
	(497, '279', 'X Nghim Xuyn'),
	(498, '279', 'X T Hiu'),
	(499, '279', 'X Vn T'),
	(500, '279', 'X Vn im'),
	(501, '279', 'X Minh Cng'),
	(502, '280', 'Th trn Ph Minh'),
	(503, '280', 'Th trn Ph Xuyn'),
	(504, '280', 'X Hng Minh'),
	(505, '280', 'X Phng Dc'),
	(506, '280', 'X Nam Tin'),
	(507, '280', 'X Tri Trung'),
	(508, '280', 'X i Thng'),
	(509, '280', 'X Ph Tc'),
	(510, '280', 'X Vn Hong'),
	(511, '280', 'X Hng Thi'),
	(512, '280', 'X Hong Long'),
	(513, '280', 'X Quang Trung'),
	(514, '280', 'X Nam Phong'),
	(515, '280', 'X Nam Triu'),
	(516, '280', 'X Tn Dn'),
	(517, '280', 'X Sn H'),
	(518, '280', 'X Chuyn M'),
	(519, '280', 'X Khai Thi'),
	(520, '280', 'X Phc Tin'),
	(521, '280', 'X Vn T'),
	(522, '280', 'X Tri Thy'),
	(523, '280', 'X i Xuyn'),
	(524, '280', 'X Ph Yn'),
	(525, '280', 'X Bch H'),
	(526, '280', 'X Quang Lng'),
	(527, '280', 'X Chu Can'),
	(528, '280', 'X Minh Tn'),
	(529, '281', 'Th trn Vn nh'),
	(530, '281', 'X Vin An'),
	(531, '281', 'X Vin Ni'),
	(532, '281', 'X Hoa Sn'),
	(533, '281', 'X Qung Ph Cu'),
	(534, '281', 'X Trng Thnh'),
	(535, '281', 'X Cao Thnh'),
	(536, '281', 'X Lin Bt'),
	(537, '281', 'X Sn Cng'),
	(538, '281', 'X ng Tin'),
	(539, '281', 'X Phng T'),
	(540, '281', 'X Trung T'),
	(541, '281', 'X ng Tn'),
	(542, '281', 'X To Dng Vn'),
	(543, '281', 'X Vn Thi'),
	(544, '281', 'X Minh c'),
	(545, '281', 'X Ha Lm'),
	(546, '281', 'X Ha X'),
	(547, '281', 'X Trm Lng'),
	(548, '281', 'X Kim ng'),
	(549, '281', 'X Ha Nam'),
	(550, '281', 'X Ha Ph'),
	(551, '281', 'X i Bnh'),
	(552, '281', 'X i Hng'),
	(553, '281', 'X ng L'),
	(554, '281', 'X Ph Lu'),
	(555, '281', 'X i Cng'),
	(556, '281', 'X Lu Hong'),
	(557, '281', 'X Hng Quang'),
	(558, '282', 'Th trn i Ngha'),
	(559, '282', 'X ng Tm'),
	(560, '282', 'X Thng Lm'),
	(561, '282', 'X Tuy Lai'),
	(562, '282', 'X Phc Lm'),
	(563, '282', 'X M Thnh'),
	(564, '282', 'X Bt Xuyn'),
	(565, '282', 'X An M'),
	(566, '282', 'X Hng Sn'),
	(567, '282', 'X L Thanh'),
	(568, '282', 'X Xuy X'),
	(569, '282', 'X Phng X'),
	(570, '282', 'X Ph Lu T'),
	(571, '282', 'X i Hng'),
	(572, '282', 'X Vn Kim'),
	(573, '282', 'X c Tn'),
	(574, '282', 'X Hng Sn'),
	(575, '282', 'X Hng Tin'),
	(576, '282', 'X An Tin'),
	(577, '282', 'X Hp Tin'),
	(578, '282', 'X Hp Thanh'),
	(579, '282', 'X An Ph'),
	(580, '024', 'Phng Quang Trung'),
	(581, '024', 'Phng Trn Ph'),
	(582, '024', 'Phng Ngc H'),
	(583, '024', 'Phng Nguyn Tri'),
	(584, '024', 'Phng Minh Khai'),
	(585, '024', 'X Ngc ng'),
	(586, '024', 'X Phng '),
	(587, '024', 'X Phng Thin'),
	(588, '026', 'Th trn Ph Bng'),
	(589, '026', 'X Lng C'),
	(590, '026', 'X M L'),
	(591, '026', 'Th trn ng Vn'),
	(592, '026', 'X Lng To'),
	(593, '026', 'X Ph L'),
	(594, '026', 'X Thi Phn Tng'),
	(595, '026', 'X Sng L'),
	(596, '026', 'X X Phn'),
	(597, '026', 'X T Phn'),
	(598, '026', 'X T Lng'),
	(599, '026', 'X Ph Co'),
	(600, '026', 'X Snh Lng'),
	(601, '026', 'X Sng Tng'),
	(602, '026', 'X Lng Thu'),
	(603, '026', 'X H Qung Phn'),
	(604, '026', 'X Vn Chi'),
	(605, '026', 'X Lng Phn'),
	(606, '026', 'X Sng Tri'),
	(607, '027', 'Th trn Mo Vc'),
	(608, '027', 'X Thng Phng'),
	(609, '027', 'X Pi Lng'),
	(610, '027', 'X Xn Ci'),
	(611, '027', 'X P Vi'),
	(612, '027', 'X Ging Chu Phn'),
	(613, '027', 'X Sng Tr'),
	(614, '027', 'X Sng Mng'),
	(615, '027', 'X Sn V'),
	(616, '027', 'X T Lng'),
	(617, '027', 'X Cn Chu Phn'),
	(618, '027', 'X Lng P'),
	(619, '027', 'X Lng Chinh'),
	(620, '027', 'X Tt Ng'),
	(621, '027', 'X Nm Ban'),
	(622, '027', 'X Khu Vai'),
	(623, '027', 'X Nim Tng'),
	(624, '027', 'X Nim Sn'),
	(625, '028', 'Th trn Yn Minh'),
	(626, '028', 'X Thng M'),
	(627, '028', 'X Ph Lng'),
	(628, '028', 'X Sng Trng'),
	(629, '028', 'X Bch ch'),
	(630, '028', 'X Na Kh'),
	(631, '028', 'X Sng Thi'),
	(632, '028', 'X Hu Vinh'),
	(633, '028', 'X Lao V Chi'),
	(634, '028', 'X Mu Du'),
	(635, '028', 'X ng Minh'),
	(636, '028', 'X Mu Long'),
	(637, '028', 'X Ngam La'),
	(638, '028', 'X Ngc Long'),
	(639, '028', 'X ng Thng'),
	(640, '028', 'X Lng H'),
	(641, '028', 'X Du Tin'),
	(642, '028', 'X Du Gi'),
	(643, '029', 'Th trn Tam Sn'),
	(644, '029', 'X Bt i Sn'),
	(645, '029', 'X Ngha Thun'),
	(646, '029', 'X Cn T'),
	(647, '029', 'X Cao M P'),
	(648, '029', 'X Thanh Vn'),
	(649, '029', 'X Tng Vi'),
	(650, '029', 'X ng H'),
	(651, '029', 'X Qun B'),
	(652, '029', 'X Lng Tm'),
	(653, '029', 'X Quyt Tin'),
	(654, '029', 'X T Vn'),
	(655, '029', 'X Thi An'),
	(656, '030', 'X Kim Thch'),
	(657, '030', 'X Ph Linh'),
	(658, '030', 'X Kim Linh'),
	(659, '030', 'Th trn V Xuyn'),
	(660, '030', 'Th trn Nng Trng Vit Lm'),
	(661, '030', 'X Minh Tn'),
	(662, '030', 'X Thun Ho'),
	(663, '030', 'X Tng B'),
	(664, '030', 'X Thanh Thy'),
	(665, '030', 'X Thanh c'),
	(666, '030', 'X Phong Quang'),
	(667, '030', 'X Xn Chi'),
	(668, '030', 'X Phng Tin'),
	(669, '030', 'X Lao Chi'),
	(670, '030', 'X Cao B'),
	(671, '030', 'X o c'),
	(672, '030', 'X Thng Sn'),
	(673, '030', 'X Linh H'),
	(674, '030', 'X Qung Ngn'),
	(675, '030', 'X Vit Lm'),
	(676, '030', 'X Ngc Linh'),
	(677, '030', 'X Ngc Minh'),
	(678, '030', 'X Bch Ngc'),
	(679, '030', 'X Trung Thnh'),
	(680, '031', 'X Minh Sn'),
	(681, '031', 'X Gip Trung'),
	(682, '031', 'X Yn nh'),
	(683, '031', 'Th trn Yn Ph'),
	(684, '031', 'X Minh Ngc'),
	(685, '031', 'X Yn Phong'),
	(686, '031', 'X Lc Nng'),
	(687, '031', 'X Ph Nam'),
	(688, '031', 'X Yn Cng'),
	(689, '031', 'X Thng Tn'),
	(690, '031', 'X ng m'),
	(691, '031', 'X ng Hng'),
	(692, '031', 'X Phing Lung'),
	(693, '032', 'Th trn Vinh Quang'),
	(694, '032', 'X Bn My'),
	(695, '032', 'X Thng Tn'),
	(696, '032', 'X Thn Chu Phn'),
	(697, '032', 'X P L'),
	(698, '032', 'X Bn Phng'),
	(699, '032', 'X Tng Sn'),
	(700, '032', 'X Chin Ph'),
	(701, '032', 'X n Vn'),
	(702, '032', 'X T Nhn'),
	(703, '032', 'X Tn Tin'),
	(704, '032', 'X Nng n'),
	(705, '032', 'X P Ly Ngi'),
	(706, '032', 'X Sn X H'),
	(707, '032', 'X Bn Luc'),
	(708, '032', 'X Ngm ng Vi'),
	(709, '032', 'X Bn Nhng'),
	(710, '032', 'X T S Chong'),
	(711, '032', 'X Nm Dch'),
	(712, '032', 'X H Thu'),
	(713, '032', 'X Nam Sn'),
	(714, '032', 'X Nm T'),
	(715, '032', 'X Thng Nguyn'),
	(716, '032', 'X Nm Kha'),
	(717, '033', 'Th trn Cc Pi'),
	(718, '033', 'X Nn Xn'),
	(719, '033', 'X Bn Du'),
	(720, '033', 'X Ch C'),
	(721, '033', 'X Xn Mn'),
	(722, '033', 'X Thn Phng'),
	(723, '033', 'X Trung Thnh'),
	(724, '033', 'X P Vy S'),
	(725, '033', 'X Cc R'),
	(726, '033', 'X Thu T'),
	(727, '033', 'X Nn Ma'),
	(728, '033', 'X T Nhu'),
	(729, '033', 'X Bn Ng'),
	(730, '033', 'X Ch L'),
	(731, '033', 'X Nm Dn'),
	(732, '033', 'X Qung Nguyn'),
	(733, '033', 'X N Ch'),
	(734, '033', 'X Khun Lng'),
	(735, '034', 'Th trn Vit Quang'),
	(736, '034', 'Th trn Vnh Tuy'),
	(737, '034', 'X Tn Lp'),
	(738, '034', 'X Tn Thnh'),
	(739, '034', 'X ng Tin'),
	(740, '034', 'X ng Tm'),
	(741, '034', 'X Tn Quang'),
	(742, '034', 'X Thng Bnh'),
	(743, '034', 'X Hu Sn'),
	(744, '034', 'X Kim Ngc'),
	(745, '034', 'X Vit Vinh'),
	(746, '034', 'X Bng Hnh'),
	(747, '034', 'X Quang Minh'),
	(748, '034', 'X Lin Hip'),
	(749, '034', 'X V im'),
	(750, '034', 'X Vit Hng'),
	(751, '034', 'X Hng An'),
	(752, '034', 'X c Xun'),
	(753, '034', 'X Tin Kiu'),
	(754, '034', 'X Vnh Ho'),
	(755, '034', 'X Vnh Phc'),
	(756, '034', 'X ng Yn'),
	(757, '034', 'X ng Thnh'),
	(758, '035', 'X Xun Minh'),
	(759, '035', 'X Tin Nguyn'),
	(760, '035', 'X Tn Nam'),
	(761, '035', 'X Bn Ra'),
	(762, '035', 'X Yn Thnh'),
	(763, '035', 'Th trn Yn Bnh'),
	(764, '035', 'X Tn Trnh'),
	(765, '035', 'X Tn Bc'),
	(766, '035', 'X Bng Lang'),
	(767, '035', 'X Yn H'),
	(768, '035', 'X Hng Sn'),
	(769, '035', 'X Xun Giang'),
	(770, '035', 'X N Khng'),
	(771, '035', 'X Tin Yn'),
	(772, '035', 'X V Thng'),
	(773, '040', 'Phng Sng Hin'),
	(774, '040', 'Phng Sng Bng'),
	(775, '040', 'Phng Hp Giang'),
	(776, '040', 'Phng Tn Giang'),
	(777, '040', 'Phng Ngc Xun'),
	(778, '040', 'Phng  Thm'),
	(779, '040', 'Phng Ho Chung'),
	(780, '040', 'Phng Duyt Trung'),
	(781, '040', 'X Vnh Quang'),
	(782, '040', 'X Hng o'),
	(783, '040', 'X Chu Trinh'),
	(784, '042', 'Th trn Pc Miu'),
	(785, '042', 'X c Hnh'),
	(786, '042', 'X L Bn'),
	(787, '042', 'X Nam Cao'),
	(788, '042', 'X Nam Quang'),
	(789, '042', 'X Vnh Quang'),
	(790, '042', 'X Qung Lm'),
	(791, '042', 'X Thch Lm'),
	(792, '042', 'X Vnh Phong'),
	(793, '042', 'X Mng n'),
	(794, '042', 'X Thi Hc'),
	(795, '042', 'X Thi Sn'),
	(796, '042', 'X Yn Th'),
	(797, '043', 'Th trn Bo Lc'),
	(798, '043', 'X Cc Png'),
	(799, '043', 'X Thng H'),
	(800, '043', 'X C Ba'),
	(801, '043', 'X Bo Ton'),
	(802, '043', 'X Khnh Xun'),
	(803, '043', 'X Xun Trng'),
	(804, '043', 'X Hng Tr'),
	(805, '043', 'X Kim Cc'),
	(806, '043', 'X Phan Thanh'),
	(807, '043', 'X Hng An'),
	(808, '043', 'X Hng o'),
	(809, '043', 'X Hng Thnh'),
	(810, '043', 'X Huy Gip'),
	(811, '043', 'X nh Phng'),
	(812, '043', 'X Sn Lp'),
	(813, '043', 'X Sn L'),
	(814, '045', 'Th trn Thng Nng'),
	(815, '045', 'X Cn Yn'),
	(816, '045', 'X Cn Nng'),
	(817, '045', 'X Lng Thng'),
	(818, '045', 'X a Thng'),
	(819, '045', 'X Ngc ng'),
	(820, '045', 'X Yn Sn'),
	(821, '045', 'X Lng Can'),
	(822, '045', 'X Thanh Long'),
	(823, '045', 'Th trn Xun Ha'),
	(824, '045', 'X Lng Nm'),
	(825, '045', 'X Trng H'),
	(826, '045', 'X Ci Vin'),
	(827, '045', 'X Ni Thn'),
	(828, '045', 'X Tng Ct'),
	(829, '045', 'X Sc H'),
	(830, '045', 'X Thng Thn'),
	(831, '045', 'X Hng S'),
	(832, '045', 'X Qu Qun'),
	(833, '045', 'X M Ba'),
	(834, '045', 'X Ngc o'),
	(835, '047', 'Th trn Tr Lnh'),
	(836, '047', 'X Tri Phng'),
	(837, '047', 'X Quang Hn'),
	(838, '047', 'X Xun Ni'),
	(839, '047', 'X Quang Trung'),
	(840, '047', 'X Quang Vinh'),
	(841, '047', 'X Cao Chng'),
	(842, '047', 'Th trn Trng Khnh'),
	(843, '047', 'X Ngc Kh'),
	(844, '047', 'X Ngc Cn'),
	(845, '047', 'X Phong Nm'),
	(846, '047', 'X nh Phong'),
	(847, '047', 'X m Thu'),
	(848, '047', 'X Khm Thnh'),
	(849, '047', 'X Ch Vin'),
	(850, '047', 'X Lng Hiu'),
	(851, '047', 'X Phong Chu'),
	(852, '047', 'X Trung Phc'),
	(853, '047', 'X Cao Thng'),
	(854, '047', 'X c Hng'),
	(855, '047', 'X oi Dng'),
	(856, '048', 'X Minh Long'),
	(857, '048', 'X L Quc'),
	(858, '048', 'X Thng Li'),
	(859, '048', 'X ng Loan'),
	(860, '048', 'X c Quang'),
	(861, '048', 'X Kim Loan'),
	(862, '048', 'X Quang Long'),
	(863, '048', 'X An Lc'),
	(864, '048', 'Th trn Thanh Nht'),
	(865, '048', 'X Vinh Qu'),
	(866, '048', 'X Thng Nht'),
	(867, '048', 'X C Ngn'),
	(868, '048', 'X Th Hoa'),
	(869, '049', 'X Quc Ton'),
	(870, '049', 'Th trn Qung Uyn'),
	(871, '049', 'X Phi Hi'),
	(872, '049', 'X Qung Hng'),
	(873, '049', 'X c Lp'),
	(874, '049', 'X Cai B'),
	(875, '049', 'X Phc Sen'),
	(876, '049', 'X Ch Tho'),
	(877, '049', 'X T Do'),
	(878, '049', 'X Hng Quang'),
	(879, '049', 'X Ngc ng'),
	(880, '049', 'X Hnh Phc'),
	(881, '049', 'Th trn T Lng'),
	(882, '049', 'X B Vn n'),
	(883, '049', 'X Cch Linh'),
	(884, '049', 'X i Sn'),
	(885, '049', 'X Tin Thnh'),
	(886, '049', 'Th trn Ho Thun'),
	(887, '049', 'X M Hng'),
	(888, '051', 'Th trn Nc Hai'),
	(889, '051', 'X Dn Ch'),
	(890, '051', 'X Nam Tun'),
	(891, '051', 'X i Tin'),
	(892, '051', 'X c Long'),
	(893, '051', 'X Ng Lo'),
	(894, '051', 'X Trng Lng'),
	(895, '051', 'X Hng Vit'),
	(896, '051', 'X Hong Tung'),
	(897, '051', 'X Nguyn Hu'),
	(898, '051', 'X Quang Trung'),
	(899, '051', 'X Bch ng'),
	(900, '051', 'X Bnh Dng'),
	(901, '051', 'X L Chung'),
	(902, '051', 'X Hng Nam'),
	(903, '052', 'Th trn Nguyn Bnh'),
	(904, '052', 'Th trn Tnh Tc'),
	(905, '052', 'X Yn Lc'),
	(906, '052', 'X Triu Nguyn'),
	(907, '052', 'X Ca Thnh'),
	(908, '052', 'X V Nng'),
	(909, '052', 'X Minh Tm'),
	(910, '052', 'X Th Dc'),
	(911, '052', 'X Mai Long'),
	(912, '052', 'X V Minh'),
	(913, '052', 'X Hoa Thm'),
	(914, '052', 'X Phan Thanh'),
	(915, '052', 'X Quang Thnh'),
	(916, '052', 'X Tam Kim'),
	(917, '052', 'X Thnh Cng'),
	(918, '052', 'X Thnh Vng'),
	(919, '052', 'X Hng o'),
	(920, '053', 'Th trn ng Kh'),
	(921, '053', 'X Canh Tn'),
	(922, '053', 'X Kim ng'),
	(923, '053', 'X Minh Khai'),
	(924, '053', 'X c Thng'),
	(925, '053', 'X Thi Cng'),
	(926, '053', 'X Vn Trnh'),
	(927, '053', 'X Thy Hng'),
	(928, '053', 'X Quang Trng'),
	(929, '053', 'X Trng Con'),
	(930, '053', 'X L Lai'),
	(931, '053', 'X c Long'),
	(932, '053', 'X L Li'),
	(933, '053', 'X c Xun'),
	(934, '058', 'Phng Nguyn Th Minh Khai'),
	(935, '058', 'Phng Sng Cu'),
	(936, '058', 'Phng c Xun'),
	(937, '058', 'Phng Phng Ch Kin'),
	(938, '058', 'Phng Huyn Tng'),
	(939, '058', 'X Dng Quang'),
	(940, '058', 'X Nng Thng'),
	(941, '058', 'Phng Xut Ha'),
	(942, '060', 'X Bng Thnh'),
	(943, '060', 'X Nhn Mn'),
	(944, '060', 'X Bc B'),
	(945, '060', 'X Cng Bng'),
	(946, '060', 'X Gio Hiu'),
	(947, '060', 'X Xun La'),
	(948, '060', 'X An Thng'),
	(949, '060', 'X C Linh'),
	(950, '060', 'X Nghin Loan'),
	(951, '060', 'X Cao Tn'),
	(952, '061', 'Th trn Ch R'),
	(953, '061', 'X Bnh Trch'),
	(954, '061', 'X Phc Lc'),
	(955, '061', 'X H Hiu'),
	(956, '061', 'X Cao Thng'),
	(957, '061', 'X Khang Ninh'),
	(958, '061', 'X Nam Mu'),
	(959, '061', 'X Thng Gio'),
	(960, '061', 'X a Linh'),
	(961, '061', 'X Yn Dng'),
	(962, '061', 'X Chu Hng'),
	(963, '061', 'X Qung Kh'),
	(964, '061', 'X M Phng'),
	(965, '061', 'X Hong Tr'),
	(966, '061', 'X ng Phc'),
	(967, '062', 'Th trn N Phc'),
	(968, '062', 'X Thng n'),
	(969, '062', 'X Bng Vn'),
	(970, '062', 'X Cc n'),
	(971, '062', 'X Trung Ho'),
	(972, '062', 'X c Vn'),
	(973, '062', 'Th trn Vn Tng'),
	(974, '062', 'X Thng Quan'),
	(975, '062', 'X Hip Lc'),
	(976, '062', 'X Thun Mang'),
	(977, '063', 'Th trn Ph Thng'),
	(978, '063', 'X Vi Hng'),
	(979, '063', 'X S Bnh'),
	(980, '063', 'X V Mun'),
	(981, '063', 'X n Phong'),
	(982, '063', 'X Lc Bnh'),
	(983, '063', 'X Tn T'),
	(984, '063', 'X Nguyn Phc'),
	(985, '063', 'X Cao Sn'),
	(986, '063', 'X Qun H'),
	(987, '063', 'X Cm Ging'),
	(988, '063', 'X M Thanh'),
	(989, '063', 'X Dng Phong'),
	(990, '063', 'X Quang Thun'),
	(991, '064', 'Th trn Bng Lng'),
	(992, '064', 'X Xun Lc'),
	(993, '064', 'X Nam Cng'),
	(994, '064', 'X ng Lc'),
	(995, '064', 'X Tn Lp'),
	(996, '064', 'X Bn Thi'),
	(997, '064', 'X Qung Bch'),
	(998, '064', 'X Bng Phc'),
	(999, '064', 'X Yn Thnh'),
	(1000, '064', 'X Yn Thng'),
	(1001, '064', 'X Phng Vin'),
	(1002, '064', 'X Ngc Phi'),
	(1003, '064', 'X ng Thng'),
	(1004, '064', 'X Lng Bng'),
	(1005, '064', 'X Bng Lng'),
	(1006, '064', 'X i So'),
	(1007, '064', 'X Ngha T'),
	(1008, '064', 'X Yn M'),
	(1009, '064', 'X Bnh Trung'),
	(1010, '064', 'X Yn Phong'),
	(1011, '065', 'Th trn ng Tm'),
	(1012, '065', 'X Tn Sn'),
	(1013, '065', 'X Thanh Vn'),
	(1014, '065', 'X Mai Lp'),
	(1015, '065', 'X Ho Mc'),
	(1016, '065', 'X Thanh Mai'),
	(1017, '065', 'X Cao K'),
	(1018, '065', 'X Nng H'),
	(1019, '065', 'X Yn C'),
	(1020, '065', 'X Thanh Thnh'),
	(1021, '065', 'X Yn Hn'),
	(1022, '065', 'X Nh C'),
	(1023, '065', 'X Bnh Vn'),
	(1024, '065', 'X Qung Chu'),
	(1025, '066', 'X Vn V'),
	(1026, '066', 'X Vn Lang'),
	(1027, '066', 'X Lng Thng'),
	(1028, '066', 'X Kim H'),
	(1029, '066', 'X Cng Li'),
	(1030, '066', 'Th trn Yn Lc'),
	(1031, '066', 'X Kim L'),
	(1032, '066', 'X Sn Thnh'),
	(1033, '066', 'X Vn Minh'),
	(1034, '066', 'X Cn Minh'),
	(1035, '066', 'X C L'),
	(1036, '066', 'X Trn Ph'),
	(1037, '066', 'X Quang Phong'),
	(1038, '066', 'X Dng Sn'),
	(1039, '066', 'X Xun Dng'),
	(1040, '066', 'X ng X'),
	(1041, '066', 'X Lim Thu'),
	(1042, '070', 'Phng Phan Thit'),
	(1043, '070', 'Phng Minh Xun'),
	(1044, '070', 'Phng Tn Quang'),
	(1045, '070', 'X Trng '),
	(1046, '070', 'Phng Nng Tin'),
	(1047, '070', 'Phng  La'),
	(1048, '070', 'Phng Tn H'),
	(1049, '070', 'Phng Hng Thnh'),
	(1050, '070', 'X Kim Ph'),
	(1051, '070', 'X An Khang'),
	(1052, '070', 'Phng M Lm'),
	(1053, '070', 'Phng An Tng'),
	(1054, '070', 'X Lng Vng'),
	(1055, '070', 'X Thi Long'),
	(1056, '070', 'Phng i Cn'),
	(1057, '071', 'X Phc Yn'),
	(1058, '071', 'X Xun Lp'),
	(1059, '071', 'X Khun H'),
	(1060, '071', 'Th trn Lng Can'),
	(1061, '071', 'X Thng Lm'),
	(1062, '071', 'X Bnh An'),
	(1063, '071', 'X Hng Quang'),
	(1064, '071', 'X Th Bnh'),
	(1065, '071', 'X Phc Sn'),
	(1066, '071', 'X Minh Quang'),
	(1067, '072', 'Th trn Na Hang'),
	(1068, '072', 'X Sinh Long'),
	(1069, '072', 'X Thng Gip'),
	(1070, '072', 'X Thng Nng'),
	(1071, '072', 'X Cn Ln'),
	(1072, '072', 'X Yn Hoa'),
	(1073, '072', 'X Hng Thi'),
	(1074, '072', 'X  V'),
	(1075, '072', 'X Khau Tinh'),
	(1076, '072', 'X Sn Ph'),
	(1077, '072', 'X Nng Kh'),
	(1078, '072', 'X Thanh Tng'),
	(1079, '073', 'Th trn Vnh Lc'),
	(1080, '073', 'X Trung H'),
	(1081, '073', 'X Tn M'),
	(1082, '073', 'X H Lang'),
	(1083, '073', 'X Hng M'),
	(1084, '073', 'X Yn Lp'),
	(1085, '073', 'X Tn An'),
	(1086, '073', 'X Bnh Ph'),
	(1087, '073', 'X Xun Quang'),
	(1088, '073', 'X Ngc Hi'),
	(1089, '073', 'X Ph Bnh'),
	(1090, '073', 'X Ha Ph'),
	(1091, '073', 'X Phc Thnh'),
	(1092, '073', 'X Kin i'),
	(1093, '073', 'X Tn Thnh'),
	(1094, '073', 'X Trung Ha'),
	(1095, '073', 'X Kim Bnh'),
	(1096, '073', 'X Ha An'),
	(1097, '073', 'X Vinh Quang'),
	(1098, '073', 'X Tri Ph'),
	(1099, '073', 'X Nhn L'),
	(1100, '073', 'X Yn Nguyn'),
	(1101, '073', 'X Linh Ph'),
	(1102, '073', 'X Bnh Nhn'),
	(1103, '074', 'Th trn Tn Yn'),
	(1104, '074', 'X Yn Thun'),
	(1105, '074', 'X Bch Xa'),
	(1106, '074', 'X Minh Khng'),
	(1107, '074', 'X Yn Lm'),
	(1108, '074', 'X Minh Dn'),
	(1109, '074', 'X Ph Lu'),
	(1110, '074', 'X Minh Hng'),
	(1111, '074', 'X Yn Ph'),
	(1112, '074', 'X Tn Thnh'),
	(1113, '074', 'X Bnh Xa'),
	(1114, '074', 'X Thi Sn'),
	(1115, '074', 'X Nhn Mc'),
	(1116, '074', 'X Thnh Long'),
	(1117, '074', 'X Bng Cc'),
	(1118, '074', 'X Thi Ha'),
	(1119, '074', 'X c Ninh'),
	(1120, '074', 'X Hng c'),
	(1121, '075', 'X Qu Qun'),
	(1122, '075', 'X Lc Hnh'),
	(1123, '075', 'X Kin Thit'),
	(1124, '075', 'X Trung Minh'),
	(1125, '075', 'X Chiu Yn'),
	(1126, '075', 'X Trung Trc'),
	(1127, '075', 'X Xun Vn'),
	(1128, '075', 'X Phc Ninh'),
	(1129, '075', 'X Hng Li'),
	(1130, '075', 'X Trung Sn'),
	(1131, '075', 'X Tn Tin'),
	(1132, '075', 'X T Qun'),
	(1133, '075', 'X o Vin'),
	(1134, '075', 'X Tn Long'),
	(1135, '075', 'Th trn Yn Sn'),
	(1136, '075', 'X Kim Quan'),
	(1137, '075', 'X Lang Qun'),
	(1138, '075', 'X Ph Thnh'),
	(1139, '075', 'X Cng a'),
	(1140, '075', 'X Trung Mn'),
	(1141, '075', 'X Chn Sn'),
	(1142, '075', 'X Thi Bnh'),
	(1143, '075', 'X Tin B'),
	(1144, '075', 'X M Bng'),
	(1145, '075', 'X Hong Khai'),
	(1146, '075', 'X Nh Hn'),
	(1147, '075', 'X Nh Kh'),
	(1148, '075', 'X i Bnh'),
	(1149, '076', 'Th trn Sn Dng'),
	(1150, '076', 'X Trung Yn'),
	(1151, '076', 'X Minh Thanh'),
	(1152, '076', 'X Tn Tro'),
	(1153, '076', 'X Vnh Li'),
	(1154, '076', 'X Thng m'),
	(1155, '076', 'X Bnh Yn'),
	(1156, '076', 'X Lng Thin'),
	(1157, '076', 'X T Thnh'),
	(1158, '076', 'X Cp Tin'),
	(1159, '076', 'X Hp Thnh'),
	(1160, '076', 'X Phc ng'),
	(1161, '076', 'X ng Th'),
	(1162, '076', 'X Khng Nht'),
	(1163, '076', 'X Hp Ha'),
	(1164, '076', 'X Quyt Thng'),
	(1165, '076', 'X ng Qu'),
	(1166, '076', 'X Tn Thanh'),
	(1167, '076', 'X Vn Ph'),
	(1168, '076', 'X Chi Thit'),
	(1169, '076', 'X ng Li'),
	(1170, '076', 'X Thin K'),
	(1171, '076', 'X Hng Sn'),
	(1172, '076', 'X Ph Lng'),
	(1173, '076', 'X Ninh Lai'),
	(1174, '076', 'X i Ph'),
	(1175, '076', 'X Sn Nam'),
	(1176, '076', 'X Ho Ph'),
	(1177, '076', 'X Tam a'),
	(1178, '076', 'X Trng Sinh'),
	(1179, '080', 'Phng Duyn Hi'),
	(1180, '080', 'Phng Lo Cai'),
	(1181, '080', 'Phng Cc Lu'),
	(1182, '080', 'Phng Kim Tn'),
	(1183, '080', 'Phng Bc Lnh'),
	(1184, '080', 'Phng Pom Hn'),
	(1185, '080', 'Phng Xun Tng'),
	(1186, '080', 'Phng Bnh Minh'),
	(1187, '080', 'X Thng Nht'),
	(1188, '080', 'X ng Tuyn'),
	(1189, '080', 'X Vn Ho'),
	(1190, '080', 'Phng Bc Cng'),
	(1191, '080', 'Phng Nam Cng'),
	(1192, '080', 'X Cam ng'),
	(1193, '080', 'X T Phi'),
	(1194, '080', 'X Hp Thnh'),
	(1195, '080', 'X Cc San'),
	(1196, '082', 'Th trn Bt Xt'),
	(1197, '082', 'X A M Sung'),
	(1198, '082', 'X Nm Chc'),
	(1199, '082', 'X A L'),
	(1200, '082', 'X Trnh Tng'),
	(1201, '082', 'X Y T'),
	(1202, '082', 'X Cc M'),
	(1203, '082', 'X Dn Sng'),
	(1204, '082', 'X Bn Vc'),
	(1205, '082', 'X Sng Ma So'),
	(1206, '082', 'X Bn Qua'),
	(1207, '082', 'X Mng Vi'),
	(1208, '082', 'X Dn Thng'),
	(1209, '082', 'X Bn Xo'),
	(1210, '082', 'X Mng Hum'),
	(1211, '082', 'X Trung Lng H'),
	(1212, '082', 'X Quang Kim'),
	(1213, '082', 'X Pa Cheo'),
	(1214, '082', 'X Nm Pung'),
	(1215, '082', 'X Phn Ngan'),
	(1216, '082', 'X Tng Snh'),
	(1217, '083', 'X Pha Long'),
	(1218, '083', 'X T Ngi Ch'),
	(1219, '083', 'X Tung Chung Ph'),
	(1220, '083', 'Th trn Mng Khng'),
	(1221, '083', 'X Dn Chin'),
	(1222, '083', 'X T Gia Khu'),
	(1223, '083', 'X Nm Chy'),
	(1224, '083', 'X Nm L'),
	(1225, '083', 'X Lng Khu Nhin'),
	(1226, '083', 'X Thanh Bnh'),
	(1227, '083', 'X Cao Sn'),
	(1228, '083', 'X Lng Vai'),
	(1229, '083', 'X Bn Lu'),
	(1230, '083', 'X La Pan Tn'),
	(1231, '083', 'X T Thng'),
	(1232, '083', 'X Bn Sen'),
	(1233, '084', 'X Nn Sn'),
	(1234, '084', 'X Tho Ch Phn'),
	(1235, '084', 'X Bn M'),
	(1236, '084', 'Th trn Si Ma Cai'),
	(1237, '084', 'X Sn Chi'),
	(1238, '084', 'X Lng Thn'),
	(1239, '084', 'X Cn Cu'),
	(1240, '084', 'X Sn Chng'),
	(1241, '084', 'X Quan H Thn'),
	(1242, '084', 'X Nn Xn'),
	(1243, '085', 'Th trn Bc H'),
	(1244, '085', 'X Lng Ci'),
	(1245, '085', 'X Lng Phnh'),
	(1246, '085', 'X T Van Ch'),
	(1247, '085', 'X T C T'),
	(1248, '085', 'X Thi Ging Ph'),
	(1249, '085', 'X Hong Thu Ph'),
	(1250, '085', 'X Bn Ph'),
	(1251, '085', 'X Bn Lin'),
	(1252, '085', 'X Na Hi'),
	(1253, '085', 'X Cc Ly'),
	(1254, '085', 'X Nm Mn'),
	(1255, '085', 'X Nm t'),
	(1256, '085', 'X Nm Khnh'),
	(1257, '085', 'X Bo Nhai'),
	(1258, '085', 'X Nm Lc'),
	(1259, '085', 'X Cc Lu'),
	(1260, '085', 'X Bn Ci'),
	(1261, '086', 'Th trn N.T Phong Hi'),
	(1262, '086', 'Th trn Ph Lu'),
	(1263, '086', 'Th trn Tng Long'),
	(1264, '086', 'X Bn Phit'),
	(1265, '086', 'X Bn Cm'),
	(1266, '086', 'X Thi Nin'),
	(1267, '086', 'X Phong Nin'),
	(1268, '086', 'X Gia Ph'),
	(1269, '086', 'X Xun Quang'),
	(1270, '086', 'X Sn Hi'),
	(1271, '086', 'X Xun Giao'),
	(1272, '086', 'X Tr Quang'),
	(1273, '086', 'X Sn H'),
	(1274, '086', 'X Ph Nhun'),
	(1275, '087', 'Th trn Ph Rng'),
	(1276, '087', 'X Tn Tin'),
	(1277, '087', 'X Ngha '),
	(1278, '087', 'X Vnh Yn'),
	(1279, '087', 'X in Quan'),
	(1280, '087', 'X Xun Ho'),
	(1281, '087', 'X Tn Dng'),
	(1282, '087', 'X Thng H'),
	(1283, '087', 'X Kim Sn'),
	(1284, '087', 'X Cam Cn'),
	(1285, '087', 'X Minh Tn'),
	(1286, '087', 'X Xun Thng'),
	(1287, '087', 'X Vit Tin'),
	(1288, '087', 'X Yn Sn'),
	(1289, '087', 'X Bo H'),
	(1290, '087', 'X Lng Sn'),
	(1291, '087', 'X Phc Khnh'),
	(1292, '088', 'Phng Sa Pa'),
	(1293, '088', 'Phng Sa P'),
	(1294, '088', 'Phng  Qu H'),
	(1295, '088', 'X Ng Ch Sn'),
	(1296, '088', 'Phng Phan Si Png'),
	(1297, '088', 'X Trung Chi'),
	(1298, '088', 'X T Phn'),
	(1299, '088', 'Phng Hm Rng'),
	(1300, '088', 'X Hong Lin'),
	(1301, '088', 'X Thanh Bnh'),
	(1302, '088', 'Phng Cu My'),
	(1303, '088', 'X Mng Hoa'),
	(1304, '088', 'X T Van'),
	(1305, '088', 'X Mng Bo'),
	(1306, '088', 'X Bn H'),
	(1307, '088', 'X Lin Minh'),
	(1308, '089', 'Th trn Khnh Yn'),
	(1309, '089', 'X V Lao'),
	(1310, '089', 'X Sn Thu'),
	(1311, '089', 'X Nm M'),
	(1312, '089', 'X Tn Thng'),
	(1313, '089', 'X Nm Rng'),
	(1314, '089', 'X Nm Chy'),
	(1315, '089', 'X Tn An'),
	(1316, '089', 'X Khnh Yn Thng'),
	(1317, '089', 'X Nm X'),
	(1318, '089', 'X Dn Thng'),
	(1319, '089', 'X Ching Ken'),
	(1320, '089', 'X Lng Ging'),
	(1321, '089', 'X Ho Mc'),
	(1322, '089', 'X Khnh Yn Trung'),
	(1323, '089', 'X Khnh Yn H'),
	(1324, '089', 'X Dng Qu'),
	(1325, '089', 'X Nm Tha'),
	(1326, '089', 'X Minh Lng'),
	(1327, '089', 'X Thm Dng'),
	(1328, '089', 'X Lim Ph'),
	(1329, '089', 'X Nm Xy'),
	(1330, '094', 'Phng Noong Bua'),
	(1331, '094', 'Phng Him Lam'),
	(1332, '094', 'Phng Thanh Bnh'),
	(1333, '094', 'Phng Tn Thanh'),
	(1334, '094', 'Phng Mng Thanh'),
	(1335, '094', 'Phng Nam Thanh'),
	(1336, '094', 'Phng Thanh Trng'),
	(1337, '094', 'X Thanh Minh'),
	(1338, '094', 'X N Tu'),
	(1339, '094', 'X N Nhn'),
	(1340, '094', 'X Mng Phng'),
	(1341, '094', 'X P Khoang'),
	(1342, '095', 'Phng Sng '),
	(1343, '095', 'Phng Na Lay'),
	(1344, '095', 'X Lay Na'),
	(1345, '096', 'X Sn Thu'),
	(1346, '096', 'X Sen Thng'),
	(1347, '096', 'X Chung Chi'),
	(1348, '096', 'X Leng Su Sn'),
	(1349, '096', 'X P M'),
	(1350, '096', 'X Mng Nh'),
	(1351, '096', 'X Nm V'),
	(1352, '096', 'X Nm K'),
	(1353, '096', 'X Mng Toong'),
	(1354, '096', 'X Qung Lm'),
	(1355, '096', 'X Hui Lnh'),
	(1356, '097', 'Th Trn Mng Ch'),
	(1357, '097', 'X X Tng'),
	(1358, '097', 'X Mng Tng'),
	(1359, '097', 'X Ha Ngi'),
	(1360, '097', 'X Hui M'),
	(1361, '097', 'X Pa Ham'),
	(1362, '097', 'X Nm Nn'),
	(1363, '097', 'X Hui Lng'),
	(1364, '097', 'X Sa Lng'),
	(1365, '097', 'X Ma Th H'),
	(1366, '097', 'X Na Sang'),
	(1367, '097', 'X Mng Mn'),
	(1368, '098', 'Th trn Ta Cha'),
	(1369, '098', 'X Hui S'),
	(1370, '098', 'X Xn Chi'),
	(1371, '098', 'X T Sn Thng'),
	(1372, '098', 'X Lao X Phnh'),
	(1373, '098', 'X T Phn'),
	(1374, '098', 'X Ta Thng'),
	(1375, '098', 'X Trung Thu'),
	(1376, '098', 'X Snh Phnh'),
	(1377, '098', 'X Sng Nh'),
	(1378, '098', 'X Mng un'),
	(1379, '098', 'X Mng Bng'),
	(1380, '099', 'Th trn Tun Gio'),
	(1381, '099', 'X Phnh Sng'),
	(1382, '099', 'X Rng ng'),
	(1383, '099', 'X Mn Chung'),
	(1384, '099', 'X N Tng'),
	(1385, '099', 'X Ta Ma'),
	(1386, '099', 'X Mng Mn'),
	(1387, '099', 'X P Xi'),
	(1388, '099', 'X P Nhung'),
	(1389, '099', 'X Qui Na'),
	(1390, '099', 'X Mng Thn'),
	(1391, '099', 'X Ta Tnh'),
	(1392, '099', 'X N Sy'),
	(1393, '099', 'X Mng Khong'),
	(1394, '099', 'X Qui Cang'),
	(1395, '099', 'X Qui T'),
	(1396, '099', 'X Ching Sinh'),
	(1397, '099', 'X Ching ng'),
	(1398, '099', 'X Tnh Phng'),
	(1399, '100', 'X Mng Pn'),
	(1400, '100', 'X Thanh Na'),
	(1401, '100', 'X Hua Thanh'),
	(1402, '100', 'X Thanh Lung'),
	(1403, '100', 'X Thanh Hng'),
	(1404, '100', 'X Thanh Xng'),
	(1405, '100', 'X Thanh Chn'),
	(1406, '100', 'X Pa Thm'),
	(1407, '100', 'X Thanh An'),
	(1408, '100', 'X Thanh Yn'),
	(1409, '100', 'X Noong Lung'),
	(1410, '100', 'X Nong Ht'),
	(1411, '100', 'X Sam Mn'),
	(1412, '100', 'X Pom Lt'),
	(1413, '100', 'X Na Ngam'),
	(1414, '100', 'X H Mung'),
	(1415, '100', 'X Na '),
	(1416, '100', 'X Mng Nh'),
	(1417, '100', 'X Na Tng'),
	(1418, '100', 'X Mng Li'),
	(1419, '100', 'X Phu Lung'),
	(1420, '101', 'Th trn in Bin ng'),
	(1421, '101', 'X Na Son'),
	(1422, '101', 'X Ph Nh'),
	(1423, '101', 'X Ching S'),
	(1424, '101', 'X Mng Lun'),
	(1425, '101', 'X P Nhi'),
	(1426, '101', 'X Nong U'),
	(1427, '101', 'X Xa Dung'),
	(1428, '101', 'X Keo Lm'),
	(1429, '101', 'X Lun Gii'),
	(1430, '101', 'X Phnh Ging'),
	(1431, '101', 'X P Hng'),
	(1432, '101', 'X Ta Dnh'),
	(1433, '101', 'X Hng La'),
	(1434, '102', 'Th trn Mng ng'),
	(1435, '102', 'X Mng ng'),
	(1436, '102', 'X Ngi Cy'),
	(1437, '102', 'X ng T'),
	(1438, '102', 'X Bng Lao'),
	(1439, '102', 'X Xun Lao'),
	(1440, '102', 'X ng Na'),
	(1441, '102', 'X ng Cang'),
	(1442, '102', 'X Nm Lch'),
	(1443, '102', 'X Mng Ln'),
	(1444, '103', 'X Nm Tin'),
	(1445, '103', 'X Pa Tn'),
	(1446, '103', 'X Ch Cang'),
	(1447, '103', 'X Na C Sa'),
	(1448, '103', 'X N Khoa'),
	(1449, '103', 'X N H'),
	(1450, '103', 'X N Bng'),
	(1451, '103', 'X Nm Nh'),
	(1452, '103', 'X Nm Chua'),
	(1453, '103', 'X Nm Khn'),
	(1454, '103', 'X Ch T'),
	(1455, '103', 'X Vng n'),
	(1456, '103', 'X Ch Na'),
	(1457, '103', 'X Phn H'),
	(1458, '103', 'X Si Pa Phn'),
	(1459, '105', 'Phng Quyt Thng'),
	(1460, '105', 'Phng Tn Phong'),
	(1461, '105', 'Phng Quyt Tin'),
	(1462, '105', 'Phng on Kt'),
	(1463, '105', 'X Sng Phi'),
	(1464, '105', 'Phng ng Phong'),
	(1465, '105', 'X San Thng'),
	(1466, '106', 'Th trn Tam ng'),
	(1467, '106', 'X Thn Sin'),
	(1468, '106', 'X T Lng'),
	(1469, '106', 'X Giang Ma'),
	(1470, '106', 'X H Thu'),
	(1471, '106', 'X Bnh L'),
	(1472, '106', 'X Sn Bnh'),
	(1473, '106', 'X Nng Nng'),
	(1474, '106', 'X Bn Giang'),
	(1475, '106', 'X Bn Hon'),
	(1476, '106', 'X Bn Bo'),
	(1477, '106', 'X N Tm'),
	(1478, '106', 'X Khun H'),
	(1479, '107', 'Th trn Mng T'),
	(1480, '107', 'X Thu Lm'),
	(1481, '107', 'X Ka Lng'),
	(1482, '107', 'X T B'),
	(1483, '107', 'X Pa '),
	(1484, '107', 'X Mng T'),
	(1485, '107', 'X Pa V S'),
	(1486, '107', 'X M C'),
	(1487, '107', 'X Bum T'),
	(1488, '107', 'X Nm Khao'),
	(1489, '107', 'X T Tng'),
	(1490, '107', 'X Bum Na'),
	(1491, '107', 'X Vng San'),
	(1492, '107', 'X Kan H'),
	(1493, '108', 'Th trn Sn H'),
	(1494, '108', 'X Chn Na'),
	(1495, '108', 'X Pa Tn'),
	(1496, '108', 'X Phn H'),
	(1497, '108', 'X Hng Thu'),
	(1498, '108', 'X Phng S Lin'),
	(1499, '108', 'X Ma Quai'),
	(1500, '108', 'X Lng Thng'),
	(1501, '108', 'X T Phn'),
	(1502, '108', 'X S D Phn'),
	(1503, '108', 'X Nm Tm'),
	(1504, '108', 'X T Ngo'),
	(1505, '108', 'X Pu Sam Cp'),
	(1506, '108', 'X Nm Cha'),
	(1507, '108', 'X Pa Kho'),
	(1508, '108', 'X Lng M'),
	(1509, '108', 'X Noong Ho'),
	(1510, '108', 'X Nm M'),
	(1511, '108', 'X Cn Co'),
	(1512, '108', 'X Ta Sn Chi'),
	(1513, '108', 'X Nm Cui'),
	(1514, '108', 'X Nm Hn'),
	(1515, '109', 'X L Nh Thng'),
	(1516, '109', 'X Hui Lung'),
	(1517, '109', 'Th trn Phong Th'),
	(1518, '109', 'X S L Lu'),
	(1519, '109', 'X M S San'),
	(1520, '109', 'X Pa Vy S'),
	(1521, '109', 'X Vng Ma Chi'),
	(1522, '109', 'X Tng Qua Ln'),
	(1523, '109', 'X M Sang'),
	(1524, '109', 'X Do San'),
	(1525, '109', 'X Ma Ly Pho'),
	(1526, '109', 'X Bn Lang'),
	(1527, '109', 'X Hoang Thn'),
	(1528, '109', 'X Khng Lo'),
	(1529, '109', 'X Nm Xe'),
	(1530, '109', 'X Mng So'),
	(1531, '109', 'X Sin Sui H'),
	(1532, '110', 'Th trn Than Uyn'),
	(1533, '110', 'X Phc Than'),
	(1534, '110', 'X Mng Than'),
	(1535, '110', 'X Mng Mt'),
	(1536, '110', 'X Pha Mu'),
	(1537, '110', 'X Mng Cang'),
	(1538, '110', 'X Hua N'),
	(1539, '110', 'X T Ha'),
	(1540, '110', 'X Mng Kim'),
	(1541, '110', 'X T Mung'),
	(1542, '110', 'X T Gia'),
	(1543, '110', 'X Khoen On'),
	(1544, '111', 'Th trn Tn Uyn'),
	(1545, '111', 'X Mng Khoa'),
	(1546, '111', 'X Phc Khoa'),
	(1547, '111', 'X Thn Thuc'),
	(1548, '111', 'X Trung ng'),
	(1549, '111', 'X H Mt'),
	(1550, '111', 'X Nm Cn'),
	(1551, '111', 'X Nm S'),
	(1552, '111', 'X Pc Ta'),
	(1553, '111', 'X T Mt'),
	(1554, '112', 'Th trn Nm Nhn'),
	(1555, '112', 'X Hua Bun'),
	(1556, '112', 'X Mng M'),
	(1557, '112', 'X Nm Ch'),
	(1558, '112', 'X Nm Manh'),
	(1559, '112', 'X Nm Hng'),
	(1560, '112', 'X L Li'),
	(1561, '112', 'X P ao'),
	(1562, '112', 'X Nm P'),
	(1563, '112', 'X Nm Ban'),
	(1564, '112', 'X Trung Chi'),
	(1565, '116', 'Phng Ching L'),
	(1566, '116', 'Phng T Hiu'),
	(1567, '116', 'Phng Quyt Thng'),
	(1568, '116', 'Phng Quyt Tm'),
	(1569, '116', 'X Ching C'),
	(1570, '116', 'X Ching en'),
	(1571, '116', 'X Ching Xm'),
	(1572, '116', 'Phng Ching An'),
	(1573, '116', 'Phng Ching Ci'),
	(1574, '116', 'X Ching Ngn'),
	(1575, '116', 'X Hua La'),
	(1576, '116', 'Phng Ching Sinh'),
	(1577, '118', 'X Mng Chin'),
	(1578, '118', 'X C Nng'),
	(1579, '118', 'X Ching Khay'),
	(1580, '118', 'X Mng Gin'),
	(1581, '118', 'X P Ma Pha Khinh'),
	(1582, '118', 'X Ching n'),
	(1583, '118', 'X Mng Ging'),
	(1584, '118', 'X Ching Bng'),
	(1585, '118', 'X Mng Si'),
	(1586, '118', 'X Nm t'),
	(1587, '118', 'X Ching Khoang'),
	(1588, '119', 'Th trn Thun Chu'),
	(1589, '119', 'X Phng Li'),
	(1590, '119', 'X Mng '),
	(1591, '119', 'X Ching Pha'),
	(1592, '119', 'X Ching La'),
	(1593, '119', 'X Ching Ngm'),
	(1594, '119', 'X Lip T'),
	(1595, '119', 'X  Tng'),
	(1596, '119', 'X Phng Lp'),
	(1597, '119', 'X Phng Lng'),
	(1598, '119', 'X Ching Ly'),
	(1599, '119', 'X Noong Lay'),
	(1600, '119', 'X Mng Khing'),
	(1601, '119', 'X Mng Bm'),
	(1602, '119', 'X Long H'),
	(1603, '119', 'X Ching Bm'),
	(1604, '119', 'X Thm Mn'),
	(1605, '119', 'X Tng Lnh'),
	(1606, '119', 'X Tng C'),
	(1607, '119', 'X B Mi'),
	(1608, '119', 'X Co M'),
	(1609, '119', 'X Png Tra'),
	(1610, '119', 'X Ching Pc'),
	(1611, '119', 'X Nm Lu'),
	(1612, '119', 'X Bon Phng'),
	(1613, '119', 'X Co Tng'),
	(1614, '119', 'X Mui Ni'),
	(1615, '119', 'X P Lng'),
	(1616, '119', 'X Bn Lm'),
	(1617, '120', 'Th trn t Ong'),
	(1618, '120', 'X Nm Gin'),
	(1619, '120', 'X Ching Lao'),
	(1620, '120', 'X Hua Trai'),
	(1621, '120', 'X Ngc Chin'),
	(1622, '120', 'X Mng Trai'),
	(1623, '120', 'X Nm Pm'),
	(1624, '120', 'X Ching Mun'),
	(1625, '120', 'X Ching n'),
	(1626, '120', 'X Pi Toong'),
	(1627, '120', 'X Ching Cng'),
	(1628, '120', 'X T B'),
	(1629, '120', 'X Ching San'),
	(1630, '120', 'X Mng B'),
	(1631, '120', 'X Ching Hoa'),
	(1632, '120', 'X Mng Chm'),
	(1633, '121', 'Th trn Bc Yn'),
	(1634, '121', 'X Phing Ban'),
	(1635, '121', 'X Hang Ch'),
	(1636, '121', 'X Xm Vng'),
	(1637, '121', 'X T Xa'),
	(1638, '121', 'X Hng ng'),
	(1639, '121', 'X Pc Ng'),
	(1640, '121', 'X Lng Chu'),
	(1641, '121', 'X Chim Vn'),
	(1642, '121', 'X Mng Khoa'),
	(1643, '121', 'X Song Pe'),
	(1644, '121', 'X Hng Ngi'),
	(1645, '121', 'X T Khoa'),
	(1646, '121', 'X Hua Nhn'),
	(1647, '121', 'X Phing Cn'),
	(1648, '121', 'X Ching Si'),
	(1649, '122', 'Th trn Ph Yn'),
	(1650, '122', 'X Sui T'),
	(1651, '122', 'X Mng Thi'),
	(1652, '122', 'X Mng Ci'),
	(1653, '122', 'X Quang Huy'),
	(1654, '122', 'X Huy Bc'),
	(1655, '122', 'X Huy Thng'),
	(1656, '122', 'X Tn Lang'),
	(1657, '122', 'X Gia Ph'),
	(1658, '122', 'X Tng Ph'),
	(1659, '122', 'X Huy H'),
	(1660, '122', 'X Huy Tn'),
	(1661, '122', 'X Mng Lang'),
	(1662, '122', 'X Sui Bau'),
	(1663, '122', 'X Huy Tng'),
	(1664, '122', 'X Mng Do'),
	(1665, '122', 'X Sp Xa'),
	(1666, '122', 'X Tng Thng'),
	(1667, '122', 'X Tng Tin'),
	(1668, '122', 'X Tng Phong'),
	(1669, '122', 'X Tng H'),
	(1670, '122', 'X Kim Bon'),
	(1671, '122', 'X Mng Bang'),
	(1672, '122', 'X  '),
	(1673, '122', 'X Tn Phong'),
	(1674, '122', 'X Nam Phong'),
	(1675, '122', 'X Bc Phong'),
	(1676, '123', 'Th trn Mc Chu'),
	(1677, '123', 'Th trn NT Mc Chu'),
	(1678, '123', 'X Ching Sn'),
	(1679, '123', 'X Tn Hp'),
	(1680, '123', 'X Qui Hng'),
	(1681, '123', 'X Tn Lp'),
	(1682, '123', 'X N Mng'),
	(1683, '123', 'X T Lai'),
	(1684, '123', 'X Ching Hc'),
	(1685, '123', 'X Hua Png'),
	(1686, '123', 'X Ching Kha'),
	(1687, '123', 'X Mng Sang'),
	(1688, '123', 'X ng Sang'),
	(1689, '123', 'X Phing Lung'),
	(1690, '123', 'X Lng Sp'),
	(1691, '124', 'Th trn Yn Chu'),
	(1692, '124', 'X Ching ng'),
	(1693, '124', 'X Sp Vt'),
	(1694, '124', 'X Ching Sng'),
	(1695, '124', 'X Ching Pn'),
	(1696, '124', 'X Ving Ln'),
	(1697, '124', 'X Ching Hc'),
	(1698, '124', 'X Mng Lm'),
	(1699, '124', 'X Ching On'),
	(1700, '124', 'X Yn Sn'),
	(1701, '124', 'X Ching Khoi'),
	(1702, '124', 'X T Nang'),
	(1703, '124', 'X Lng Phing'),
	(1704, '124', 'X Phing Khoi'),
	(1705, '124', 'X Ching Tng'),
	(1706, '125', 'Th trn Ht Lt'),
	(1707, '125', 'X Ching Sung'),
	(1708, '125', 'X Mng Bng'),
	(1709, '125', 'X Ching Chn'),
	(1710, '125', 'X Mng Chanh'),
	(1711, '125', 'X Ching Ban'),
	(1712, '125', 'X Ching Mung'),
	(1713, '125', 'X Mng Bon'),
	(1714, '125', 'X Ching Chung'),
	(1715, '125', 'X Ching Mai'),
	(1716, '125', 'X Ht Lt'),
	(1717, '125', 'X N P'),
	(1718, '125', 'X C  Ni'),
	(1719, '125', 'X Ching Ni'),
	(1720, '125', 'X Phing Cm'),
	(1721, '125', 'X Ching Dong'),
	(1722, '125', 'X Ching Kheo'),
	(1723, '125', 'X Ching Ve'),
	(1724, '125', 'X Ching Lng'),
	(1725, '125', 'X Phing Pn'),
	(1726, '125', 'X N t'),
	(1727, '125', 'X T Hc'),
	(1728, '126', 'Th trn Sng M'),
	(1729, '126', 'X B Sinh'),
	(1730, '126', 'X P Pu'),
	(1731, '126', 'X Ching Phung'),
	(1732, '126', 'X Ching En'),
	(1733, '126', 'X Mng Lm'),
	(1734, '126', 'X Nm Ty'),
	(1735, '126', 'X a Mn'),
	(1736, '126', 'X Yn Hng'),
	(1737, '126', 'X Ching S'),
	(1738, '126', 'X N Nghu'),
	(1739, '126', 'X Nm Mn'),
	(1740, '126', 'X Ching Khoong'),
	(1741, '126', 'X Ching Cang'),
	(1742, '126', 'X Hui Mt'),
	(1743, '126', 'X Mng Sai'),
	(1744, '126', 'X Mng Cai'),
	(1745, '126', 'X Mng Hung'),
	(1746, '126', 'X Ching Khng'),
	(1747, '127', 'X Sam Kha'),
	(1748, '127', 'X Png Bnh'),
	(1749, '127', 'X Sp Cp'),
	(1750, '127', 'X Dm Cang'),
	(1751, '127', 'X Nm Lnh'),
	(1752, '127', 'X Mng Lo'),
	(1753, '127', 'X Mng V'),
	(1754, '127', 'X Mng Ln'),
	(1755, '128', 'X Sui Bng'),
	(1756, '128', 'X Song Kha'),
	(1757, '128', 'X Lin Ho'),
	(1758, '128', 'X T Ma'),
	(1759, '128', 'X Mng T'),
	(1760, '128', 'X Ching Khoa'),
	(1761, '128', 'X Mng Men'),
	(1762, '128', 'X Quang Minh'),
	(1763, '128', 'X Vn H'),
	(1764, '128', 'X Lng Lung'),
	(1765, '128', 'X Ching Yn'),
	(1766, '128', 'X Ching Xun'),
	(1767, '128', 'X Xun Nha'),
	(1768, '128', 'X Tn Xun'),
	(1769, '132', 'Phng Yn Thnh'),
	(1770, '132', 'Phng Yn Ninh'),
	(1771, '132', 'Phng Minh Tn'),
	(1772, '132', 'Phng Nguyn Thi Hc'),
	(1773, '132', 'Phng ng Tm'),
	(1774, '132', 'Phng Hng H'),
	(1775, '132', 'X Minh Bo'),
	(1776, '132', 'Phng Nam Cng'),
	(1777, '132', 'X Tuy Lc'),
	(1778, '132', 'X Tn Thnh'),
	(1779, '132', 'X u Lu'),
	(1780, '132', 'X Gii Phin'),
	(1781, '132', 'Phng Hp Minh'),
	(1782, '132', 'X Vn Ph'),
	(1783, '133', 'Phng P Trng'),
	(1784, '133', 'Phng Trung Tm'),
	(1785, '133', 'Phng Tn An'),
	(1786, '133', 'Phng Cu Thia'),
	(1787, '133', 'X Ngha Li'),
	(1788, '133', 'X Ngha Phc'),
	(1789, '133', 'X Ngha An'),
	(1790, '133', 'X Ngha L'),
	(1791, '133', 'X Sn A'),
	(1792, '133', 'X Ph Nham'),
	(1793, '133', 'X Thanh Lng'),
	(1794, '133', 'X Hnh Sn'),
	(1795, '133', 'X Phc Sn'),
	(1796, '133', 'X Thch Lng'),
	(1797, '135', 'Th trn Yn Th'),
	(1798, '135', 'X Tn Phng'),
	(1799, '135', 'X Lm Thng'),
	(1800, '135', 'X Khnh Thin'),
	(1801, '135', 'X Minh Chun'),
	(1802, '135', 'X Mai Sn'),
	(1803, '135', 'X Khai Trung'),
	(1804, '135', 'X Mng Lai'),
	(1805, '135', 'X An Lc'),
	(1806, '135', 'X Minh Xun'),
	(1807, '135', 'X T Mu'),
	(1808, '135', 'X Tn Lnh'),
	(1809, '135', 'X Yn Thng'),
	(1810, '135', 'X Khnh Ho'),
	(1811, '135', 'X Vnh Lc'),
	(1812, '135', 'X Liu '),
	(1813, '135', 'X ng Quan'),
	(1814, '135', 'X Tn Lp'),
	(1815, '135', 'X Minh Tin'),
	(1816, '135', 'X Trc Lu'),
	(1817, '135', 'X Phc Li'),
	(1818, '135', 'X Phan Thanh'),
	(1819, '135', 'X An Ph'),
	(1820, '135', 'X Trung Tm'),
	(1821, '136', 'Th trn Mu A'),
	(1822, '136', 'X Lang Thp'),
	(1823, '136', 'X Lm Giang'),
	(1824, '136', 'X Chu Qu Thng'),
	(1825, '136', 'X Chu Qu H'),
	(1826, '136', 'X An Bnh'),
	(1827, '136', 'X Quang Minh'),
	(1828, '136', 'X ng An'),
	(1829, '136', 'X ng Cung'),
	(1830, '136', 'X Phong D H'),
	(1831, '136', 'X Mu ng'),
	(1832, '136', 'X Ngi A'),
	(1833, '136', 'X Xun Tm'),
	(1834, '136', 'X Tn Hp'),
	(1835, '136', 'X An Thnh'),
	(1836, '136', 'X Yn Thi'),
	(1837, '136', 'X Phong D Thng'),
	(1838, '136', 'X Yn Hp'),
	(1839, '136', 'X i Sn'),
	(1840, '136', 'X i Phc'),
	(1841, '136', 'X Yn Ph'),
	(1842, '136', 'X Xun i'),
	(1843, '136', 'X Vin Sn'),
	(1844, '136', 'X M Vng'),
	(1845, '136', 'X N Hu'),
	(1846, '137', 'Th trn M Cng Chi'),
	(1847, '137', 'X H Bn'),
	(1848, '137', 'X Nm C'),
	(1849, '137', 'X Khao Mang'),
	(1850, '137', 'X M D'),
	(1851, '137', 'X Ch Cu Nha'),
	(1852, '137', 'X Lao Chi'),
	(1853, '137', 'X Kim Ni'),
	(1854, '137', 'X Cao Ph'),
	(1855, '137', 'X La Pn Tn'),
	(1856, '137', 'X D Su Phnh'),
	(1857, '137', 'X Ch To'),
	(1858, '137', 'X Png Lung'),
	(1859, '137', 'X Nm Kht'),
	(1860, '138', 'Th trn C Phc'),
	(1861, '138', 'X Tn ng'),
	(1862, '138', 'X Bo p'),
	(1863, '138', 'X Thnh Thnh'),
	(1864, '138', 'X Ha Cung'),
	(1865, '138', 'X Minh Qun'),
	(1866, '138', 'X Quy Mng'),
	(1867, '138', 'X Cng Thnh'),
	(1868, '138', 'X Kin Thnh'),
	(1869, '138', 'X Y Can'),
	(1870, '138', 'X Lng Thnh'),
	(1871, '138', 'X Vit Cng'),
	(1872, '138', 'X Minh Qun'),
	(1873, '138', 'X Hng Ca'),
	(1874, '138', 'X Hng Thnh'),
	(1875, '138', 'X Hng Khnh'),
	(1876, '138', 'X Vit Hng'),
	(1877, '138', 'X Vn Hi'),
	(1878, '139', 'Th trn Trm Tu'),
	(1879, '139', 'X Tc n'),
	(1880, '139', 'X P Lau'),
	(1881, '139', 'X X H'),
	(1882, '139', 'X Phnh H'),
	(1883, '139', 'X Trm Tu'),
	(1884, '139', 'X T Si Lng'),
	(1885, '139', 'X P Hu'),
	(1886, '139', 'X Lng Nh'),
	(1887, '139', 'X Bn Cng'),
	(1888, '139', 'X Bn M'),
	(1889, '139', 'X Ht Lu'),
	(1890, '140', 'Th trn NT Lin Sn'),
	(1891, '140', 'Th trn NT Trn Ph'),
	(1892, '140', 'X T L'),
	(1893, '140', 'X Nm Bng'),
	(1894, '140', 'X Gia Hi'),
	(1895, '140', 'X Sng '),
	(1896, '140', 'X Nm Mi'),
	(1897, '140', 'X An Lng'),
	(1898, '140', 'X Nm Lnh'),
	(1899, '140', 'X Sn Lng'),
	(1900, '140', 'X Sui Quyn'),
	(1901, '140', 'X Sui Ging'),
	(1902, '140', 'X Ngha Sn'),
	(1903, '140', 'X Sui Bu'),
	(1904, '140', 'Th trn Sn Thnh'),
	(1905, '140', 'X i Lch'),
	(1906, '140', 'X ng Kh'),
	(1907, '140', 'X Ct Thnh'),
	(1908, '140', 'X Tn Thnh'),
	(1909, '140', 'X Chn Thnh'),
	(1910, '140', 'X Bnh Thun'),
	(1911, '140', 'X Thng Bng La'),
	(1912, '140', 'X Minh An'),
	(1913, '140', 'X Ngha Tm'),
	(1914, '141', 'Th trn Yn Bnh'),
	(1915, '141', 'Th trn Thc B'),
	(1916, '141', 'X Xun Long'),
	(1917, '141', 'X Cm Nhn'),
	(1918, '141', 'X Ngc Chn'),
	(1919, '141', 'X Tn Nguyn'),
	(1920, '141', 'X Phc Ninh'),
	(1921, '141', 'X Bo i'),
	(1922, '141', 'X M Gia'),
	(1923, '141', 'X Xun Lai'),
	(1924, '141', 'X Mng Sn'),
	(1925, '141', 'X Cm n'),
	(1926, '141', 'X Yn Thnh'),
	(1927, '141', 'X Tn Hng'),
	(1928, '141', 'X Phc An'),
	(1929, '141', 'X Bch H'),
	(1930, '141', 'X V Linh'),
	(1931, '141', 'X i ng'),
	(1932, '141', 'X Vnh Kin'),
	(1933, '141', 'X Thnh Hng'),
	(1934, '141', 'X Hn '),
	(1935, '141', 'X Ph Thnh'),
	(1936, '141', 'X i Minh'),
	(1937, '148', 'Phng Thi Bnh'),
	(1938, '148', 'Phng Tn Ha'),
	(1939, '148', 'Phng Thnh Lang'),
	(1940, '148', 'Phng Hu Ngh'),
	(1941, '148', 'Phng Tn Thnh'),
	(1942, '148', 'Phng ng Tin'),
	(1943, '148', 'Phng Phng Lm'),
	(1944, '148', 'X Yn Mng'),
	(1945, '148', 'Phng Qunh Lm'),
	(1946, '148', 'Phng Dn Ch'),
	(1947, '148', 'X Ha Bnh'),
	(1948, '148', 'Phng Thng Nht'),
	(1949, '148', 'Phng K Sn'),
	(1950, '148', 'X Thnh Minh'),
	(1951, '148', 'X Hp Thnh'),
	(1952, '148', 'X Quang Tin'),
	(1953, '148', 'X Mng Ha'),
	(1954, '148', 'Phng Trung Minh'),
	(1955, '148', 'X c Lp'),
	(1956, '150', 'Th trn  Bc'),
	(1957, '150', 'X Nnh Ngh'),
	(1958, '150', 'X Gip t'),
	(1959, '150', 'X Mng Ching'),
	(1960, '150', 'X Tn Pheo'),
	(1961, '150', 'X ng Chum'),
	(1962, '150', 'X Tn Minh'),
	(1963, '150', 'X on Kt'),
	(1964, '150', 'X ng Rung'),
	(1965, '150', 'X T L'),
	(1966, '150', 'X Trung Thnh'),
	(1967, '150', 'X Yn Ha'),
	(1968, '150', 'X Cao Sn'),
	(1969, '150', 'X Ton Sn'),
	(1970, '150', 'X Hin Lng'),
	(1971, '150', 'X Tin Phong'),
	(1972, '150', 'X Vy Na'),
	(1973, '152', 'Th trn Lng Sn'),
	(1974, '152', 'X Lm Sn'),
	(1975, '152', 'X Ha Sn'),
	(1976, '152', 'X Tn Vinh'),
	(1977, '152', 'X Nhun Trch'),
	(1978, '152', 'X Cao Sn'),
	(1979, '152', 'X C Yn'),
	(1980, '152', 'X Lin Sn'),
	(1981, '152', 'X Cao Dng'),
	(1982, '152', 'X Thanh Sn'),
	(1983, '152', 'X Thanh Cao'),
	(1984, '153', 'Th trn Bo'),
	(1985, '153', 'X  Sng'),
	(1986, '153', 'X Hng Sn'),
	(1987, '153', 'X Bnh Sn'),
	(1988, '153', 'X T Sn'),
	(1989, '153', 'X Vnh Tin'),
	(1990, '153', 'X ng Bc'),
	(1991, '153', 'X Xun Thy'),
	(1992, '153', 'X Vnh ng'),
	(1993, '153', 'X Kim Lp'),
	(1994, '153', 'X Hp Tin'),
	(1995, '153', 'X Kim Bi'),
	(1996, '153', 'X Nam Thng'),
	(1997, '153', 'X Cui H'),
	(1998, '153', 'X So By'),
	(1999, '153', 'X Mi Ha'),
	(2000, '153', 'X Nung Dm'),
	(2001, '154', 'Th trn Cao Phong'),
	(2002, '154', 'X Bnh Thanh'),
	(2003, '154', 'X Thung Nai'),
	(2004, '154', 'X Bc Phong'),
	(2005, '154', 'X Thu Phong'),
	(2006, '154', 'X Hp Phong'),
	(2007, '154', 'X Ty Phong'),
	(2008, '154', 'X Dng Phong'),
	(2009, '154', 'X Nam Phong'),
	(2010, '154', 'X Thch Yn'),
	(2011, '155', 'Th trn Mn c'),
	(2012, '155', 'X Sui Hoa'),
	(2013, '155', 'X Ph Vinh'),
	(2014, '155', 'X Ph Cng'),
	(2015, '155', 'X M Ha'),
	(2016, '155', 'X Quyt Chin'),
	(2017, '155', 'X Phong Ph'),
	(2018, '155', 'X T N'),
	(2019, '155', 'X Thanh Hi'),
	(2020, '155', 'X Ngc M'),
	(2021, '155', 'X ng Lai'),
	(2022, '155', 'X Vn Sn'),
	(2023, '155', 'X Nhn M'),
	(2024, '155', 'X L Sn'),
	(2025, '155', 'X Ng Lung'),
	(2026, '155', 'X Gia M'),
	(2027, '156', 'X Tn Thnh'),
	(2028, '156', 'Th trn Mai Chu'),
	(2029, '156', 'X Sn Thy'),
	(2030, '156', 'X P C'),
	(2031, '156', 'X Hang Kia'),
	(2032, '156', 'X ng Tn'),
	(2033, '156', 'X Cun Pheo'),
	(2034, '156', 'X Bao La'),
	(2035, '156', 'X Tng u'),
	(2036, '156', 'X N Phn'),
	(2037, '156', 'X Sm Khe'),
	(2038, '156', 'X Ching Chu'),
	(2039, '156', 'X Mai H'),
	(2040, '156', 'X Thnh Sn'),
	(2041, '156', 'X Mai Hch'),
	(2042, '156', 'X Vn Mai'),
	(2043, '157', 'Th trn V Bn'),
	(2044, '157', 'X Qu Ha'),
	(2045, '157', 'X Min i'),
	(2046, '157', 'X M Thnh'),
	(2047, '157', 'X Tun o'),
	(2048, '157', 'X Vn Ngha'),
	(2049, '157', 'X Vn Sn'),
	(2050, '157', 'X Tn Lp'),
	(2051, '157', 'X Nhn Ngha'),
	(2052, '157', 'X Thng Cc'),
	(2053, '157', 'X Quyt Thng'),
	(2054, '157', 'X Xut Ha'),
	(2055, '157', 'X Yn Ph'),
	(2056, '157', 'X Bnh Hm'),
	(2057, '157', 'X nh C'),
	(2058, '157', 'X Ch o'),
	(2059, '157', 'X Ngc Sn'),
	(2060, '157', 'X Hng Nhng'),
	(2061, '157', 'X V Bnh'),
	(2062, '157', 'X T Do'),
	(2063, '157', 'X Yn Nghip'),
	(2064, '157', 'X Tn M'),
	(2065, '157', 'X n Ngha'),
	(2066, '157', 'X Ngc Lu'),
	(2067, '158', 'Th trn Hng Trm'),
	(2068, '158', 'X Lc S'),
	(2069, '158', 'X Lc Lng'),
	(2070, '158', 'X Bo Hiu'),
	(2071, '158', 'X a Phc'),
	(2072, '158', 'X Hu Li'),
	(2073, '158', 'X Lc Thnh'),
	(2074, '158', 'X on Kt'),
	(2075, '158', 'X Ph Lai'),
	(2076, '158', 'X Yn Tr'),
	(2077, '158', 'X Ngc Lng'),
	(2078, '159', 'Th trn Ba Hng i'),
	(2079, '159', 'Th trn Chi N'),
	(2080, '159', 'X Ph Ngha'),
	(2081, '159', 'X Ph Thnh'),
	(2082, '159', 'X Hng Thi'),
	(2083, '159', 'X Khoan D'),
	(2084, '159', 'X ng Tm'),
	(2085, '159', 'X Yn Bng'),
	(2086, '159', 'X Thng Nht'),
	(2087, '159', 'X An Bnh'),
	(2088, '164', 'Phng Qun Triu'),
	(2089, '164', 'Phng Quang Vinh'),
	(2090, '164', 'Phng Tc Duyn'),
	(2091, '164', 'Phng Hong Vn Th'),
	(2092, '164', 'Phng Trng Vng'),
	(2093, '164', 'Phng Quang Trung'),
	(2094, '164', 'Phng Phan nh Phng'),
	(2095, '164', 'Phng Tn Thnh'),
	(2096, '164', 'Phng Thnh n'),
	(2097, '164', 'Phng ng Quang'),
	(2098, '164', 'Phng Gia Sng'),
	(2099, '164', 'Phng Tn Lp'),
	(2100, '164', 'Phng Cam Gi'),
	(2101, '164', 'Phng Ph X'),
	(2102, '164', 'Phng Hng Sn'),
	(2103, '164', 'Phng Trung Thnh'),
	(2104, '164', 'Phng Tn Thnh'),
	(2105, '164', 'Phng Tn Long'),
	(2106, '164', 'X Phc H'),
	(2107, '164', 'X Phc Xun'),
	(2108, '164', 'X Quyt Thng'),
	(2109, '164', 'X Phc Tru'),
	(2110, '164', 'X Thnh c'),
	(2111, '164', 'Phng Tch Lng'),
	(2112, '164', 'X Tn Cng'),
	(2113, '164', 'X Sn Cm'),
	(2114, '164', 'Phng Cha Hang'),
	(2115, '164', 'X Cao Ngn'),
	(2116, '164', 'X Linh Sn'),
	(2117, '164', 'Phng ng Bm'),
	(2118, '164', 'X Hung Thng'),
	(2119, '164', 'X ng Lin'),
	(2120, '165', 'Phng Lng Sn'),
	(2121, '165', 'Phng Chu Sn'),
	(2122, '165', 'Phng M Ch'),
	(2123, '165', 'Phng Ci an'),
	(2124, '165', 'Phng Thng Li'),
	(2125, '165', 'Phng Ph C'),
	(2126, '165', 'X Tn Quang'),
	(2127, '165', 'Phng Bch Quang'),
	(2128, '165', 'X Bnh Sn'),
	(2129, '165', 'X B Xuyn'),
	(2130, '167', 'X Linh Thng'),
	(2131, '167', 'X Lam V'),
	(2132, '167', 'X Quy K'),
	(2133, '167', 'X Tn Thnh'),
	(2134, '167', 'X Kim Phng'),
	(2135, '167', 'X Bo Linh'),
	(2136, '167', 'X Phc Chu'),
	(2137, '167', 'X Tn Dng'),
	(2138, '167', 'X Phng Tin'),
	(2139, '167', 'Th trn Ch Chu'),
	(2140, '167', 'X ng Thnh'),
	(2141, '167', 'X nh Bin'),
	(2142, '167', 'X Thanh nh'),
	(2143, '167', 'X Trung Hi'),
	(2144, '167', 'X Trung Lng'),
	(2145, '167', 'X Bnh Yn'),
	(2146, '167', 'X im Mc'),
	(2147, '167', 'X Ph Tin'),
	(2148, '167', 'X Bc Nhiu'),
	(2149, '167', 'X Sn Ph'),
	(2150, '167', 'X Ph nh'),
	(2151, '167', 'X Bnh Thnh'),
	(2152, '168', 'Th trn u'),
	(2153, '168', 'X Yn Ninh'),
	(2154, '168', 'X Yn Trch'),
	(2155, '168', 'X Yn '),
	(2156, '168', 'X Yn Lc'),
	(2157, '168', 'X n Lng'),
	(2158, '168', 'X ng t'),
	(2159, '168', 'X Ph L'),
	(2160, '168', 'X Ph '),
	(2161, '168', 'X Hp Thnh'),
	(2162, '168', 'X Tc Tranh'),
	(2163, '168', 'Th trn Giang Tin'),
	(2164, '168', 'X V Tranh'),
	(2165, '168', 'X C Lng'),
	(2166, '169', 'Th trn Sng Cu'),
	(2167, '169', 'Th trn Tri Cau'),
	(2168, '169', 'X Vn Lng'),
	(2169, '169', 'X Tn Long'),
	(2170, '169', 'X Ha Bnh'),
	(2171, '169', 'X Quang Sn'),
	(2172, '169', 'X Minh Lp'),
	(2173, '169', 'X Vn Hn'),
	(2174, '169', 'X Ha Trung'),
	(2175, '169', 'X Khe Mo'),
	(2176, '169', 'X Cy Th'),
	(2177, '169', 'Th trn Ha Thng'),
	(2178, '169', 'X Hp Tin'),
	(2179, '169', 'X Nam Ha'),
	(2180, '170', 'Th trn nh C'),
	(2181, '170', 'X Sng Mc'),
	(2182, '170', 'X Nghinh Tng'),
	(2183, '170', 'X Thn Xa'),
	(2184, '170', 'X V Chn'),
	(2185, '170', 'X Thng Nung'),
	(2186, '170', 'X Ph Thng'),
	(2187, '170', 'X Cc ng'),
	(2188, '170', 'X La Hin'),
	(2189, '170', 'X Lu Thng'),
	(2190, '170', 'X Trng X'),
	(2191, '170', 'X Phng Giao'),
	(2192, '170', 'X Lin Minh'),
	(2193, '170', 'X Dn Tin'),
	(2194, '170', 'X Bnh Long'),
	(2195, '171', 'Th trn Hng Sn'),
	(2196, '171', 'X Phc Lng'),
	(2197, '171', 'X Minh Tin'),
	(2198, '171', 'X Yn Lng'),
	(2199, '171', 'X c Lng'),
	(2200, '171', 'X Ph Cng'),
	(2201, '171', 'X Ph Lc'),
	(2202, '171', 'X Tn Linh'),
	(2203, '171', 'X Ph Thnh'),
	(2204, '171', 'X Phc Linh'),
	(2205, '171', 'X Ph Xuyn'),
	(2206, '171', 'X Bn Ngoi'),
	(2207, '171', 'X Tin Hi'),
	(2208, '171', 'X C Vn'),
	(2209, '171', 'X H Thng'),
	(2210, '171', 'X La Bng'),
	(2211, '171', 'X Hong Nng'),
	(2212, '171', 'X Khi K'),
	(2213, '171', 'X An Khnh'),
	(2214, '171', 'X Tn Thi'),
	(2215, '171', 'X Bnh Thun'),
	(2216, '171', 'X Lc Ba'),
	(2217, '171', 'X M Yn'),
	(2218, '171', 'X Vn Yn'),
	(2219, '171', 'X Vn Ph'),
	(2220, '171', 'X Ct N'),
	(2221, '171', 'Th trn Qun Chu'),
	(2222, '172', 'Phng Bi Bng'),
	(2223, '172', 'Phng Bc Sn'),
	(2224, '172', 'Phng Ba Hng'),
	(2225, '172', 'X Phc Tn'),
	(2226, '172', 'X Phc Thun'),
	(2227, '172', 'Phng Hng Tin'),
	(2228, '172', 'X Minh c'),
	(2229, '172', 'Phng c Sn'),
	(2230, '172', 'Phng ng Tin'),
	(2231, '172', 'X Thnh Cng'),
	(2232, '172', 'Phng Tin Phong'),
	(2233, '172', 'X Vn Phi'),
	(2234, '172', 'Phng Nam Tin'),
	(2235, '172', 'Phng Tn Hng'),
	(2236, '172', 'Phng ng Cao'),
	(2237, '172', 'Phng Trung Thnh'),
	(2238, '172', 'Phng Tn Ph'),
	(2239, '172', 'Phng Thun Thnh'),
	(2240, '173', 'Th trn Hng Sn'),
	(2241, '173', 'X Bn t'),
	(2242, '173', 'X Tn Khnh'),
	(2243, '173', 'X Tn Kim'),
	(2244, '173', 'X Tn Thnh'),
	(2245, '173', 'X o X'),
	(2246, '173', 'X Bo L'),
	(2247, '173', 'X Thng nh'),
	(2248, '173', 'X Tn Ha'),
	(2249, '173', 'X Nh Lng'),
	(2250, '173', 'X im Thy'),
	(2251, '173', 'X Xun Phng'),
	(2252, '173', 'X Tn c'),
	(2253, '173', 'X c K'),
	(2254, '173', 'X Lng Ph'),
	(2255, '173', 'X Nga My'),
	(2256, '173', 'X Kha Sn'),
	(2257, '173', 'X Thanh Ninh'),
	(2258, '173', 'X Dng Thnh'),
	(2259, '173', 'X H Chu'),
	(2260, '178', 'Phng Hong Vn Th'),
	(2261, '178', 'Phng Tam Thanh'),
	(2262, '178', 'Phng Vnh Tri'),
	(2263, '178', 'Phng ng Kinh'),
	(2264, '178', 'Phng Chi Lng'),
	(2265, '178', 'X Hong ng'),
	(2266, '178', 'X Qung Lc'),
	(2267, '178', 'X Mai Pha'),
	(2268, '180', 'X Khnh Long'),
	(2269, '180', 'X on Kt'),
	(2270, '180', 'X Quc Khnh'),
	(2271, '180', 'X Cao Minh'),
	(2272, '180', 'X Ch Minh'),
	(2273, '180', 'X Tri Phng'),
	(2274, '180', 'X Tn Tin'),
	(2275, '180', 'X Tn Yn'),
	(2276, '180', 'X i Cn'),
	(2277, '180', 'X Tn Minh'),
	(2278, '180', 'X Kim ng'),
	(2279, '180', 'X Chi Lng'),
	(2280, '180', 'X Trung Thnh'),
	(2281, '180', 'Th trn Tht Kh'),
	(2282, '180', 'X o Vin'),
	(2283, '180', 'X  Thm'),
	(2284, '180', 'X Khng Chin'),
	(2285, '180', 'X Hng Sn'),
	(2286, '180', 'X Quc Vit'),
	(2287, '180', 'X Hng Vit'),
	(2288, '181', 'X Hng o'),
	(2289, '181', 'X Vnh Yn'),
	(2290, '181', 'X Hoa Thm'),
	(2291, '181', 'X Qu Ha'),
	(2292, '181', 'X Hng Phong'),
	(2293, '181', 'X Yn L'),
	(2294, '181', 'X Thin Ha'),
	(2295, '181', 'X Quang Trung'),
	(2296, '181', 'X Thin Thut'),
	(2297, '181', 'X Minh Khai'),
	(2298, '181', 'X Thin Long'),
	(2299, '181', 'X Hong Vn Th'),
	(2300, '181', 'X Ha Bnh'),
	(2301, '181', 'X Mng n'),
	(2302, '181', 'X Tn Ha'),
	(2303, '181', 'Th trn Bnh Gia'),
	(2304, '181', 'X Hng Thi'),
	(2305, '181', 'X Bnh La'),
	(2306, '181', 'X Tn Vn'),
	(2307, '182', 'Th trn Na Sm'),
	(2308, '182', 'X Trng Khnh'),
	(2309, '182', 'X Bc La'),
	(2310, '182', 'X Thy Hng'),
	(2311, '182', 'X Bc Hng'),
	(2312, '182', 'X Tn Tc'),
	(2313, '182', 'X Thanh Long'),
	(2314, '182', 'X Hi Hoan'),
	(2315, '182', 'X Bc Vit'),
	(2316, '182', 'X Hong Vit'),
	(2317, '182', 'X Gia Min'),
	(2318, '182', 'X Thnh Ha'),
	(2319, '182', 'X Tn Thanh'),
	(2320, '182', 'X Tn M'),
	(2321, '182', 'X Hng Thi'),
	(2322, '182', 'X  Hong Vn Th'),
	(2323, '182', 'X Nhc K'),
	(2324, '183', 'Th trn ng ng'),
	(2325, '183', 'Th trn Cao Lc'),
	(2326, '183', 'X Bo Lm'),
	(2327, '183', 'X Thanh La'),
	(2328, '183', 'X Cao Lu'),
	(2329, '183', 'X Thch n'),
	(2330, '183', 'X Xut L'),
	(2331, '183', 'X Hng Phong'),
	(2332, '183', 'X Thy Hng'),
	(2333, '183', 'X Lc Yn'),
	(2334, '183', 'X Ph X'),
	(2335, '183', 'X Bnh Trung'),
	(2336, '183', 'X Hi Yn'),
	(2337, '183', 'X Ha C'),
	(2338, '183', 'X Hp Thnh'),
	(2339, '183', 'X Cng Sn'),
	(2340, '183', 'X Gia Ct'),
	(2341, '183', 'X Mu Sn'),
	(2342, '183', 'X Xun Long'),
	(2343, '183', 'X Tn Lin'),
	(2344, '183', 'X Yn Trch'),
	(2345, '183', 'X Tn Thnh'),
	(2346, '184', 'Th trn Vn Quan'),
	(2347, '184', 'X Trn Ninh'),
	(2348, '184', 'X Lin Hi'),
	(2349, '184', 'X Ha Bnh'),
	(2350, '184', 'X T Xuyn'),
	(2351, '184', 'X im He'),
	(2352, '184', 'X An Sn'),
	(2353, '184', 'X Khnh Kh'),
	(2354, '184', 'X Lng Nng'),
	(2355, '184', 'X Bnh Phc'),
	(2356, '184', 'X Tn on'),
	(2357, '184', 'X Tri L'),
	(2358, '184', 'X Trng Phi'),
	(2359, '184', 'X Yn Phc'),
	(2360, '184', 'X Hu L'),
	(2361, '185', 'Th trn Bc Sn'),
	(2362, '185', 'X Long ng'),
	(2363, '185', 'X Vn Thy'),
	(2364, '185', 'X ng '),
	(2365, '185', 'X Tn Tri'),
	(2366, '185', 'X Bc Qunh'),
	(2367, '185', 'X Hng V'),
	(2368, '185', 'X Tn Lp'),
	(2369, '185', 'X V Sn'),
	(2370, '185', 'X Chiu V'),
	(2371, '185', 'X Tn Hng'),
	(2372, '185', 'X Chin Thng'),
	(2373, '185', 'X V Lng'),
	(2374, '185', 'X Trn Yn'),
	(2375, '185', 'X V L'),
	(2376, '185', 'X Nht Ha'),
	(2377, '185', 'X Tn Thnh'),
	(2378, '185', 'X Nht Tin'),
	(2379, '186', 'Th trn Hu Lng'),
	(2380, '186', 'X Hu Lin'),
	(2381, '186', 'X Yn Bnh'),
	(2382, '186', 'X Quyt Thng'),
	(2383, '186', 'X Ha Bnh'),
	(2384, '186', 'X Yn Thnh'),
	(2385, '186', 'X Yn Sn'),
	(2386, '186', 'X Thin Tn'),
	(2387, '186', 'X Yn Vng'),
	(2388, '186', 'X Minh Tin'),
	(2389, '186', 'X Nht Tin'),
	(2390, '186', 'X Thanh Sn'),
	(2391, '186', 'X ng Tn'),
	(2392, '186', 'X Cai Kinh'),
	(2393, '186', 'X Ha Lc'),
	(2394, '186', 'X Vn Nham'),
	(2395, '186', 'X ng Tin'),
	(2396, '186', 'X Tn Thnh'),
	(2397, '186', 'X Ha Sn'),
	(2398, '186', 'X Minh Sn'),
	(2399, '186', 'X H Sn'),
	(2400, '186', 'X Minh Ha'),
	(2401, '186', 'X Ha Thng'),
	(2402, '187', 'Th trn ng M'),
	(2403, '187', 'Th trn Chi Lng'),
	(2404, '187', 'X Vn An'),
	(2405, '187', 'X Vn Thy'),
	(2406, '187', 'X Gia Lc'),
	(2407, '187', 'X Bc Thy'),
	(2408, '187', 'X Chin Thng'),
	(2409, '187', 'X Mai Sao'),
	(2410, '187', 'X Bng Hu'),
	(2411, '187', 'X Thng Cng'),
	(2412, '187', 'X Bng Mc'),
	(2413, '187', 'X Nhn L'),
	(2414, '187', 'X Lm Sn'),
	(2415, '187', 'X Lin Sn'),
	(2416, '187', 'X Vn Linh'),
	(2417, '187', 'X Ha Bnh'),
	(2418, '187', 'X Hu Kin'),
	(2419, '187', 'X Quan Sn'),
	(2420, '187', 'X Y Tch'),
	(2421, '187', 'X Chi Lng'),
	(2422, '188', 'Th trn Na Dng'),
	(2423, '188', 'Th trn Lc Bnh'),
	(2424, '188', 'X Mu Sn'),
	(2425, '188', 'X Yn Khoi'),
	(2426, '188', 'X Khnh Xun'),
	(2427, '188', 'X T Mch'),
	(2428, '188', 'X Hu Khnh'),
	(2429, '188', 'X ng Bc'),
	(2430, '188', 'X Tam Gia'),
	(2431, '188', 'X T on'),
	(2432, '188', 'X Khut X'),
	(2433, '188', 'X Thng Nht'),
	(2434, '188', 'X Sn Vin'),
	(2435, '188', 'X ng Quan'),
	(2436, '188', 'X Minh Hip'),
	(2437, '188', 'X Hu Ln'),
	(2438, '188', 'X Li Bc'),
	(2439, '188', 'X Nam Quan'),
	(2440, '188', 'X Xun Dng'),
	(2441, '188', 'X i Quc'),
	(2442, '189', 'Th trn nh Lp'),
	(2443, '189', 'Th trn NT Thi Bnh'),
	(2444, '189', 'X Bc Xa'),
	(2445, '189', 'X Bnh X'),
	(2446, '189', 'X Kin Mc'),
	(2447, '189', 'X nh Lp'),
	(2448, '189', 'X Thi Bnh'),
	(2449, '189', 'X Cng Li'),
	(2450, '189', 'X Chu Sn'),
	(2451, '189', 'X Lm Ca'),
	(2452, '189', 'X ng Thng'),
	(2453, '189', 'X Bc Lng'),
	(2454, '193', 'Phng H Khnh'),
	(2455, '193', 'Phng H Phong'),
	(2456, '193', 'Phng H Khu'),
	(2457, '193', 'Phng Cao Xanh'),
	(2458, '193', 'Phng Ging y'),
	(2459, '193', 'Phng H Tu'),
	(2460, '193', 'Phng H Trung'),
	(2461, '193', 'Phng H Lm'),
	(2462, '193', 'Phng Bi Chy'),
	(2463, '193', 'Phng Cao Thng'),
	(2464, '193', 'Phng Hng Thng'),
	(2465, '193', 'Phng Trn Hng o'),
	(2466, '193', 'Phng Hng Hi'),
	(2467, '193', 'Phng Hng Gai'),
	(2468, '193', 'Phng Bch ng'),
	(2469, '193', 'Phng Hng H'),
	(2470, '193', 'Phng Tun Chu'),
	(2471, '193', 'Phng Vit Hng'),
	(2472, '193', 'Phng i Yn'),
	(2473, '193', 'Phng Honh B'),
	(2474, '193', 'X K Thng'),
	(2475, '193', 'X ng Sn'),
	(2476, '193', 'X Tn Dn'),
	(2477, '193', 'X ng Lm'),
	(2478, '193', 'X Ha Bnh'),
	(2479, '193', 'X V Oai'),
	(2480, '193', 'X Dn Ch'),
	(2481, '193', 'X Qung La'),
	(2482, '193', 'X Bng C'),
	(2483, '193', 'X Thng Nht'),
	(2484, '193', 'X Sn Dng'),
	(2485, '193', 'X L Li'),
	(2486, '194', 'Phng Ka Long'),
	(2487, '194', 'Phng Trn Ph'),
	(2488, '194', 'Phng Ninh Dng'),
	(2489, '194', 'Phng Tr C'),
	(2490, '194', 'X Hi Sn'),
	(2491, '194', 'X Bc Sn'),
	(2492, '194', 'X Hi ng'),
	(2493, '194', 'X Hi Tin'),
	(2494, '194', 'Phng Hi Yn'),
	(2495, '194', 'X Qung Ngha'),
	(2496, '194', 'Phng Hi Ho'),
	(2497, '194', 'X Hi Xun'),
	(2498, '194', 'X Vn Ninh'),
	(2499, '194', 'Phng Bnh Ngc'),
	(2500, '194', 'X Vnh Trung'),
	(2501, '194', 'X Vnh Thc'),
	(2502, '195', 'Phng Mng Dng'),
	(2503, '195', 'Phng Ca ng'),
	(2504, '195', 'Phng Cm Sn'),
	(2505, '195', 'Phng Cm ng'),
	(2506, '195', 'Phng Cm Ph'),
	(2507, '195', 'Phng Cm Ty'),
	(2508, '195', 'Phng Quang Hanh'),
	(2509, '195', 'Phng Cm Thnh'),
	(2510, '195', 'Phng Cm Thy'),
	(2511, '195', 'Phng Cm Thch'),
	(2512, '195', 'Phng Cm Thnh'),
	(2513, '195', 'Phng Cm Trung'),
	(2514, '195', 'Phng Cm Bnh'),
	(2515, '195', 'X Hi Ha'),
	(2516, '195', 'X Dng Huy'),
	(2517, '196', 'Phng Vng Danh'),
	(2518, '196', 'Phng Thanh Sn'),
	(2519, '196', 'Phng Bc Sn'),
	(2520, '196', 'Phng Quang Trung'),
	(2521, '196', 'Phng Trng Vng'),
	(2522, '196', 'Phng Nam Kh'),
	(2523, '196', 'Phng Yn Thanh'),
	(2524, '196', 'X Thng Yn Cng'),
	(2525, '196', 'Phng Phng ng'),
	(2526, '196', 'Phng Phng Nam'),
	(2527, '198', 'Th trn Bnh Liu'),
	(2528, '198', 'X Honh M'),
	(2529, '198', 'X ng Tm'),
	(2530, '198', 'X ng Vn'),
	(2531, '198', 'X V Ngi'),
	(2532, '198', 'X Lc Hn'),
	(2533, '198', 'X Hc ng'),
	(2534, '199', 'Th trn Tin Yn'),
	(2535, '199', 'X H Lu'),
	(2536, '199', 'X i Dc'),
	(2537, '199', 'X Phong D'),
	(2538, '199', 'X in X'),
	(2539, '199', 'X ng Ng'),
	(2540, '199', 'X Yn Than'),
	(2541, '199', 'X ng Hi'),
	(2542, '199', 'X Hi Lng'),
	(2543, '199', 'X Tin Lng'),
	(2544, '199', 'X ng Rui'),
	(2545, '200', 'Th trn m H'),
	(2546, '200', 'X Qung Lm'),
	(2547, '200', 'X Qung An'),
	(2548, '200', 'X Tn Bnh'),
	(2549, '200', 'X Dc Yn'),
	(2550, '200', 'X Qung Tn'),
	(2551, '200', 'X m H'),
	(2552, '200', 'X Tn Lp'),
	(2553, '200', 'X i Bnh'),
	(2554, '201', 'Th trn Qung H'),
	(2555, '201', 'X Qung c'),
	(2556, '201', 'X Qung Sn'),
	(2557, '201', 'X Qung Thnh'),
	(2558, '201', 'X Qung Thnh'),
	(2559, '201', 'X Qung Minh'),
	(2560, '201', 'X Qung Chnh'),
	(2561, '201', 'X Qung Long'),
	(2562, '201', 'X ng Hoa'),
	(2563, '201', 'X Qung Phong'),
	(2564, '201', 'X Ci Chin'),
	(2565, '202', 'Th trn Ba Ch'),
	(2566, '202', 'X Thanh Sn'),
	(2567, '202', 'X Thanh Lm'),
	(2568, '202', 'X p Thanh'),
	(2569, '202', 'X Nam Sn'),
	(2570, '202', 'X Lng Minh'),
	(2571, '202', 'X n c'),
	(2572, '203', 'Th trn Ci Rng'),
	(2573, '203', 'X i Xuyn'),
	(2574, '203', 'X Bnh Dn'),
	(2575, '203', 'X Vn Yn'),
	(2576, '203', 'X Minh Chu'),
	(2577, '203', 'X on Kt'),
	(2578, '203', 'X H Long'),
	(2579, '203', 'X ng X'),
	(2580, '203', 'X Bn Sen'),
	(2581, '203', 'X Thng Li'),
	(2582, '203', 'X Quan Ln'),
	(2583, '203', 'X Ngc Vng'),
	(2584, '205', 'Phng Mo Kh'),
	(2585, '205', 'X An Sinh'),
	(2586, '205', 'X Trng Lng'),
	(2587, '205', 'Phng Bnh Kh'),
	(2588, '205', 'X Vit Dn'),
	(2589, '205', 'Phng Bnh Dng'),
	(2590, '205', 'Phng c Chnh'),
	(2591, '205', 'Phng Trng An'),
	(2592, '205', 'X Nguyn Hu'),
	(2593, '205', 'Phng Thy An'),
	(2594, '205', 'Phng Xun Sn'),
	(2595, '205', 'X Hng Thi Ty'),
	(2596, '205', 'X Hng Thi ng'),
	(2597, '205', 'Phng Hong Qu'),
	(2598, '205', 'Phng Yn Th'),
	(2599, '205', 'Phng Hng Phong'),
	(2600, '205', 'Phng Kim Sn'),
	(2601, '205', 'Phng Hng o'),
	(2602, '205', 'Phng Yn c'),
	(2603, '206', 'Phng Qung Yn'),
	(2604, '206', 'Phng ng Mai'),
	(2605, '206', 'Phng Minh Thnh'),
	(2606, '206', 'X Sng Khoai'),
	(2607, '206', 'X Hip Ha'),
	(2608, '206', 'Phng Cng Ha'),
	(2609, '206', 'X Tin An'),
	(2610, '206', 'X Hong Tn'),
	(2611, '206', 'Phng Tn An'),
	(2612, '206', 'Phng Yn Giang'),
	(2613, '206', 'Phng Nam Ho'),
	(2614, '206', 'Phng H An'),
	(2615, '206', 'X Cm La'),
	(2616, '206', 'Phng Phong Hi'),
	(2617, '206', 'Phng Yn Hi'),
	(2618, '206', 'X Lin Ha'),
	(2619, '206', 'Phng Phong Cc'),
	(2620, '206', 'X Lin V'),
	(2621, '206', 'X Tin Phong'),
	(2622, '207', 'Th trn C T'),
	(2623, '207', 'X ng Tin'),
	(2624, '207', 'X Thanh Ln'),
	(2625, '213', 'Phng Th Xng'),
	(2626, '213', 'Phng Trn Nguyn Hn'),
	(2627, '213', 'Phng Ng Quyn'),
	(2628, '213', 'Phng Hong Vn Th'),
	(2629, '213', 'Phng Trn Ph'),
	(2630, '213', 'Phng M '),
	(2631, '213', 'Phng L Li'),
	(2632, '213', 'X Song Mai'),
	(2633, '213', 'Phng Xng Giang'),
	(2634, '213', 'Phng a Mai'),
	(2635, '213', 'Phng Dnh K'),
	(2636, '213', 'X Dnh Tr'),
	(2637, '213', 'X Tn M'),
	(2638, '213', 'X ng Sn'),
	(2639, '213', 'X Tn Tin'),
	(2640, '213', 'X Song Kh'),
	(2641, '213', 'X c Giang'),
	(2642, '213', 'X ng Vit'),
	(2643, '215', 'X ng Tin'),
	(2644, '215', 'X Canh Nu'),
	(2645, '215', 'X Xun Lng'),
	(2646, '215', 'X Tam Tin'),
	(2647, '215', 'X ng Vng'),
	(2648, '215', 'X ng Hu'),
	(2649, '215', 'X ng Tm'),
	(2650, '215', 'X Tam Hip'),
	(2651, '215', 'X Tin Thng'),
	(2652, '215', 'X Hng K'),
	(2653, '215', 'X ng Lc'),
	(2654, '215', 'X ng Sn'),
	(2655, '215', 'X Tn Hip'),
	(2656, '215', 'X Hng V'),
	(2657, '215', 'X ng K'),
	(2658, '215', 'X An Thng'),
	(2659, '215', 'Th trn Phn Xng'),
	(2660, '215', 'X Tn Si'),
	(2661, '215', 'Th trn B H'),
	(2662, '216', 'X Lan Gii'),
	(2663, '216', 'Th trn Nh Nam'),
	(2664, '216', 'X Tn Trung'),
	(2665, '216', 'X i Ha'),
	(2666, '216', 'X Quang Tin'),
	(2667, '216', 'X Phc Sn'),
	(2668, '216', 'X An Dng'),
	(2669, '216', 'X Phc Ha'),
	(2670, '216', 'X Lin Sn'),
	(2671, '216', 'X Hp c'),
	(2672, '216', 'X Lam Ct'),
	(2673, '216', 'X Cao X'),
	(2674, '216', 'Th trn Cao Thng'),
	(2675, '216', 'X Vit Ngc'),
	(2676, '216', 'X Song Vn'),
	(2677, '216', 'X Ngc Chu'),
	(2678, '216', 'X Ngc Vn'),
	(2679, '216', 'X Vit Lp'),
	(2680, '216', 'X Lin Chung'),
	(2681, '216', 'X Ngc Thin'),
	(2682, '216', 'X Ngc L'),
	(2683, '216', 'X Qu Nham'),
	(2684, '217', 'Th trn Vi'),
	(2685, '217', 'X Ngha Ha'),
	(2686, '217', 'X Ngha Hng'),
	(2687, '217', 'X Quang Thnh'),
	(2688, '217', 'X Hng Sn'),
	(2689, '217', 'X o M'),
	(2690, '217', 'X Tin Lc'),
	(2691, '217', 'X An H'),
	(2692, '217', 'Th trn Kp'),
	(2693, '217', 'X M H'),
	(2694, '217', 'X Hng Lc'),
	(2695, '217', 'X Dng c'),
	(2696, '217', 'X Tn Thanh'),
	(2697, '217', 'X Yn M'),
	(2698, '217', 'X Tn Hng'),
	(2699, '217', 'X M Thi'),
	(2700, '217', 'X Xng Lm'),
	(2701, '217', 'X Xun Hng'),
	(2702, '217', 'X Tn Dnh'),
	(2703, '217', 'X i Lm'),
	(2704, '217', 'X Thi o'),
	(2705, '218', 'Th trn i Ng'),
	(2706, '218', 'X ng Hng'),
	(2707, '218', 'X ng Ph'),
	(2708, '218', 'X Tam D'),
	(2709, '218', 'X Bo Sn'),
	(2710, '218', 'X Bo i'),
	(2711, '218', 'X Thanh Lm'),
	(2712, '218', 'X Tin Nha'),
	(2713, '218', 'X Trng Giang'),
	(2714, '218', 'Th trn Phng Sn'),
	(2715, '218', 'X Chu in'),
	(2716, '218', 'X Cng Sn'),
	(2717, '218', 'X Ngha Phng'),
	(2718, '218', 'X V Tranh'),
	(2719, '218', 'X Bnh Sn'),
	(2720, '218', 'X Lan Mu'),
	(2721, '218', 'X Yn Sn'),
	(2722, '218', 'X Khm Lng'),
	(2723, '218', 'X Huyn Sn'),
	(2724, '218', 'X Trng Sn'),
	(2725, '218', 'X Lc Sn'),
	(2726, '218', 'X Bc Lng'),
	(2727, '218', 'X V X'),
	(2728, '218', 'X Cm L'),
	(2729, '218', 'X an Hi'),
	(2730, '219', 'Th trn Ch'),
	(2731, '219', 'X Cm Sn'),
	(2732, '219', 'X Tn Sn'),
	(2733, '219', 'X Phong Minh'),
	(2734, '219', 'X Phong Vn'),
	(2735, '219', 'X Xa L'),
	(2736, '219', 'X H p'),
	(2737, '219', 'X Sn Hi'),
	(2738, '219', 'X Thanh Hi'),
	(2739, '219', 'X Kin Lao'),
	(2740, '219', 'X Bin Sn'),
	(2741, '219', 'X Kin Thnh'),
	(2742, '219', 'X Hng Giang'),
	(2743, '219', 'X Kim Sn'),
	(2744, '219', 'X Tn Hoa'),
	(2745, '219', 'X Gip Sn'),
	(2746, '219', 'X Bin ng'),
	(2747, '219', 'X Qu Sn'),
	(2748, '219', 'X Tr Hu'),
	(2749, '219', 'X Ph in'),
	(2750, '219', 'X Tn Quang'),
	(2751, '219', 'X ng Cc'),
	(2752, '219', 'X Tn Lp'),
	(2753, '219', 'X Ph Nhun'),
	(2754, '219', 'X M An'),
	(2755, '219', 'X Nam Dng'),
	(2756, '219', 'X Tn Mc'),
	(2757, '219', 'X o Gia'),
	(2758, '219', 'X Phng Sn'),
	(2759, '220', 'Th trn An Chu'),
	(2760, '220', 'Th trn Ty Yn T'),
	(2761, '220', 'X Vn Sn'),
	(2762, '220', 'X Hu Sn'),
	(2763, '220', 'X i Sn'),
	(2764, '220', 'X Phc Sn'),
	(2765, '220', 'X Gio Lim'),
	(2766, '220', 'X Cm n'),
	(2767, '220', 'X An Lc'),
	(2768, '220', 'X Vnh An'),
	(2769, '220', 'X Yn nh'),
	(2770, '220', 'X L Vin'),
	(2771, '220', 'X An B'),
	(2772, '220', 'X Tun o'),
	(2773, '220', 'X Dng Hu'),
	(2774, '220', 'X Long Sn'),
	(2775, '220', 'X Thanh Lun'),
	(2776, '221', 'Th trn Nham Bin'),
	(2777, '221', 'Th trn Tn An'),
	(2778, '221', 'X Lo H'),
	(2779, '221', 'X Hng Gin'),
	(2780, '221', 'X Tn An'),
	(2781, '221', 'X Qunh Sn'),
	(2782, '221', 'X Ni Hong'),
	(2783, '221', 'X Tin Phong'),
	(2784, '221', 'X Xun Ph'),
	(2785, '221', 'X Tn Liu'),
	(2786, '221', 'X Tr Yn'),
	(2787, '221', 'X Lng Sn'),
	(2788, '221', 'X Yn L'),
	(2789, '221', 'X Tin Dng'),
	(2790, '221', 'X Nham Sn'),
	(2791, '221', 'X Cnh Thy'),
	(2792, '221', 'X T Mi'),
	(2793, '221', 'X Thng Cng'),
	(2794, '221', 'X ng Phc'),
	(2795, '222', 'X Thng Lan'),
	(2796, '222', 'X Vit Tin'),
	(2797, '222', 'X Ngha Trung'),
	(2798, '222', 'X Minh c'),
	(2799, '222', 'X Hng Mai'),
	(2800, '222', 'Phng T Ln'),
	(2801, '222', 'Phng Bch ng'),
	(2802, '222', 'X Trung Sn'),
	(2803, '222', 'Phng Hng Thi'),
	(2804, '222', 'X Tin Sn'),
	(2805, '222', 'Phng Tng Tin'),
	(2806, '222', 'Phng Qung Minh'),
	(2807, '222', 'Phng Nnh'),
	(2808, '222', 'Phng Ninh Sn'),
	(2809, '222', 'Phng Vn Trung'),
	(2810, '222', 'X Vn H'),
	(2811, '222', 'Phng Quang Chu'),
	(2812, '223', 'X ng Tn'),
	(2813, '223', 'X Thanh Vn'),
	(2814, '223', 'X Hong Lng'),
	(2815, '223', 'X Hong Vn'),
	(2816, '223', 'X Hong Thanh'),
	(2817, '223', 'X Hong An'),
	(2818, '223', 'X Ngc Sn'),
	(2819, '223', 'X Thi Sn'),
	(2820, '223', 'X Ha Sn'),
	(2821, '223', 'Th trn Thng'),
	(2822, '223', 'X Quang Minh'),
	(2823, '223', 'X Lng Phong'),
	(2824, '223', 'X Hng Sn'),
	(2825, '223', 'X i Thnh'),
	(2826, '223', 'X Thng Thng'),
	(2827, '223', 'X Hp Thnh'),
	(2828, '223', 'X Danh Thng'),
	(2829, '223', 'X Mai Trung'),
	(2830, '223', 'X oan Bi'),
	(2831, '223', 'Th trn Bc L'),
	(2832, '223', 'X Xun Cm'),
	(2833, '223', 'X Hng Lm'),
	(2834, '223', 'X ng L'),
	(2835, '223', 'X Chu Minh'),
	(2836, '223', 'X Mai nh'),
	(2837, '227', 'Phng Du Lu'),
	(2838, '227', 'Phng Vn C'),
	(2839, '227', 'Phng Nng Trang'),
	(2840, '227', 'Phng Tn Dn'),
	(2841, '227', 'Phng Gia Cm'),
	(2842, '227', 'Phng Tin Ct'),
	(2843, '227', 'Phng Th Sn'),
	(2844, '227', 'Phng Thanh Miu'),
	(2845, '227', 'Phng Bch Hc'),
	(2846, '227', 'Phng Bn Gt'),
	(2847, '227', 'Phng Vn Ph'),
	(2848, '227', 'X Phng Lu'),
	(2849, '227', 'X Thy Vn'),
	(2850, '227', 'Phng Minh Phng'),
	(2851, '227', 'X Trng Vng'),
	(2852, '227', 'Phng Minh Nng'),
	(2853, '227', 'X Sng L'),
	(2854, '227', 'X Kim c'),
	(2855, '227', 'X Hng L'),
	(2856, '227', 'X Hy Cng'),
	(2857, '227', 'X Chu Ha'),
	(2858, '227', 'X Thanh nh'),
	(2859, '228', 'Phng Hng Vng'),
	(2860, '228', 'Phng Phong Chu'),
	(2861, '228', 'Phng u C'),
	(2862, '228', 'X H Lc'),
	(2863, '228', 'X Ph H'),
	(2864, '228', 'X Vn Lung'),
	(2865, '228', 'X Thanh Minh'),
	(2866, '228', 'X H Thch'),
	(2867, '228', 'Phng Thanh Vinh'),
	(2868, '230', 'Th trn oan Hng'),
	(2869, '230', 'X Hng Xuyn'),
	(2870, '230', 'X Bng Lun'),
	(2871, '230', 'X Vn Du'),
	(2872, '230', 'X Ph Lm'),
	(2873, '230', 'X Minh Lng'),
	(2874, '230', 'X Bng Don'),
	(2875, '230', 'X Ch m'),
	(2876, '230', 'X Phc Lai'),
	(2877, '230', 'X Ngc Quan'),
	(2878, '230', 'X Hp Nht'),
	(2879, '230', 'X Sc ng'),
	(2880, '230', 'X Ty Cc'),
	(2881, '230', 'X Yn Kin'),
	(2882, '230', 'X Hng Long'),
	(2883, '230', 'X V Quang'),
	(2884, '230', 'X Vn n'),
	(2885, '230', 'X Tiu Sn'),
	(2886, '230', 'X Minh Tin'),
	(2887, '230', 'X Minh Ph'),
	(2888, '230', 'X Chn Mng'),
	(2889, '230', 'X Ca nh'),
	(2890, '231', 'Th trn H Ho'),
	(2891, '231', 'X i Phm'),
	(2892, '231', 'X an Thng'),
	(2893, '231', 'X H Lng'),
	(2894, '231', 'X T Hip'),
	(2895, '231', 'X Hin Lng'),
	(2896, '231', 'X Phng Vin'),
	(2897, '231', 'X Gia in'),
	(2898, '231', 'X m H'),
	(2899, '231', 'X Hng X'),
	(2900, '231', 'X Xun ng'),
	(2901, '231', 'X Yn K'),
	(2902, '231', 'X Minh Hc'),
	(2903, '231', 'X Lang Sn'),
	(2904, '231', 'X Bng Gi'),
	(2905, '231', 'X Yn Lut'),
	(2906, '231', 'X V Tranh'),
	(2907, '231', 'X Vn Lang'),
	(2908, '231', 'X Minh Ci'),
	(2909, '231', 'X Vnh Chn'),
	(2910, '232', 'Th trn Thanh Ba'),
	(2911, '232', 'X Vn Lnh'),
	(2912, '232', 'X ng Lnh'),
	(2913, '232', 'X i An'),
	(2914, '232', 'X Hanh C'),
	(2915, '232', 'X ng Xun'),
	(2916, '232', 'X Qung Yn'),
	(2917, '232', 'X Ninh Dn'),
	(2918, '232', 'X V Lao'),
	(2919, '232', 'X Khi Xun'),
	(2920, '232', 'X Mn Ln'),
	(2921, '232', 'X Hong Cng'),
	(2922, '232', 'X Ch Tin'),
	(2923, '232', 'X ng Thnh'),
	(2924, '232', 'X Sn Cng'),
	(2925, '232', 'X Thanh H'),
	(2926, '232', 'X  Sn'),
	(2927, '232', 'X  Xuyn'),
	(2928, '232', 'X Lng L'),
	(2929, '233', 'Th trn Phong Chu'),
	(2930, '233', 'X Ph M'),
	(2931, '233', 'X L M'),
	(2932, '233', 'X Lin Hoa'),
	(2933, '233', 'X Trm Thn'),
	(2934, '233', 'X Tr Qun'),
	(2935, '233', 'X Trung Gip'),
	(2936, '233', 'X Tin Ph'),
	(2937, '233', 'X H Gip'),
	(2938, '233', 'X Bo Thanh'),
	(2939, '233', 'X Ph Lc'),
	(2940, '233', 'X Gia Thanh'),
	(2941, '233', 'X Tin Du'),
	(2942, '233', 'X Ph Nham'),
	(2943, '233', 'X An o'),
	(2944, '233', 'X Bnh Ph'),
	(2945, '233', 'X Ph Ninh'),
	(2946, '234', 'Th trn Yn Lp'),
	(2947, '234', 'X M Lung'),
	(2948, '234', 'X M Lng'),
	(2949, '234', 'X Lng Sn'),
	(2950, '234', 'X Xun An'),
	(2951, '234', 'X Xun Vin'),
	(2952, '234', 'X Xun Thy'),
	(2953, '234', 'X Trung Sn'),
	(2954, '234', 'X Hng Long'),
	(2955, '234', 'X Nga Hong'),
	(2956, '234', 'X ng Lc'),
	(2957, '234', 'X Thng Long'),
	(2958, '234', 'X ng Thnh'),
	(2959, '234', 'X Phc Khnh'),
	(2960, '234', 'X Minh Ha'),
	(2961, '234', 'X Ngc Lp'),
	(2962, '234', 'X Ngc ng'),
	(2963, '235', 'Th trn Cm Kh'),
	(2964, '235', 'X Tin Lng'),
	(2965, '235', 'X Tuy Lc'),
	(2966, '235', 'X Ng X'),
	(2967, '235', 'X Minh Tn'),
	(2968, '235', 'X Phng V'),
	(2969, '235', 'X Thy Liu'),
	(2970, '235', 'X Tng Kh'),
	(2971, '235', 'X Tam Sn'),
	(2972, '235', 'X Vn Bn'),
	(2973, '235', 'X Cp Dn'),
	(2974, '235', 'X Xng Thnh'),
	(2975, '235', 'X Ph Kh'),
	(2976, '235', 'X Sn Tnh'),
	(2977, '235', 'X Yn Tp'),
	(2978, '235', 'X Hng Lung'),
	(2979, '235', 'X T X'),
	(2980, '235', 'X Ph Lc'),
	(2981, '235', 'X Chng X'),
	(2982, '235', 'X Hng Vit'),
	(2983, '235', 'X Vn Khc'),
	(2984, '235', 'X Yn Dng'),
	(2985, '235', 'X iu Lng'),
	(2986, '235', 'X ng Lng'),
	(2987, '236', 'Th trn Hng Ho'),
	(2988, '236', 'X Hin Quan'),
	(2989, '236', 'X Bc Sn'),
	(2990, '236', 'X Thanh Uyn'),
	(2991, '236', 'X Lam Sn'),
	(2992, '236', 'X Vn Xun'),
	(2993, '236', 'X Quang Hc'),
	(2994, '236', 'X Hng Nn'),
	(2995, '236', 'X T L'),
	(2996, '236', 'X Th Vn'),
	(2997, '236', 'X D Nu'),
	(2998, '236', 'X Dn Quyn'),
	(2999, '237', 'Th trn Lm Thao'),
	(3000, '237', 'X Tin Kin'),
	(3001, '237', 'Th trn Hng Sn'),
	(3002, '237', 'X Xun Lng'),
	(3003, '237', 'X Xun Huy'),
	(3004, '237', 'X Thch Sn'),
	(3005, '237', 'X Sn Vi'),
	(3006, '237', 'X Phng Nguyn'),
	(3007, '237', 'X Cao X'),
	(3008, '237', 'X Vnh Li'),
	(3009, '237', 'X T X'),
	(3010, '237', 'X Bn Nguyn'),
	(3011, '238', 'Th trn Thanh Sn'),
	(3012, '238', 'X Sn Hng'),
	(3013, '238', 'X ch Qu'),
	(3014, '238', 'X Gip Lai'),
	(3015, '238', 'X Thc Luyn'),
	(3016, '238', 'X V Miu'),
	(3017, '238', 'X Thch Khon'),
	(3018, '238', 'X C Thng'),
	(3019, '238', 'X Tt Thng'),
	(3020, '238', 'X Vn Miu'),
	(3021, '238', 'X C ng'),
	(3022, '238', 'X Thng Sn'),
	(3023, '238', 'X Tn Minh'),
	(3024, '238', 'X Hng Cn'),
	(3025, '238', 'X Kh Cu'),
	(3026, '238', 'X ng Cu'),
	(3027, '238', 'X Tn Lp'),
	(3028, '238', 'X Yn Lng'),
	(3029, '238', 'X Yn Lng'),
	(3030, '238', 'X Thng Cu'),
	(3031, '238', 'X Lng Nha'),
	(3032, '238', 'X Yn Sn'),
	(3033, '238', 'X Tinh Nhu'),
	(3034, '239', 'X o X'),
	(3035, '239', 'X Thch ng'),
	(3036, '239', 'X Xun Lc'),
	(3037, '239', 'X Tn Phng'),
	(3038, '239', 'Th trn Thanh Thy'),
	(3039, '239', 'X Sn Thy'),
	(3040, '239', 'X Bo Yn'),
	(3041, '239', 'X oan H'),
	(3042, '239', 'X ng Trung'),
	(3043, '239', 'X Hong X'),
	(3044, '239', 'X Tu V'),
	(3045, '240', 'X Thu Cc'),
	(3046, '240', 'X Thch Kit'),
	(3047, '240', 'X Thu Ngc'),
	(3048, '240', 'X Kit Sn'),
	(3049, '240', 'X ng Sn'),
	(3050, '240', 'X Lai ng'),
	(3051, '240', 'X Tn Ph'),
	(3052, '240', 'X M Thun'),
	(3053, '240', 'X Tn Sn'),
	(3054, '240', 'X Xun i'),
	(3055, '240', 'X Minh i'),
	(3056, '240', 'X Vn Lung'),
	(3057, '240', 'X Xun Sn'),
	(3058, '240', 'X Long Cc'),
	(3059, '240', 'X Kim Thng'),
	(3060, '240', 'X Tam Thanh'),
	(3061, '240', 'X Vinh Tin'),
	(3062, '243', 'Phng Tch Sn'),
	(3063, '243', 'Phng Lin Bo'),
	(3064, '243', 'Phng Hi Hp'),
	(3065, '243', 'Phng ng a'),
	(3066, '243', 'Phng Ng Quyn'),
	(3067, '243', 'Phng ng Tm'),
	(3068, '243', 'Phng nh Trung'),
	(3069, '243', 'Phng Khai Quang'),
	(3070, '243', 'X Thanh Tr'),
	(3071, '244', 'Phng Trng Trc'),
	(3072, '244', 'Phng Hng Vng'),
	(3073, '244', 'Phng Trng Nh'),
	(3074, '244', 'Phng Phc Thng'),
	(3075, '244', 'Phng Xun Ho'),
	(3076, '244', 'Phng ng Xun'),
	(3077, '244', 'X Ngc Thanh'),
	(3078, '244', 'X Cao Minh'),
	(3079, '244', 'Phng Nam Vim'),
	(3080, '244', 'Phng Tin Chu'),
	(3081, '246', 'Th trn Lp Thch'),
	(3082, '246', 'X Quang Sn'),
	(3083, '246', 'X Ngc M'),
	(3084, '246', 'X Hp L'),
	(3085, '246', 'X Bc Bnh'),
	(3086, '246', 'X Thi Ha'),
	(3087, '246', 'Th trn Hoa Sn'),
	(3088, '246', 'X Lin Sn'),
	(3089, '246', 'X Xun Ha'),
	(3090, '246', 'X Vn Trc'),
	(3091, '246', 'X Lin Ha'),
	(3092, '246', 'X T Du'),
	(3093, '246', 'X Bn Gin'),
	(3094, '246', 'X Xun Li'),
	(3095, '246', 'X ng ch'),
	(3096, '246', 'X Tin L'),
	(3097, '246', 'X Vn Qun'),
	(3098, '246', 'X nh Chu'),
	(3099, '246', 'X Triu '),
	(3100, '246', 'X Sn ng'),
	(3101, '247', 'Th trn Hp Ha'),
	(3102, '247', 'X Hong Hoa'),
	(3103, '247', 'X ng Tnh'),
	(3104, '247', 'Th trn Kim Long'),
	(3105, '247', 'X Hng o'),
	(3106, '247', 'X o T'),
	(3107, '247', 'X An Ha'),
	(3108, '247', 'X Thanh Vn'),
	(3109, '247', 'X Duy Phin'),
	(3110, '247', 'X Hong an'),
	(3111, '247', 'X Hong Lu'),
	(3112, '247', 'X Vn Hi'),
	(3113, '247', 'X Hp Thnh'),
	(3114, '248', 'Th trn Tam o'),
	(3115, '248', 'Th trn Hp Chu'),
	(3116, '248', 'X o Tr'),
	(3117, '248', 'X Yn Dng'),
	(3118, '248', 'X B L'),
	(3119, '248', 'Th trn i nh'),
	(3120, '248', 'X Tam Quan'),
	(3121, '248', 'X H Sn'),
	(3122, '248', 'X Minh Quang'),
	(3123, '249', 'Th trn Hng Canh'),
	(3124, '249', 'Th trn Gia Khnh'),
	(3125, '249', 'X Trung M'),
	(3126, '249', 'Th trn B Hin'),
	(3127, '249', 'X Thin K'),
	(3128, '249', 'X Hng Sn'),
	(3129, '249', 'X Tam Hp'),
	(3130, '249', 'X Qut Lu'),
	(3131, '249', 'X Sn Li'),
	(3132, '249', 'Th trn o c'),
	(3133, '249', 'X Tn Phong'),
	(3134, '249', 'Th trn Thanh Lng'),
	(3135, '249', 'X Ph Xun'),
	(3136, '251', 'Th trn Yn Lc'),
	(3137, '251', 'X ng Cng'),
	(3138, '251', 'X ng Vn'),
	(3139, '251', 'X Bnh nh'),
	(3140, '251', 'X Trung Nguyn'),
	(3141, '251', 'X T L'),
	(3142, '251', 'Th trn Tam Hng'),
	(3143, '251', 'X Yn ng'),
	(3144, '251', 'X Vn Tin'),
	(3145, '251', 'X Nguyt c'),
	(3146, '251', 'X Yn Phng'),
	(3147, '251', 'X Hng Phng'),
	(3148, '251', 'X Trung Kin'),
	(3149, '251', 'X Lin Chu'),
	(3150, '251', 'X i T'),
	(3151, '251', 'X Hng Chu'),
	(3152, '251', 'X Trung H'),
	(3153, '252', 'Th trn Vnh Tng'),
	(3154, '252', 'X Kim X'),
	(3155, '252', 'X Yn Bnh'),
	(3156, '252', 'X Chn Hng'),
	(3157, '252', 'X Ngha Hng'),
	(3158, '252', 'X Yn Lp'),
	(3159, '252', 'X Vit Xun'),
	(3160, '252', 'X B Sao'),
	(3161, '252', 'X i ng'),
	(3162, '252', 'X Tn Tin'),
	(3163, '252', 'X Lng Ho'),
	(3164, '252', 'X Cao i'),
	(3165, '252', 'Th Trn Th Tang'),
	(3166, '252', 'X Vnh Sn'),
	(3167, '252', 'X Bnh Dng'),
	(3168, '252', 'X Tn Ph'),
	(3169, '252', 'X Thng Trng'),
	(3170, '252', 'X V Di'),
	(3171, '252', 'X L Nhn'),
	(3172, '252', 'X Tun Chnh'),
	(3173, '252', 'X Vn Xun'),
	(3174, '252', 'X Tam Phc'),
	(3175, '252', 'Th trn T Trng'),
	(3176, '252', 'X Ng Kin'),
	(3177, '252', 'X An Tng'),
	(3178, '252', 'X Vnh Thnh'),
	(3179, '252', 'X Ph a'),
	(3180, '252', 'X Vnh Ninh'),
	(3181, '253', 'X Lng Cng'),
	(3182, '253', 'X Quang Yn'),
	(3183, '253', 'X Bch Lu'),
	(3184, '253', 'X Hi Lu'),
	(3185, '253', 'X ng Qu'),
	(3186, '253', 'X Nhn o'),
	(3187, '253', 'X n Nhn'),
	(3188, '253', 'X Phng Khoan'),
	(3189, '253', 'X Tn Lp'),
	(3190, '253', 'X Nho Sn'),
	(3191, '253', 'Th trn Tam Sn'),
	(3192, '253', 'X Nh Thy'),
	(3193, '253', 'X Yn Thch'),
	(3194, '253', 'X ng Thnh'),
	(3195, '253', 'X T Yn'),
	(3196, '253', 'X c Bc'),
	(3197, '253', 'X Cao Phong'),
	(3198, '256', 'Phng V Ninh'),
	(3199, '256', 'Phng p Cu'),
	(3200, '256', 'Phng Th Cu'),
	(3201, '256', 'Phng Kinh Bc'),
	(3202, '256', 'Phng i Phc'),
	(3203, '256', 'Phng Tin Ninh V'),
	(3204, '256', 'Phng Sui Hoa'),
	(3205, '256', 'Phng V Cng'),
	(3206, '256', 'Phng Ha Long'),
	(3207, '256', 'Phng Vn An'),
	(3208, '256', 'Phng Khc Xuyn'),
	(3209, '256', 'Phng Phong Kh'),
	(3210, '256', 'Phng Kim Chn'),
	(3211, '256', 'Phng Vn Dng'),
	(3212, '256', 'Phng Nam Sn'),
	(3213, '256', 'Phng Khc Nim'),
	(3214, '256', 'Phng Hp Lnh'),
	(3215, '258', 'Th trn Ch'),
	(3216, '258', 'X Dng Lit'),
	(3217, '258', 'X Tam a'),
	(3218, '258', 'X Tam Giang'),
	(3219, '258', 'X Yn Trung'),
	(3220, '258', 'X Thy Ha'),
	(3221, '258', 'X Ha Tin'),
	(3222, '258', 'X ng Tin'),
	(3223, '258', 'X Yn Ph'),
	(3224, '258', 'X Trung Ngha'),
	(3225, '258', 'X ng Phong'),
	(3226, '258', 'X Long Chu'),
	(3227, '258', 'X Vn Mn'),
	(3228, '258', 'X ng Th'),
	(3229, '259', 'Phng Ph Mi'),
	(3230, '259', 'X Vit Thng'),
	(3231, '259', 'Phng i Xun'),
	(3232, '259', 'Phng Nhn Ha'),
	(3233, '259', 'Phng Bng An'),
	(3234, '259', 'Phng Phng Liu'),
	(3235, '259', 'Phng Qu Tn'),
	(3236, '259', 'Phng Ph Lng'),
	(3237, '259', 'X Ph Lng'),
	(3238, '259', 'Phng Phng Mao'),
	(3239, '259', 'Phng Vit Hng'),
	(3240, '259', 'X Ngc X'),
	(3241, '259', 'X Chu Phong'),
	(3242, '259', 'Phng Bng Lai'),
	(3243, '259', 'Phng Cch Bi'),
	(3244, '259', 'X o Vin'),
	(3245, '259', 'X Yn Gi'),
	(3246, '259', 'X M o'),
	(3247, '259', 'X c Long'),
	(3248, '259', 'X Chi Lng'),
	(3249, '260', 'Th trn Lim'),
	(3250, '260', 'X Ph Lm'),
	(3251, '260', 'X Ni Du'),
	(3252, '260', 'X Lin Bo'),
	(3253, '260', 'X Hin Vn'),
	(3254, '260', 'X Hon Sn'),
	(3255, '260', 'X Lc V'),
	(3256, '260', 'X Vit on'),
	(3257, '260', 'X Pht Tch'),
	(3258, '260', 'X Tn Chi'),
	(3259, '260', 'X i ng'),
	(3260, '260', 'X Tri Phng'),
	(3261, '260', 'X Minh o'),
	(3262, '260', 'X Cnh Hng'),
	(3263, '261', 'Phng ng Ngn'),
	(3264, '261', 'Phng Tam Sn'),
	(3265, '261', 'Phng Hng Mc'),
	(3266, '261', 'Phng Tng Giang'),
	(3267, '261', 'Phng Ph Kh'),
	(3268, '261', 'Phng ng K'),
	(3269, '261', 'Phng Trang H'),
	(3270, '261', 'Phng ng Nguyn'),
	(3271, '261', 'Phng Chu Kh'),
	(3272, '261', 'Phng Tn Hng'),
	(3273, '261', 'Phng nh Bng'),
	(3274, '261', 'Phng Ph Chn'),
	(3275, '262', 'Phng H'),
	(3276, '262', 'X Hoi Thng'),
	(3277, '262', 'X i ng Thnh'),
	(3278, '262', 'X Mo in'),
	(3279, '262', 'Phng Song H'),
	(3280, '262', 'X nh T'),
	(3281, '262', 'Phng An Bnh'),
	(3282, '262', 'Phng Tr Qu'),
	(3283, '262', 'Phng Gia ng'),
	(3284, '262', 'Phng Thanh Khng'),
	(3285, '262', 'Phng Trm L'),
	(3286, '262', 'Phng Xun Lm'),
	(3287, '262', 'Phng H Mn'),
	(3288, '262', 'X Ng Thi'),
	(3289, '262', 'X Nguyt c'),
	(3290, '262', 'Phng Ninh X'),
	(3291, '262', 'X Ngha o'),
	(3292, '262', 'X Song Liu'),
	(3293, '263', 'Th trn Gia Bnh'),
	(3294, '263', 'X Vn Ninh'),
	(3295, '263', 'X Thi Bo'),
	(3296, '263', 'X Giang Sn'),
	(3297, '263', 'X Cao c'),
	(3298, '263', 'X i Lai'),
	(3299, '263', 'X Song Giang'),
	(3300, '263', 'X Bnh Dng'),
	(3301, '263', 'X Lng Ngm'),
	(3302, '263', 'Th trn Nhn Thng'),
	(3303, '263', 'X Xun Lai'),
	(3304, '263', 'X ng Cu'),
	(3305, '263', 'X i Bi'),
	(3306, '263', 'X Qunh Ph'),
	(3307, '264', 'Th trn Tha'),
	(3308, '264', 'X An Thnh'),
	(3309, '264', 'X Trung Knh'),
	(3310, '264', 'X Ph Ha'),
	(3311, '264', 'X An Tp'),
	(3312, '264', 'X Tn Lng'),
	(3313, '264', 'X Qung Ph'),
	(3314, '264', 'X Quang Minh'),
	(3315, '264', 'X Trung Chnh'),
	(3316, '264', 'X Bnh nh'),
	(3317, '264', 'X Ph Lng'),
	(3318, '264', 'X Lm Thao'),
	(3319, '288', 'Phng Cm Thng'),
	(3320, '288', 'Phng Bnh Hn'),
	(3321, '288', 'Phng Ngc Chu'),
	(3322, '288', 'Phng Nh Chu'),
	(3323, '288', 'Phng Quang Trung'),
	(3324, '288', 'Phng Nguyn Tri'),
	(3325, '288', 'Phng Trn Hng o'),
	(3326, '288', 'Phng Trn Ph'),
	(3327, '288', 'Phng Thanh Bnh'),
	(3328, '288', 'Phng Tn Bnh'),
	(3329, '288', 'Phng L Thanh Ngh'),
	(3330, '288', 'Phng Hi Tn'),
	(3331, '288', 'Phng T Minh'),
	(3332, '288', 'Phng Vit Ho'),
	(3333, '288', 'Phng i Quc'),
	(3334, '288', 'X An Thng'),
	(3335, '288', 'Phng Nam ng'),
	(3336, '288', 'X Quyt Thng'),
	(3337, '288', 'X Tin Tin'),
	(3338, '288', 'Phng Thch Khi'),
	(3339, '288', 'X Lin Hng'),
	(3340, '288', 'Phng Tn Hng'),
	(3341, '288', 'X Gia Xuyn'),
	(3342, '288', 'X Ngc Sn'),
	(3343, '290', 'Phng Ph Li'),
	(3344, '290', 'Phng Sao '),
	(3345, '290', 'Phng Bn Tm'),
	(3346, '290', 'X Hong Hoa Thm'),
	(3347, '290', 'X Bc An'),
	(3348, '290', 'X Hng o'),
	(3349, '290', 'X L Li'),
	(3350, '290', 'Phng Hong Tin'),
	(3351, '290', 'Phng Cng Ho'),
	(3352, '290', 'Phng Hong Tn'),
	(3353, '290', 'Phng C Thnh'),
	(3354, '290', 'Phng Vn An'),
	(3355, '290', 'Phng Ch Minh'),
	(3356, '290', 'Phng Vn c'),
	(3357, '290', 'Phng Thi Hc'),
	(3358, '290', 'X Nhn Hu'),
	(3359, '290', 'Phng An Lc'),
	(3360, '290', 'Phng ng Lc'),
	(3361, '290', 'Phng Tn Dn'),
	(3362, '291', 'Th trn Nam Sch'),
	(3363, '291', 'X Nam Hng'),
	(3364, '291', 'X Nam Tn'),
	(3365, '291', 'X Hp Tin'),
	(3366, '291', 'X Hip Ct'),
	(3367, '291', 'X Quc Tun'),
	(3368, '291', 'X An Bnh'),
	(3369, '291', 'X Trn Ph'),
	(3370, '291', 'X An Sn'),
	(3371, '291', 'X Cng Ha'),
	(3372, '291', 'X Thi Tn'),
	(3373, '291', 'X An Ph'),
	(3374, '291', 'X Hng Phong'),
	(3375, '291', 'X ng Lc'),
	(3376, '291', 'X Minh Tn'),
	(3377, '292', 'Phng An Lu'),
	(3378, '292', 'X Bch ng'),
	(3379, '292', 'Phng Tht Hng'),
	(3380, '292', 'X L Ninh'),
	(3381, '292', 'Phng Phm Thi'),
	(3382, '292', 'Phng Duy Tn'),
	(3383, '292', 'Phng Tn Dn'),
	(3384, '292', 'Phng Minh Tn'),
	(3385, '292', 'X Quang Thnh'),
	(3386, '292', 'X Hip Ha'),
	(3387, '292', 'Phng Ph Th'),
	(3388, '292', 'X Thng Long'),
	(3389, '292', 'X Lc Long'),
	(3390, '292', 'Phng An Sinh'),
	(3391, '292', 'Phng Hip Sn'),
	(3392, '292', 'X Thng Qun'),
	(3393, '292', 'Phng An Ph'),
	(3394, '292', 'Phng Hip An'),
	(3395, '292', 'Phng Long Xuyn'),
	(3396, '292', 'Phng Thi Thnh'),
	(3397, '292', 'Phng Hin Thnh'),
	(3398, '292', 'X Minh Ha'),
	(3399, '293', 'Th trn Ph Thi'),
	(3400, '293', 'X Lai Kh'),
	(3401, '293', 'X V Dng'),
	(3402, '293', 'X Tun Vit'),
	(3403, '293', 'X Kim Xuyn'),
	(3404, '293', 'X Ng Phc'),
	(3405, '293', 'X Kim Anh'),
	(3406, '293', 'X Kim Lin'),
	(3407, '293', 'X Kim Tn'),
	(3408, '293', 'X Kim nh'),
	(3409, '293', 'X Ha Bnh'),
	(3410, '293', 'X Tam K'),
	(3411, '293', 'X ng Cm'),
	(3412, '293', 'X i c'),
	(3413, '294', 'Th trn Thanh H'),
	(3414, '294', 'X Hng Lc'),
	(3415, '294', 'X Tn Vit'),
	(3416, '294', 'X Cm Vit'),
	(3417, '294', 'X Thanh An'),
	(3418, '294', 'X Thanh Lang'),
	(3419, '294', 'X Tn An'),
	(3420, '294', 'X Lin Mc'),
	(3421, '294', 'X Thanh Hi'),
	(3422, '294', 'X Thanh Xun'),
	(3423, '294', 'X Thanh Tn'),
	(3424, '294', 'X An Phng'),
	(3425, '294', 'X Thanh Sn'),
	(3426, '294', 'X Thanh Quang'),
	(3427, '294', 'X Thanh Hng'),
	(3428, '294', 'X Vnh Cng'),
	(3429, '295', 'Th trn Cm Giang'),
	(3430, '295', 'Th trn Lai Cch'),
	(3431, '295', 'X Cm Hng'),
	(3432, '295', 'X Cm Hong'),
	(3433, '295', 'X Cm Vn'),
	(3434, '295', 'X Ngc Lin'),
	(3435, '295', 'X Cm V'),
	(3436, '295', 'X c Chnh'),
	(3437, '295', 'X nh Sn'),
	(3438, '295', 'X Lng in'),
	(3439, '295', 'X Cao An'),
	(3440, '295', 'X Tn Trng'),
	(3441, '295', 'X Phc in'),
	(3442, '295', 'X Cm ng'),
	(3443, '295', 'X Cm oi'),
	(3444, '296', 'Th trn K St'),
	(3445, '296', 'X Vnh Hng'),
	(3446, '296', 'X Hng Thng'),
	(3447, '296', 'X Vnh Hng'),
	(3448, '296', 'X Long Xuyn'),
	(3449, '296', 'X Tn Vit'),
	(3450, '296', 'X Thc Khng'),
	(3451, '296', 'X Tn Hng'),
	(3452, '296', 'X Hng Kh'),
	(3453, '296', 'X Thi Minh'),
	(3454, '296', 'X C B'),
	(3455, '296', 'X Nhn Quyn'),
	(3456, '296', 'X Thi Dng'),
	(3457, '296', 'X Thi Ha'),
	(3458, '296', 'X Bnh Xuyn'),
	(3459, '297', 'Th trn Gia Lc'),
	(3460, '297', 'X Thng Nht'),
	(3461, '297', 'X Yt Kiu'),
	(3462, '297', 'X Gia Phc'),
	(3463, '297', 'X Gia Tin'),
	(3464, '297', 'X L Li'),
	(3465, '297', 'X Ton Thng'),
	(3466, '297', 'X Hong Diu'),
	(3467, '297', 'X Hng Hng'),
	(3468, '297', 'X Phm Trn'),
	(3469, '297', 'X on Thng'),
	(3470, '297', 'X Thng Knh'),
	(3471, '297', 'X Nht Quang'),
	(3472, '297', 'X Quang c'),
	(3473, '298', 'Th trn T K'),
	(3474, '298', 'X i Sn'),
	(3475, '298', 'X Hng o'),
	(3476, '298', 'X Bnh Lng'),
	(3477, '298', 'X Ch Minh'),
	(3478, '298', 'X K Sn'),
	(3479, '298', 'X Quang Phc'),
	(3480, '298', 'X Tn K'),
	(3481, '298', 'X Quang Khi'),
	(3482, '298', 'X i Hp'),
	(3483, '298', 'X Dn An'),
	(3484, '298', 'X An Thanh'),
	(3485, '298', 'X Minh c'),
	(3486, '298', 'X Vn T'),
	(3487, '298', 'X Quang Trung'),
	(3488, '298', 'X Lc Phng'),
	(3489, '298', 'X Tin ng'),
	(3490, '298', 'X Nguyn Gip'),
	(3491, '298', 'X H K'),
	(3492, '298', 'X H Thanh'),
	(3493, '299', 'X ng Ho'),
	(3494, '299', 'X Ngha An'),
	(3495, '299', 'X c Phc'),
	(3496, '299', 'X An c'),
	(3497, '299', 'X Tn Hng'),
	(3498, '299', 'X Vnh Ha'),
	(3499, '299', 'X Bnh Xuyn'),
	(3500, '299', 'X Tn Phong'),
	(3501, '299', 'Th trn Ninh Giang'),
	(3502, '299', 'X Tn Quang'),
	(3503, '299', 'X Hng D'),
	(3504, '299', 'X Vn Hi'),
	(3505, '299', 'X Hng Phong'),
	(3506, '299', 'X Hip Lc'),
	(3507, '299', 'X Kin Phc'),
	(3508, '299', 'X Hng Long'),
	(3509, '300', 'Th trn Thanh Min'),
	(3510, '300', 'X Thanh Tng'),
	(3511, '300', 'X Phm Kha'),
	(3512, '300', 'X Ng Quyn'),
	(3513, '300', 'X on Tng'),
	(3514, '300', 'X Hng Quang'),
	(3515, '300', 'X Tn Tro'),
	(3516, '300', 'X Lam Sn'),
	(3517, '300', 'X on Kt'),
	(3518, '300', 'X L Hng'),
	(3519, '300', 'X T Cng'),
	(3520, '300', 'X Ng Hng'),
	(3521, '300', 'X Cao Thng'),
	(3522, '300', 'X Chi Lng Bc'),
	(3523, '300', 'X Chi Lng Nam'),
	(3524, '300', 'X Thanh Giang'),
	(3525, '300', 'X Hng Phong'),
	(3526, '303', 'Phng Qun Toan'),
	(3527, '303', 'Phng Hng Vng'),
	(3528, '303', 'Phng S Du'),
	(3529, '303', 'Phng Thng L'),
	(3530, '303', 'Phng H L'),
	(3531, '303', 'Phng Minh Khai'),
	(3532, '303', 'Phng Tri Chui'),
	(3533, '303', 'Phng Hong Vn Th'),
	(3534, '303', 'Phng Phan Bi Chu'),
	(3535, '304', 'Phng My Chai'),
	(3536, '304', 'Phng My T'),
	(3537, '304', 'Phng Vn M'),
	(3538, '304', 'Phng Cu Tre'),
	(3539, '304', 'Phng Lc Vin'),
	(3540, '304', 'Phng Cu t'),
	(3541, '304', 'Phng Gia Vin'),
	(3542, '304', 'Phng ng Kh'),
	(3543, '304', 'Phng L Li'),
	(3544, '304', 'Phng ng Giang'),
	(3545, '304', 'Phng Lch Tray'),
	(3546, '304', 'Phng ng Quc Bnh'),
	(3547, '305', 'Phng Ct Di'),
	(3548, '305', 'Phng An Bin'),
	(3549, '305', 'Phng Lam Sn'),
	(3550, '305', 'Phng An Dng'),
	(3551, '305', 'Phng Trn Nguyn Hn'),
	(3552, '305', 'Phng H Nam'),
	(3553, '305', 'Phng Tri Cau'),
	(3554, '305', 'Phng D Hng'),
	(3555, '305', 'Phng Hng Knh'),
	(3556, '305', 'Phng ng Hi'),
	(3557, '305', 'Phng Nim Ngha'),
	(3558, '305', 'Phng Ngha X'),
	(3559, '305', 'Phng D Hng Knh'),
	(3560, '305', 'Phng Knh Dng'),
	(3561, '305', 'Phng Vnh Nim'),
	(3562, '306', 'Phng ng Hi 1'),
	(3563, '306', 'Phng ng Hi 2'),
	(3564, '306', 'Phng ng Lm'),
	(3565, '306', 'Phng Thnh T'),
	(3566, '306', 'Phng ng Hi'),
	(3567, '306', 'Phng Nam Hi'),
	(3568, '306', 'Phng Ct Bi'),
	(3569, '306', 'Phng Trng Ct'),
	(3570, '307', 'Phng Qun Tr'),
	(3571, '307', 'Phng Lm H'),
	(3572, '307', 'Phng ng Ho'),
	(3573, '307', 'Phng Bc Sn'),
	(3574, '307', 'Phng Nam Sn'),
	(3575, '307', 'Phng Ngc Sn'),
	(3576, '307', 'Phng Trn Thnh Ng'),
	(3577, '307', 'Phng Vn u'),
	(3578, '307', 'Phng Ph Lin'),
	(3579, '307', 'Phng Trng Minh'),
	(3580, '308', 'Phng Ngc Xuyn'),
	(3581, '308', 'Phng Hi Sn'),
	(3582, '308', 'Phng Vn Hng'),
	(3583, '308', 'Phng Minh c'),
	(3584, '308', 'Phng Bng La'),
	(3585, '308', 'Phng Hp c'),
	(3586, '309', 'Phng a Phc'),
	(3587, '309', 'Phng Hng o'),
	(3588, '309', 'Phng Anh Dng'),
	(3589, '309', 'Phng Hi Thnh'),
	(3590, '309', 'Phng Ho Ngha'),
	(3591, '309', 'Phng Tn Thnh'),
	(3592, '311', 'Th trn Ni o'),
	(3593, '311', 'Th trn Minh c'),
	(3594, '311', 'X Li Xun'),
	(3595, '311', 'X An Sn'),
	(3596, '311', 'X K Sn'),
	(3597, '311', 'X Lin Kh'),
	(3598, '311', 'X Lu Kim'),
	(3599, '311', 'X Lu K'),
	(3600, '311', 'X Gia Minh'),
	(3601, '311', 'X Gia c'),
	(3602, '311', 'X Minh Tn'),
	(3603, '311', 'X Ph Ninh'),
	(3604, '311', 'X Qung Thanh'),
	(3605, '311', 'X Chnh M'),
	(3606, '311', 'X Knh Giang'),
	(3607, '311', 'X Hp Thnh'),
	(3608, '311', 'X Cao Nhn'),
	(3609, '311', 'X M ng'),
	(3610, '311', 'X ng Sn'),
	(3611, '311', 'X Ho Bnh'),
	(3612, '311', 'X Trung H'),
	(3613, '311', 'X An L'),
	(3614, '311', 'X Thu Triu'),
	(3615, '311', 'X Ng Lo'),
	(3616, '311', 'X Phc L'),
	(3617, '311', 'X Tam Hng'),
	(3618, '311', 'X Ph L'),
	(3619, '311', 'X Lp L'),
	(3620, '311', 'X Kin Bi'),
	(3621, '311', 'X Thin Hng'),
	(3622, '311', 'X Thu Sn'),
	(3623, '311', 'X Thu ng'),
	(3624, '311', 'X Hong ng'),
	(3625, '311', 'X Lm ng'),
	(3626, '311', 'X Hoa ng'),
	(3627, '311', 'X Tn Dng'),
	(3628, '311', 'X Dng Quan'),
	(3629, '312', 'Th trn An Dng'),
	(3630, '312', 'X L Thin'),
	(3631, '312', 'X i Bn'),
	(3632, '312', 'X An Ho'),
	(3633, '312', 'X Hng Phong'),
	(3634, '312', 'X Tn Tin'),
	(3635, '312', 'X An Hng'),
	(3636, '312', 'X An Hng'),
	(3637, '312', 'X Bc Sn'),
	(3638, '312', 'X Nam Sn'),
	(3639, '312', 'X L Li'),
	(3640, '312', 'X ng Cng'),
	(3641, '312', 'X ng Thi'),
	(3642, '312', 'X Quc Tun'),
	(3643, '312', 'X An ng'),
	(3644, '312', 'X Hng Thi'),
	(3645, '313', 'Th trn An Lo'),
	(3646, '313', 'X Bt Trang'),
	(3647, '313', 'X Trng Th'),
	(3648, '313', 'X Trng Thnh'),
	(3649, '313', 'X An Tin'),
	(3650, '313', 'X Quang Hng'),
	(3651, '313', 'X Quang Trung'),
	(3652, '313', 'X Quc Tun'),
	(3653, '313', 'X An Thng'),
	(3654, '313', 'Th trn Trng Sn'),
	(3655, '313', 'X Tn Dn'),
	(3656, '313', 'X Thi Sn'),
	(3657, '313', 'X Tn Vin'),
	(3658, '313', 'X M c'),
	(3659, '313', 'X Chin Thng'),
	(3660, '313', 'X An Th'),
	(3661, '313', 'X An Thi'),
	(3662, '314', 'Th trn Ni i'),
	(3663, '314', 'X ng Phng'),
	(3664, '314', 'X Thun Thin'),
	(3665, '314', 'X Hu Bng'),
	(3666, '314', 'X i ng'),
	(3667, '314', 'X Ng Phc'),
	(3668, '314', 'X Kin Quc'),
	(3669, '314', 'X Du L'),
	(3670, '314', 'X Thu Hng'),
	(3671, '314', 'X Thanh Sn'),
	(3672, '314', 'X Minh Tn'),
	(3673, '314', 'X i H'),
	(3674, '314', 'X Ng oan'),
	(3675, '314', 'X Tn Phong'),
	(3676, '314', 'X Tn Tro'),
	(3677, '314', 'X on X'),
	(3678, '314', 'X T Sn'),
	(3679, '314', 'X i Hp'),
	(3680, '315', 'Th trn Tin Lng'),
	(3681, '315', 'X i Thng'),
	(3682, '315', 'X Tin Cng'),
	(3683, '315', 'X T Cng'),
	(3684, '315', 'X Quyt Tin'),
	(3685, '315', 'X Khi Ngha'),
	(3686, '315', 'X Tin Thanh'),
	(3687, '315', 'X Cp Tin'),
	(3688, '315', 'X Kin Thit'),
	(3689, '315', 'X on Lp'),
	(3690, '315', 'X Bch ng'),
	(3691, '315', 'X Quang Phc'),
	(3692, '315', 'X Ton Thng'),
	(3693, '315', 'X Tin Thng'),
	(3694, '315', 'X Tin Minh'),
	(3695, '315', 'X Bc Hng'),
	(3696, '315', 'X Nam Hng'),
	(3697, '315', 'X Hng Thng'),
	(3698, '315', 'X Ty Hng'),
	(3699, '315', 'X ng Hng'),
	(3700, '315', 'X Vinh Quang'),
	(3701, '316', 'Th trn Vnh Bo'),
	(3702, '316', 'X Dng Tin'),
	(3703, '316', 'X Giang Bin'),
	(3704, '316', 'X Thng Thu'),
	(3705, '316', 'X Trung Lp'),
	(3706, '316', 'X Vit Tin'),
	(3707, '316', 'X Vnh An'),
	(3708, '316', 'X Vnh Long'),
	(3709, '316', 'X Hip Ho'),
	(3710, '316', 'X Hng Tin'),
	(3711, '316', 'X An Ho'),
	(3712, '316', 'X Tn Hng'),
	(3713, '316', 'X Tn Lin'),
	(3714, '316', 'X Nhn Ho'),
	(3715, '316', 'X Tam a'),
	(3716, '316', 'X Hng Nhn'),
	(3717, '316', 'X Vinh Quang'),
	(3718, '316', 'X ng Minh'),
	(3719, '316', 'X Thanh Lng'),
	(3720, '316', 'X Lin Am'),
	(3721, '316', 'X L Hc'),
	(3722, '316', 'X Tam Cng'),
	(3723, '316', 'X Ho Bnh'),
	(3724, '316', 'X Tin Phong'),
	(3725, '316', 'X Vnh Phong'),
	(3726, '316', 'X Cng Hin'),
	(3727, '316', 'X Cao Minh'),
	(3728, '316', 'X C Am'),
	(3729, '316', 'X Vnh Tin'),
	(3730, '316', 'X Trn Dng'),
	(3731, '317', 'Th trn Ct B'),
	(3732, '317', 'Th trn Ct Hi'),
	(3733, '317', 'X Ngha L'),
	(3734, '317', 'X ng Bi'),
	(3735, '317', 'X Hong Chu'),
	(3736, '317', 'X Vn Phong'),
	(3737, '317', 'X Ph Long'),
	(3738, '317', 'X Gia Lun'),
	(3739, '317', 'X Hin Ho'),
	(3740, '317', 'X Trn Chu'),
	(3741, '317', 'X Vit Hi'),
	(3742, '317', 'X Xun m'),
	(3743, '318', ''),
	(3744, '323', 'Phng Lam Sn'),
	(3745, '323', 'Phng Hin Nam'),
	(3746, '323', 'Phng An To'),
	(3747, '323', 'Phng L Li'),
	(3748, '323', 'Phng Minh Khai'),
	(3749, '323', 'Phng Hng Chu'),
	(3750, '323', 'X Trung Ngha'),
	(3751, '323', 'X Lin Phng'),
	(3752, '323', 'X Phng Nam'),
	(3753, '323', 'X Qung Chu'),
	(3754, '323', 'X Bo Kh'),
	(3755, '323', 'X Ph Cng'),
	(3756, '323', 'X Hng Cng'),
	(3757, '323', 'X Tn Hng'),
	(3758, '323', 'X Hong Hanh'),
	(3759, '325', 'Th trn Nh Qunh'),
	(3760, '325', 'X Lc o'),
	(3761, '325', 'X Ch o'),
	(3762, '325', 'X i ng'),
	(3763, '325', 'X Vit Hng'),
	(3764, '325', 'X Tn Quang'),
	(3765, '325', 'X nh D'),
	(3766, '325', 'X Minh Hi'),
	(3767, '325', 'X Lng Ti'),
	(3768, '325', 'X Trng Trc'),
	(3769, '325', 'X Lc Hng'),
	(3770, '326', 'Th trn Vn Giang'),
	(3771, '326', 'X Xun Quan'),
	(3772, '326', 'X Cu Cao'),
	(3773, '326', 'X Phng Cng'),
	(3774, '326', 'X Ngha Tr'),
	(3775, '326', 'X Long Hng'),
	(3776, '326', 'X Vnh Khc'),
	(3777, '326', 'X Lin Ngha'),
	(3778, '326', 'X Tn Tin'),
	(3779, '326', 'X Thng Li'),
	(3780, '326', 'X M S'),
	(3781, '327', 'Th trn Yn M'),
	(3782, '327', 'X Nguyn Vn Linh'),
	(3783, '327', 'X ng Than'),
	(3784, '327', 'X Ngc Long'),
	(3785, '327', 'X Liu X'),
	(3786, '327', 'X Hon Long'),
	(3787, '327', 'X Tn Lp'),
	(3788, '327', 'X Thanh Long'),
	(3789, '327', 'X Yn Ph'),
	(3790, '327', 'X Trung Ha'),
	(3791, '327', 'X Vit Yn'),
	(3792, '327', 'X Tn Minh'),
	(3793, '328', 'Phng Bn Yn Nhn'),
	(3794, '328', 'Phng Phan nh Phng'),
	(3795, '328', 'X Cm X'),
	(3796, '328', 'X Dng Quang'),
	(3797, '328', 'X Ha Phong'),
	(3798, '328', 'Phng Nhn Ha'),
	(3799, '328', 'Phng D S'),
	(3800, '328', 'Phng Bch Sam'),
	(3801, '328', 'Phng Minh c'),
	(3802, '328', 'Phng Phng Ch Kin'),
	(3803, '328', 'X Xun Dc'),
	(3804, '328', 'X Ngc Lm'),
	(3805, '328', 'X Hng Long'),
	(3806, '329', 'Th trn n Thi'),
	(3807, '329', 'X Ph ng'),
	(3808, '329', 'X Bc Sn'),
	(3809, '329', 'X Bi Sy'),
	(3810, '329', 'X o Dng'),
	(3811, '329', 'X Quang Vinh'),
	(3812, '329', 'X Vn Du'),
	(3813, '329', 'X Xun Trc'),
	(3814, '329', 'X Hong Hoa Thm'),
	(3815, '329', 'X Qung Lng'),
	(3816, '329', 'X a Lc'),
	(3817, '329', 'X ng L'),
	(3818, '329', 'X Cm Ninh'),
	(3819, '329', 'X Nguyn Tri'),
	(3820, '329', 'X H Tng Mu'),
	(3821, '329', 'X Tin Phong'),
	(3822, '329', 'X Hng Quang'),
	(3823, '329', 'X H L'),
	(3824, '330', 'Th trn Khoi Chu'),
	(3825, '330', 'X ng To'),
	(3826, '330', 'X Bnh Minh'),
	(3827, '330', 'X Phm Hng Thi'),
	(3828, '330', 'X ng nh'),
	(3829, '330', 'X Tn Dn'),
	(3830, '330', 'X T Dn'),
	(3831, '330', 'X An V'),
	(3832, '330', 'X ng Kt'),
	(3833, '330', 'X Dn Tin'),
	(3834, '330', 'X ng Tin'),
	(3835, '330', 'X Tn Chu'),
	(3836, '330', 'X Lin Kh'),
	(3837, '330', 'X Phng Hng'),
	(3838, '330', 'X Vit Ha'),
	(3839, '330', 'X ng Ninh'),
	(3840, '330', 'X i Tp'),
	(3841, '330', 'X Ch Minh'),
	(3842, '330', 'X Thun Hng'),
	(3843, '330', 'X Nguyn Hu'),
	(3844, '331', 'Th trn Lng Bng'),
	(3845, '331', 'X Ngha Dn'),
	(3846, '331', 'X Ton Thng'),
	(3847, '331', 'X Vnh X'),
	(3848, '331', 'X Phm Ng Lo'),
	(3849, '331', 'X Ph Th'),
	(3850, '331', 'X ng Thanh'),
	(3851, '331', 'X Song Mai'),
	(3852, '331', 'X Chnh Ngha'),
	(3853, '331', 'X Mai ng'),
	(3854, '331', 'X c Hp'),
	(3855, '331', 'X Hng An'),
	(3856, '331', 'X Ngc Thanh'),
	(3857, '331', 'X Din Hng'),
	(3858, '331', 'X Hip Cng'),
	(3859, '332', 'Th trn Vng'),
	(3860, '332', 'X Hng o'),
	(3861, '332', 'X Nht Tn'),
	(3862, '332', 'X L X'),
	(3863, '332', 'X An Vin'),
	(3864, '332', 'X Trung Dng'),
	(3865, '332', 'X Hi Thng'),
	(3866, '332', 'X Th S'),
	(3867, '332', 'X Thin Phin'),
	(3868, '332', 'X Thy Li'),
	(3869, '332', 'X Cng Chnh'),
	(3870, '333', 'Th trn Trn Cao'),
	(3871, '333', 'X Minh Tn'),
	(3872, '333', 'X Phan So Nam'),
	(3873, '333', 'X Quang Hng'),
	(3874, '333', 'X Minh Hong'),
	(3875, '333', 'X on o'),
	(3876, '333', 'X Tng Phan'),
	(3877, '333', 'X nh Cao'),
	(3878, '333', 'X Nht Quang'),
	(3879, '333', 'X Tam a'),
	(3880, '333', 'X Tin Tin'),
	(3881, '333', 'X Nguyn Ha'),
	(3882, '333', 'X Tng Trn'),
	(3883, '336', 'Phng L Hng Phong'),
	(3884, '336', 'Phng B Xuyn'),
	(3885, '336', 'Phng  Thm'),
	(3886, '336', 'Phng K B'),
	(3887, '336', 'Phng Quang Trung'),
	(3888, '336', 'Phng Ph Khnh'),
	(3889, '336', 'Phng Tin Phong'),
	(3890, '336', 'Phng Trn Hng o'),
	(3891, '336', 'Phng Trn Lm'),
	(3892, '336', 'X ng Ha'),
	(3893, '336', 'Phng Hong Diu'),
	(3894, '336', 'X Ph Xun'),
	(3895, '336', 'X V Phc'),
	(3896, '336', 'X V Chnh'),
	(3897, '336', 'X ng M'),
	(3898, '336', 'X ng Th'),
	(3899, '336', 'X V ng'),
	(3900, '336', 'X V Lc'),
	(3901, '336', 'X Tn Bnh'),
	(3902, '338', 'Th trn Qunh Ci'),
	(3903, '338', 'X An Kh'),
	(3904, '338', 'X An ng'),
	(3905, '338', 'X Qunh Hoa'),
	(3906, '338', 'X Qunh Lm'),
	(3907, '338', 'X Qunh Th'),
	(3908, '338', 'X An Hip'),
	(3909, '338', 'X Qunh Hong'),
	(3910, '338', 'X Qunh Giao'),
	(3911, '338', 'X An Thi'),
	(3912, '338', 'X An Cu'),
	(3913, '338', 'X Qunh Hng'),
	(3914, '338', 'X Qunh Kh'),
	(3915, '338', 'X Qunh Minh'),
	(3916, '338', 'X An Ninh'),
	(3917, '338', 'X Qunh Ngc'),
	(3918, '338', 'X Qunh Hi'),
	(3919, '338', 'Th trn An Bi'),
	(3920, '338', 'X An p'),
	(3921, '338', 'X Qunh Hi'),
	(3922, '338', 'X Chu Sn'),
	(3923, '338', 'X Qunh M'),
	(3924, '338', 'X An Qu'),
	(3925, '338', 'X An Thanh'),
	(3926, '338', 'X An V'),
	(3927, '338', 'X An L'),
	(3928, '338', 'X Qunh Hng'),
	(3929, '338', 'X An M'),
	(3930, '338', 'X Qunh Nguyn'),
	(3931, '338', 'X An Vinh'),
	(3932, '338', 'X An Dc'),
	(3933, '338', 'X ng Hi'),
	(3934, '338', 'X Trang Bo X'),
	(3935, '338', 'X An Trng'),
	(3936, '338', 'X ng Tin'),
	(3937, '339', 'Th trn Hng H'),
	(3938, '339', 'X Quang Trung'),
	(3939, '339', 'X Tn L'),
	(3940, '339', 'X Cng Ha'),
	(3941, '339', 'X Canh Tn'),
	(3942, '339', 'X Ha Tin'),
	(3943, '339', 'X Tn Tin'),
	(3944, '339', 'Th trn Hng Nhn'),
	(3945, '339', 'X oan Hng'),
	(3946, '339', 'X Duyn Hi'),
	(3947, '339', 'X Tn Ha'),
	(3948, '339', 'X Vn Cm'),
	(3949, '339', 'X Bc Sn'),
	(3950, '339', 'X ng '),
	(3951, '339', 'X Phc Khnh'),
	(3952, '339', 'X Lin Hip'),
	(3953, '339', 'X Ty '),
	(3954, '339', 'X Thng Nht'),
	(3955, '339', 'X Tin c'),
	(3956, '339', 'X Thi Hng'),
	(3957, '339', 'X Thi Phng'),
	(3958, '339', 'X Ha Bnh'),
	(3959, '339', 'X Chi Lng'),
	(3960, '339', 'X Minh Khai'),
	(3961, '339', 'X Hng An'),
	(3962, '339', 'X Kim Chung'),
	(3963, '339', 'X Hng Lnh'),
	(3964, '339', 'X Minh Tn'),
	(3965, '339', 'X Vn Lang'),
	(3966, '339', 'X c Lp'),
	(3967, '339', 'X Ch Ha'),
	(3968, '339', 'X Minh Ha'),
	(3969, '339', 'X Hng Minh'),
	(3970, '340', 'Th trn ng Hng'),
	(3971, '340', 'X ng Phng'),
	(3972, '340', 'X Lin An '),
	(3973, '340', 'X ng Sn'),
	(3974, '340', 'X ng Cng'),
	(3975, '340', 'X Ph Lng'),
	(3976, '340', 'X M Linh'),
	(3977, '340', 'X L Giang'),
	(3978, '340', 'X ng La'),
	(3979, '340', 'X Minh Tn'),
	(3980, '340', 'X ng X'),
	(3981, '340', 'X Nguyn X'),
	(3982, '340', 'X Phong Dng Tin'),
	(3983, '340', 'X Hng Vit'),
	(3984, '340', 'X H Giang'),
	(3985, '340', 'X ng Kinh'),
	(3986, '340', 'X ng Hp'),
	(3987, '340', 'X Thng Long'),
	(3988, '340', 'X ng Cc'),
	(3989, '340', 'X Ph Chu'),
	(3990, '340', 'X Lin Hoa'),
	(3991, '340', 'X ng Tn'),
	(3992, '340', 'X ng Vinh'),
	(3993, '340', 'X Xun Quang ng'),
	(3994, '340', 'X Hng Bch'),
	(3995, '340', 'X Trng Quan'),
	(3996, '340', 'X Hng Giang'),
	(3997, '340', 'X ng Quan'),
	(3998, '340', 'X ng '),
	(3999, '340', 'X ng Hong'),
	(4000, '340', 'X ng Dng'),
	(4001, '340', 'X Minh Ph'),
	(4002, '341', 'Th trn Dim in'),
	(4003, '341', 'X Thy Trng'),
	(4004, '341', 'X Hng Dng'),
	(4005, '341', 'X Thy Qunh'),
	(4006, '341', 'X An Tn'),
	(4007, '341', 'X Thy Ninh'),
	(4008, '341', 'X Thy Hng'),
	(4009, '341', 'X Thy Vit'),
	(4010, '341', 'X Thy Vn'),
	(4011, '341', 'X Thy Xun'),
	(4012, '341', 'X Dng Phc'),
	(4013, '341', 'X Thy Trnh'),
	(4014, '341', 'X Thy Bnh'),
	(4015, '341', 'X Thy Chnh'),
	(4016, '341', 'X Thy Dn'),
	(4017, '341', 'X Thy Hi'),
	(4018, '341', 'X Thy Lin'),
	(4019, '341', 'X Thy Duyn'),
	(4020, '341', 'X Thy Thanh'),
	(4021, '341', 'X Thy Sn'),
	(4022, '341', 'X Thy Phong'),
	(4023, '341', 'X Thi Thng'),
	(4024, '341', 'X Thi Nguyn'),
	(4025, '341', 'X Dng Hng  Thy'),
	(4026, '341', 'X Thi Giang'),
	(4027, '341', 'X Ha An'),
	(4028, '341', 'X Sn H'),
	(4029, '341', 'X Thi Phc'),
	(4030, '341', 'X Thi Hng'),
	(4031, '341', 'X Thi '),
	(4032, '341', 'X Thi Xuyn'),
	(4033, '341', 'X  M Lc'),
	(4034, '341', 'X Tn Hc'),
	(4035, '341', 'X Thi Thnh'),
	(4036, '341', 'X Thun Thnh'),
	(4037, '341', 'X Thi Th'),
	(4038, '342', 'Th trn Tin Hi'),
	(4039, '342', 'X ng Tr'),
	(4040, '342', 'X ng Long'),
	(4041, '342', 'X V Lng'),
	(4042, '342', 'X ng Xuyn'),
	(4043, '342', 'X Ty Lng'),
	(4044, '342', 'X Ty Ninh'),
	(4045, '342', 'X ng Quang'),
	(4046, '342', 'X ng Hong'),
	(4047, '342', 'X ng Minh'),
	(4048, '342', 'X An Ninh'),
	(4049, '342', 'X ng C'),
	(4050, '342', 'X Ty Giang'),
	(4051, '342', 'X ng Lm'),
	(4052, '342', 'X Phng Cng'),
	(4053, '342', 'X i Quc'),
	(4054, '342', 'X Nam Cng'),
	(4055, '342', 'X Vn Trng'),
	(4056, '342', 'X Nam Chnh'),
	(4057, '342', 'X Bc Hi'),
	(4058, '342', 'X Nam Thnh'),
	(4059, '342', 'X Nam H'),
	(4060, '342', 'X Nam Tin'),
	(4061, '342', 'X Nam Trung'),
	(4062, '342', 'X Nam Hng'),
	(4063, '342', 'X Nam Hng'),
	(4064, '342', 'X Nam Hi'),
	(4065, '342', 'X Nam Ph'),
	(4066, '343', 'Th trn Kin Xng'),
	(4067, '343', 'X Tr Giang'),
	(4068, '343', 'X Quc Tun'),
	(4069, '343', 'X An Bnh'),
	(4070, '343', 'X Ty Sn'),
	(4071, '343', 'X Hng Thi'),
	(4072, '343', 'X Bnh Nguyn'),
	(4073, '343', 'X L Li'),
	(4074, '343', 'X V L'),
	(4075, '343', 'X Thanh Tn'),
	(4076, '343', 'X Thng Nht'),
	(4077, '343', 'X V Ninh'),
	(4078, '343', 'X V An'),
	(4079, '343', 'X Quang Lch'),
	(4080, '343', 'X Ha Bnh'),
	(4081, '343', 'X Bnh Minh'),
	(4082, '343', 'X V Qu'),
	(4083, '343', 'X Quang Bnh'),
	(4084, '343', 'X V Trung'),
	(4085, '343', 'X V Cng'),
	(4086, '343', 'X Hng V'),
	(4087, '343', 'X Quang Minh'),
	(4088, '343', 'X Quang Trung'),
	(4089, '343', 'X Minh Quang'),
	(4090, '343', 'X Minh Tn'),
	(4091, '343', 'X Nam Bnh'),
	(4092, '343', 'X Bnh Thanh'),
	(4093, '343', 'X Bnh nh'),
	(4094, '343', 'X Hng Tin'),
	(4095, '344', 'Th trn V Th'),
	(4096, '344', 'X Hng L'),
	(4097, '344', 'X ng Thanh'),
	(4098, '344', 'X Xun Ha'),
	(4099, '344', 'X Hip Ha'),
	(4100, '344', 'X Phc Thnh'),
	(4101, '344', 'X Tn Phong'),
	(4102, '344', 'X Song Lng'),
	(4103, '344', 'X Tn Ha'),
	(4104, '344', 'X Vit Hng'),
	(4105, '344', 'X Minh Lng'),
	(4106, '344', 'X Minh Khai'),
	(4107, '344', 'X Dng Ngha'),
	(4108, '344', 'X Minh Quang'),
	(4109, '344', 'X Tam Quang'),
	(4110, '344', 'X Tn Lp'),
	(4111, '344', 'X Bch Thun'),
	(4112, '344', 'X T Tn'),
	(4113, '344', 'X Song An'),
	(4114, '344', 'X Trung An'),
	(4115, '344', 'X V Hi'),
	(4116, '344', 'X Ha Bnh'),
	(4117, '344', 'X Nguyn X'),
	(4118, '344', 'X Vit Thun'),
	(4119, '344', 'X V Vinh'),
	(4120, '344', 'X V oi'),
	(4121, '344', 'X V Tin'),
	(4122, '344', 'X V Vn'),
	(4123, '344', 'X Duy Nht'),
	(4124, '344', 'X Hng Phong'),
	(4125, '347', 'Phng Quang Trung'),
	(4126, '347', 'Phng Lng Khnh Thin'),
	(4127, '347', 'Phng L Hng Phong'),
	(4128, '347', 'Phng Minh Khai'),
	(4129, '347', 'Phng Hai B Trng'),
	(4130, '347', 'Phng Trn Hng o'),
	(4131, '347', 'Phng Lam H'),
	(4132, '347', 'X Ph Vn'),
	(4133, '347', 'Phng Lim Chnh'),
	(4134, '347', 'X Lim Chung'),
	(4135, '347', 'Phng Thanh Chu'),
	(4136, '347', 'Phng Chu Sn'),
	(4137, '347', 'X Tin Tn'),
	(4138, '347', 'X Tin Hip'),
	(4139, '347', 'X Tin Hi'),
	(4140, '347', 'X Kim Bnh'),
	(4141, '347', 'X Lim Tuyn'),
	(4142, '347', 'X Lim Tit'),
	(4143, '347', 'Phng Thanh Tuyn'),
	(4144, '347', 'X inh X'),
	(4145, '347', 'X Trnh X'),
	(4146, '349', 'Phng ng Vn'),
	(4147, '349', 'Phng Ha Mc'),
	(4148, '349', 'X Mc Bc'),
	(4149, '349', 'Phng Chu Giang'),
	(4150, '349', 'Phng Bch Thng'),
	(4151, '349', 'Phng Duy Minh'),
	(4152, '349', 'X Mc Nam'),
	(4153, '349', 'Phng Duy Hi'),
	(4154, '349', 'X Chuyn Ngoi'),
	(4155, '349', 'Phng Yn Bc'),
	(4156, '349', 'X Trc Vn'),
	(4157, '349', 'Phng Tin Ni'),
	(4158, '349', 'Phng Hong ng'),
	(4159, '349', 'X Yn Nam'),
	(4160, '349', 'X Tin Ngoi'),
	(4161, '349', 'X Tin Sn'),
	(4162, '350', 'Th trn Qu'),
	(4163, '350', 'X Nguyn y'),
	(4164, '350', 'X i Cng'),
	(4165, '350', 'X L H'),
	(4166, '350', 'X Tng Lnh'),
	(4167, '350', 'X Nht Tu'),
	(4168, '350', 'X Nht Tn'),
	(4169, '350', 'X ng Ha'),
	(4170, '350', 'X Hong Ty'),
	(4171, '350', 'X Tn Sn'),
	(4172, '350', 'X Thy Li'),
	(4173, '350', 'X Vn X'),
	(4174, '350', 'X Kh Phong'),
	(4175, '350', 'X Ngc Sn'),
	(4176, '350', 'Th trn Ba Sao'),
	(4177, '350', 'X Lin Sn'),
	(4178, '350', 'X Thi Sn'),
	(4179, '350', 'X Thanh Sn'),
	(4180, '351', 'Th trn Kin Kh'),
	(4181, '351', 'X Lim Phong'),
	(4182, '351', 'X Thanh H'),
	(4183, '351', 'X Lim Cn'),
	(4184, '351', 'X Lim Thun'),
	(4185, '351', 'X Thanh Thy'),
	(4186, '351', 'X Thanh Phong'),
	(4187, '351', 'Th trn Tn Thanh'),
	(4188, '351', 'X Thanh Tn'),
	(4189, '351', 'X Lim Tc'),
	(4190, '351', 'X Lim Sn'),
	(4191, '351', 'X Thanh Hng'),
	(4192, '351', 'X Thanh Ngh'),
	(4193, '351', 'X Thanh Tm'),
	(4194, '351', 'X Thanh Nguyn'),
	(4195, '351', 'X Thanh Hi'),
	(4196, '352', 'Th trn Bnh M'),
	(4197, '352', 'X Bnh Ngha'),
	(4198, '352', 'X Trng An'),
	(4199, '352', 'X ng Du'),
	(4200, '352', 'X Ngc L'),
	(4201, '352', 'X Hng Cng'),
	(4202, '352', 'X n X'),
	(4203, '352', 'X An Ninh'),
	(4204, '352', 'X B '),
	(4205, '352', 'X Bi Cu'),
	(4206, '352', 'X An Ni'),
	(4207, '352', 'X V Bn'),
	(4208, '352', 'X Trung Lng'),
	(4209, '352', 'X An '),
	(4210, '352', 'X La Sn'),
	(4211, '352', 'X Tiu ng'),
	(4212, '352', 'X An Lo'),
	(4213, '353', 'X Hp L'),
	(4214, '353', 'X Nguyn L'),
	(4215, '353', 'X Chnh L'),
	(4216, '353', 'X Chn L'),
	(4217, '353', 'X o L'),
	(4218, '353', 'X Cng L'),
	(4219, '353', 'X Vn L'),
	(4220, '353', 'X Bc L'),
	(4221, '353', 'X c L'),
	(4222, '353', 'X Trn Hng o'),
	(4223, '353', 'Th trn Vnh Tr'),
	(4224, '353', 'X Nhn Thnh'),
	(4225, '353', 'X Nhn Khang'),
	(4226, '353', 'X Nhn M'),
	(4227, '353', 'X Nhn Ngha'),
	(4228, '353', 'X Nhn Chnh'),
	(4229, '353', 'X Nhn Bnh'),
	(4230, '353', 'X Ph Phc'),
	(4231, '353', 'X Xun Kh'),
	(4232, '353', 'X Tin Thng'),
	(4233, '353', 'X Ha Hu'),
	(4234, '356', 'Phng V Xuyn'),
	(4235, '356', 'Phng Trng Thi'),
	(4236, '356', 'Phng Trn Hng o'),
	(4237, '356', 'Phng Ca Bc'),
	(4238, '356', 'Phng Nng Tnh'),
	(4239, '356', 'Phng Quang Trung'),
	(4240, '356', 'Phng Lc H'),
	(4241, '356', 'Phng Lc Vng'),
	(4242, '356', 'Phng Ca Nam'),
	(4243, '356', 'Phng Lc Ha'),
	(4244, '356', 'Phng Nam Phong'),
	(4245, '356', 'Phng M X'),
	(4246, '356', 'Phng Nam Vn'),
	(4247, '356', 'Phng Hng Lc'),
	(4248, '356', 'X M H'),
	(4249, '356', 'X M Thng'),
	(4250, '356', 'X M Trung'),
	(4251, '356', 'X M Tn'),
	(4252, '356', 'X M Phc'),
	(4253, '356', 'X M Thun'),
	(4254, '356', 'X M Lc'),
	(4255, '359', 'Th trn Gi'),
	(4256, '359', 'X Hin Khnh'),
	(4257, '359', 'X Minh Tn'),
	(4258, '359', 'X Hp Hng'),
	(4259, '359', 'X i An'),
	(4260, '359', 'X Cng Ha'),
	(4261, '359', 'X Trung Thnh'),
	(4262, '359', 'X Quang Trung'),
	(4263, '359', 'X Thnh Li'),
	(4264, '359', 'X Kim Thi'),
	(4265, '359', 'X Lin Minh'),
	(4266, '359', 'X i Thng'),
	(4267, '359', 'X Tam Thanh'),
	(4268, '359', 'X Vnh Ho'),
	(4269, '360', 'Th trn Lm'),
	(4270, '360', 'X Trung Ngha'),
	(4271, '360', 'X Tn Minh'),
	(4272, '360', 'X Yn Th'),
	(4273, '360', 'X Ph Hng'),
	(4274, '360', 'X Yn Chnh'),
	(4275, '360', 'X Yn Bnh'),
	(4276, '360', 'X Yn M'),
	(4277, '360', 'X Yn Dng'),
	(4278, '360', 'X Yn Khnh'),
	(4279, '360', 'X Yn Phong'),
	(4280, '360', 'X Yn Ninh'),
	(4281, '360', 'X Yn Lng'),
	(4282, '360', 'X Yn Tin'),
	(4283, '360', 'X Yn Thng'),
	(4284, '360', 'X Yn Phc'),
	(4285, '360', 'X Yn Cng'),
	(4286, '360', 'X Yn Lc'),
	(4287, '360', 'X Hng Quang'),
	(4288, '360', 'X Yn ng'),
	(4289, '360', 'X Yn Khang'),
	(4290, '360', 'X Yn Nhn'),
	(4291, '360', 'X Yn Tr'),
	(4292, '361', 'Th trn Liu '),
	(4293, '361', 'Th trn Rng ng'),
	(4294, '361', 'X ng Thnh'),
	(4295, '361', 'X Ngha Thi'),
	(4296, '361', 'X Hong Nam'),
	(4297, '361', 'X Ngha Chu'),
	(4298, '361', 'X Ngha Trung'),
	(4299, '361', 'X Ngha Sn'),
	(4300, '361', 'X Ngha Lc'),
	(4301, '361', 'X Ngha Hng'),
	(4302, '361', 'X Ngha Phong'),
	(4303, '361', 'X Ngha Ph'),
	(4304, '361', 'Th trn Qu Nht'),
	(4305, '361', 'X Ngha Hng'),
	(4306, '361', 'X Ngha Lm'),
	(4307, '361', 'X Ngha Thnh'),
	(4308, '361', 'X Phc Thng'),
	(4309, '361', 'X Ngha Li'),
	(4310, '361', 'X Ngha Hi'),
	(4311, '361', 'X Nam in'),
	(4312, '362', 'Th trn Nam Giang'),
	(4313, '362', 'X Nam in'),
	(4314, '362', 'X Ngha An'),
	(4315, '362', 'X Nam Thng'),
	(4316, '362', 'X Hng Quang'),
	(4317, '362', 'X Tn Thnh'),
	(4318, '362', 'X Nam Cng'),
	(4319, '362', 'X Nam Hng'),
	(4320, '362', 'X Nam Hng'),
	(4321, '362', 'X Nam Hoa'),
	(4322, '362', 'X Nam Dng'),
	(4323, '362', 'X Nam Thanh'),
	(4324, '362', 'X Nam Li'),
	(4325, '362', 'X Bnh Minh'),
	(4326, '362', 'X ng Sn'),
	(4327, '362', 'X Nam Tin'),
	(4328, '362', 'X Nam Hi'),
	(4329, '362', 'X Nam Thi'),
	(4330, '363', 'Th trn C L'),
	(4331, '363', 'X Phng nh'),
	(4332, '363', 'X Trc Chnh'),
	(4333, '363', 'X Trung ng'),
	(4334, '363', 'X Lim Hi'),
	(4335, '363', 'X Trc Tun'),
	(4336, '363', 'X Vit Hng'),
	(4337, '363', 'X Trc o'),
	(4338, '363', 'X Trc Hng'),
	(4339, '363', 'X Trc Ni'),
	(4340, '363', 'Th trn Ct Thnh'),
	(4341, '363', 'X Trc Thanh'),
	(4342, '363', 'X Trc Khang'),
	(4343, '363', 'X Trc Thun'),
	(4344, '363', 'X Trc M'),
	(4345, '363', 'X Trc i'),
	(4346, '363', 'X Trc Cng'),
	(4347, '363', 'Th trn Ninh Cng'),
	(4348, '363', 'X Trc Thi'),
	(4349, '363', 'X Trc Hng'),
	(4350, '363', 'X Trc Thng'),
	(4351, '364', 'Th trn Xun Trng'),
	(4352, '364', 'X Xun Chu'),
	(4353, '364', 'X Xun Hng'),
	(4354, '364', 'X Xun Thnh'),
	(4355, '364', 'X Xun Thng'),
	(4356, '364', 'X Xun Giang'),
	(4357, '364', 'X Xun Tn'),
	(4358, '364', 'X Xun Ngc'),
	(4359, '364', 'X Tr L'),
	(4360, '364', 'X Th Nghip'),
	(4361, '364', 'X Xun Ph'),
	(4362, '364', 'X Xun Vinh'),
	(4363, '364', 'X Xun Ninh'),
	(4364, '364', 'X Xun Phc'),
	(4365, '365', 'Th trn Qut Lm'),
	(4366, '365', 'X Giao Hng'),
	(4367, '365', 'X Hng Thun'),
	(4368, '365', 'X Giao Thin'),
	(4369, '365', 'X Giao Thanh'),
	(4370, '365', 'Th trn Giao Thy'),
	(4371, '365', 'X Bnh Ha'),
	(4372, '365', 'X Giao H'),
	(4373, '365', 'X Giao Nhn'),
	(4374, '365', 'X Giao An'),
	(4375, '365', 'X Giao Lc'),
	(4376, '365', 'X Giao Chu'),
	(4377, '365', 'X Giao Tn'),
	(4378, '365', 'X Giao Yn'),
	(4379, '365', 'X Giao Xun'),
	(4380, '365', 'X Giao Thnh'),
	(4381, '365', 'X Giao Hi'),
	(4382, '365', 'X Bch Long'),
	(4383, '365', 'X Giao Long'),
	(4384, '365', 'X Giao Phong'),
	(4385, '366', 'Th trn Yn nh'),
	(4386, '366', 'Th trn Cn'),
	(4387, '366', 'Th trn Thnh Long'),
	(4388, '366', 'X Hi Nam'),
	(4389, '366', 'X Hi Trung'),
	(4390, '366', 'X Hi Minh'),
	(4391, '366', 'X Hi Anh'),
	(4392, '366', 'X Hi Hng'),
	(4393, '366', 'X Hi Long'),
	(4394, '366', 'X Hi ng'),
	(4395, '366', 'X Hi Lc'),
	(4396, '366', 'X Hi Quang'),
	(4397, '366', 'X Hi ng'),
	(4398, '366', 'X Hi Sn'),
	(4399, '366', 'X Hi Tn'),
	(4400, '366', 'X Hi Phong'),
	(4401, '366', 'X Hi An'),
	(4402, '366', 'X Hi Ty'),
	(4403, '366', 'X Hi Ph'),
	(4404, '366', 'X Hi Giang'),
	(4405, '366', 'X Hi Ninh'),
	(4406, '366', 'X Hi Xun'),
	(4407, '366', 'X Hi Chu'),
	(4408, '366', 'X Hi Ha'),
	(4409, '369', 'Phng ng Thnh'),
	(4410, '369', 'Phng Tn Thnh'),
	(4411, '369', 'Phng Thanh Bnh'),
	(4412, '369', 'Phng Vn Giang'),
	(4413, '369', 'Phng Bch o'),
	(4414, '369', 'Phng Phc Thnh'),
	(4415, '369', 'Phng Nam Bnh'),
	(4416, '369', 'Phng Nam Thnh'),
	(4417, '369', 'Phng Ninh Khnh'),
	(4418, '369', 'X Ninh Nht'),
	(4419, '369', 'X Ninh Tin'),
	(4420, '369', 'X Ninh Phc'),
	(4421, '369', 'Phng Ninh Sn'),
	(4422, '369', 'Phng Ninh Phong'),
	(4423, '370', 'Phng Bc Sn'),
	(4424, '370', 'Phng Trung Sn'),
	(4425, '370', 'Phng Nam Sn'),
	(4426, '370', 'Phng Ty Sn'),
	(4427, '370', 'X Yn Sn'),
	(4428, '370', 'Phng Yn Bnh'),
	(4429, '370', 'Phng Tn Bnh'),
	(4430, '370', 'X Quang Sn'),
	(4431, '370', 'X ng Sn'),
	(4432, '372', 'Th trn Nho Quan'),
	(4433, '372', 'X Xch Th'),
	(4434, '372', 'X Gia Lm'),
	(4435, '372', 'X Gia Sn'),
	(4436, '372', 'X Thch Bnh'),
	(4437, '372', 'X Gia Thy'),
	(4438, '372', 'X Gia Tng'),
	(4439, '372', 'X Cc Phng'),
	(4440, '372', 'X Ph Sn'),
	(4441, '372', 'X c Long'),
	(4442, '372', 'X Lc Vn'),
	(4443, '372', 'X ng Phong'),
	(4444, '372', 'X Yn Quang'),
	(4445, '372', 'X Lng Phong'),
	(4446, '372', 'X Thng Ha'),
	(4447, '372', 'X Vn Phong'),
	(4448, '372', 'X Vn Phng'),
	(4449, '372', 'X Thanh Lc'),
	(4450, '372', 'X Sn Lai'),
	(4451, '372', 'X Sn Thnh'),
	(4452, '372', 'X Vn Ph'),
	(4453, '372', 'X Ph Lc'),
	(4454, '372', 'X K Ph'),
	(4455, '372', 'X Qunh Lu'),
	(4456, '372', 'X Sn H'),
	(4457, '372', 'X Ph Long'),
	(4458, '372', 'X Qung Lc'),
	(4459, '373', 'Th trn Me'),
	(4460, '373', 'X Gia Ha'),
	(4461, '373', 'X Gia Hng'),
	(4462, '373', 'X Lin Sn'),
	(4463, '373', 'X Gia Thanh'),
	(4464, '373', 'X Gia Vn'),
	(4465, '373', 'X Gia Ph'),
	(4466, '373', 'X Gia Xun'),
	(4467, '373', 'X Gia Lp'),
	(4468, '373', 'X Gia Vng'),
	(4469, '373', 'X Gia Trn'),
	(4470, '373', 'X Gia Thnh'),
	(4471, '373', 'X Gia Phng'),
	(4472, '373', 'X Gia Tn'),
	(4473, '373', 'X Gia Thng'),
	(4474, '373', 'X Gia Trung'),
	(4475, '373', 'X Gia Minh'),
	(4476, '373', 'X Gia Lc'),
	(4477, '373', 'X Gia Tin'),
	(4478, '373', 'X Gia Sinh'),
	(4479, '373', 'X Gia Phong'),
	(4480, '374', 'Th trn Thin Tn'),
	(4481, '374', 'X Ninh Giang'),
	(4482, '374', 'X Trng Yn'),
	(4483, '374', 'X Ninh Khang'),
	(4484, '374', 'X Ninh M'),
	(4485, '374', 'X Ninh Ha'),
	(4486, '374', 'X Ninh Xun'),
	(4487, '374', 'X Ninh Hi'),
	(4488, '374', 'X Ninh Thng'),
	(4489, '374', 'X Ninh Vn'),
	(4490, '374', 'X Ninh An'),
	(4491, '375', 'Th trn Yn Ninh'),
	(4492, '375', 'X Khnh Tin'),
	(4493, '375', 'X Khnh Ph'),
	(4494, '375', 'X Khnh Ha'),
	(4495, '375', 'X Khnh Li'),
	(4496, '375', 'X Khnh An'),
	(4497, '375', 'X Khnh Cng'),
	(4498, '375', 'X Khnh C'),
	(4499, '375', 'X Khnh Thin'),
	(4500, '375', 'X Khnh Hi'),
	(4501, '375', 'X Khnh Trung'),
	(4502, '375', 'X Khnh Mu'),
	(4503, '375', 'X Khnh Vn'),
	(4504, '375', 'X Khnh Hi'),
	(4505, '375', 'X Khnh Cng'),
	(4506, '375', 'X Khnh Thnh'),
	(4507, '375', 'X Khnh Nhc'),
	(4508, '375', 'X Khnh Thy'),
	(4509, '375', 'X Khnh Hng'),
	(4510, '376', 'Th trn Pht Dim'),
	(4511, '376', 'Th trn Bnh Minh'),
	(4512, '376', 'X Hi Ninh'),
	(4513, '376', 'X Xun Chnh'),
	(4514, '376', 'X Kim nh'),
	(4515, '376', 'X n Ha'),
	(4516, '376', 'X Hng Tin'),
	(4517, '376', 'X Quang Thin'),
	(4518, '376', 'X Nh Ha'),
	(4519, '376', 'X Cht Bnh'),
	(4520, '376', 'X ng Hng'),
	(4521, '376', 'X Kim Chnh'),
	(4522, '376', 'X Thng Kim'),
	(4523, '376', 'X Lu Phng'),
	(4524, '376', 'X Tn Thnh'),
	(4525, '376', 'X Yn Lc'),
	(4526, '376', 'X Lai Thnh'),
	(4527, '376', 'X nh Ha'),
	(4528, '376', 'X Vn Hi'),
	(4529, '376', 'X Kim Tn'),
	(4530, '376', 'X Kim M'),
	(4531, '376', 'X Cn Thoi'),
	(4532, '376', 'X Kim Hi'),
	(4533, '376', 'X Kim Trung'),
	(4534, '376', 'X Kim ng'),
	(4535, '377', 'Th trn Yn Thnh'),
	(4536, '377', 'X Khnh Thng'),
	(4537, '377', 'X Khnh Dng'),
	(4538, '377', 'X Mai Sn'),
	(4539, '377', 'X Khnh Thnh'),
	(4540, '377', 'X Yn Phong'),
	(4541, '377', 'X Yn Ha'),
	(4542, '377', 'X Yn Thng'),
	(4543, '377', 'X Yn T'),
	(4544, '377', 'X Yn Hng'),
	(4545, '377', 'X Yn Thnh'),
	(4546, '377', 'X Yn Nhn'),
	(4547, '377', 'X Yn M'),
	(4548, '377', 'X Yn Mc'),
	(4549, '377', 'X Yn ng'),
	(4550, '377', 'X Yn Thi'),
	(4551, '377', 'X Yn Lm'),
	(4552, '380', 'Phng Hm Rng'),
	(4553, '380', 'Phng ng Th'),
	(4554, '380', 'Phng Nam Ngn'),
	(4555, '380', 'Phng Trng Thi'),
	(4556, '380', 'Phng in Bin'),
	(4557, '380', 'Phng Ph Sn'),
	(4558, '380', 'Phng Lam Sn'),
	(4559, '380', 'Phng Ba nh'),
	(4560, '380', 'Phng Ngc Tro'),
	(4561, '380', 'Phng ng V'),
	(4562, '380', 'Phng ng Sn'),
	(4563, '380', 'Phng Tn Sn'),
	(4564, '380', 'Phng ng Cng'),
	(4565, '380', 'Phng ng Hng'),
	(4566, '380', 'Phng ng Hi'),
	(4567, '380', 'Phng Qung Hng'),
	(4568, '380', 'Phng Qung Thng'),
	(4569, '380', 'Phng Qung Thnh'),
	(4570, '380', 'X Thiu Vn'),
	(4571, '380', 'Phng Thiu Khnh'),
	(4572, '380', 'Phng Thiu Dng'),
	(4573, '380', 'Phng To Xuyn'),
	(4574, '380', 'Phng Long Anh'),
	(4575, '380', 'X Hong Quang'),
	(4576, '380', 'X Hong i'),
	(4577, '380', 'Phng ng Lnh'),
	(4578, '380', 'X ng Vinh'),
	(4579, '380', 'Phng ng Tn'),
	(4580, '380', 'Phng An Hng'),
	(4581, '380', 'Phng Qung Thnh'),
	(4582, '380', 'Phng Qung ng'),
	(4583, '380', 'Phng Qung Ct'),
	(4584, '380', 'Phng Qung Ph'),
	(4585, '380', 'Phng Qung Tm'),
	(4586, '381', 'Phng Bc Sn'),
	(4587, '381', 'Phng Ba nh'),
	(4588, '381', 'Phng Lam Sn'),
	(4589, '381', 'Phng Ngc Tro'),
	(4590, '381', 'Phng ng Sn'),
	(4591, '381', 'Phng Ph Sn'),
	(4592, '381', 'X Quang Trung'),
	(4593, '382', 'Phng Trung Sn'),
	(4594, '382', 'Phng Bc Sn'),
	(4595, '382', 'Phng Trng Sn'),
	(4596, '382', 'Phng Qung C'),
	(4597, '382', 'Phng Qung Tin'),
	(4598, '382', 'X Qung Minh'),
	(4599, '382', 'X Qung Hng'),
	(4600, '382', 'Phng Qung Th'),
	(4601, '382', 'Phng Qung Chu'),
	(4602, '382', 'Phng Qung Vinh'),
	(4603, '382', 'X Qung i'),
	(4604, '384', 'Th trn Mng Lt'),
	(4605, '384', 'X Tam Chung'),
	(4606, '384', 'X Mng L'),
	(4607, '384', 'X Trung L'),
	(4608, '384', 'X Quang Chiu'),
	(4609, '384', 'X P Nhi'),
	(4610, '384', 'X Nhi Sn'),
	(4611, '384', 'X Mng Chanh'),
	(4612, '385', 'Th trn Hi Xun'),
	(4613, '385', 'X Thnh Sn'),
	(4614, '385', 'X Trung Sn'),
	(4615, '385', 'X Ph Thanh'),
	(4616, '385', 'X Trung Thnh'),
	(4617, '385', 'X Ph L'),
	(4618, '385', 'X Ph Sn'),
	(4619, '385', 'X Ph Xun'),
	(4620, '385', 'X Hin Chung'),
	(4621, '385', 'X Hin Kit'),
	(4622, '385', 'X Nam Tin'),
	(4623, '385', 'X Thin Ph'),
	(4624, '385', 'X Ph Nghim'),
	(4625, '385', 'X Nam Xun'),
	(4626, '385', 'X Nam ng'),
	(4627, '386', 'Th trn Cnh Nng'),
	(4628, '386', 'X in Thng'),
	(4629, '386', 'X in H'),
	(4630, '386', 'X in Quang'),
	(4631, '386', 'X in Trung'),
	(4632, '386', 'X Thnh Sn'),
	(4633, '386', 'X Lng Ngoi'),
	(4634, '386', 'X i Thng'),
	(4635, '386', 'X Lng Ni'),
	(4636, '386', 'X in L'),
	(4637, '386', 'X Lng Trung'),
	(4638, '386', 'X Lng Nim'),
	(4639, '386', 'X Lng Cao'),
	(4640, '386', 'X H Trung'),
	(4641, '386', 'X C Lng'),
	(4642, '386', 'X Thnh Lm'),
	(4643, '386', 'X Ban Cng'),
	(4644, '386', 'X K Tn'),
	(4645, '386', 'X Vn Nho'),
	(4646, '386', 'X Thit ng'),
	(4647, '386', 'X Thit K'),
	(4648, '387', 'X Trung Xun'),
	(4649, '387', 'X Trung Thng'),
	(4650, '387', 'X Trung Tin'),
	(4651, '387', 'X Trung H'),
	(4652, '387', 'X Sn H'),
	(4653, '387', 'X Tam Thanh'),
	(4654, '387', 'X Sn Thy'),
	(4655, '387', 'X Na Mo'),
	(4656, '387', 'Th trn Sn L'),
	(4657, '387', 'X Tam L'),
	(4658, '387', 'X Sn in'),
	(4659, '387', 'X Mng Mn'),
	(4660, '388', 'X Yn Khng'),
	(4661, '388', 'X Yn Thng'),
	(4662, '388', 'X Tr Nang'),
	(4663, '388', 'X Giao An'),
	(4664, '388', 'X Giao Thin'),
	(4665, '388', 'X Tn Phc'),
	(4666, '388', 'X Tam Vn'),
	(4667, '388', 'X Lm Ph'),
	(4668, '388', 'Th trn Lang Chnh'),
	(4669, '388', 'X ng Lng'),
	(4670, '389', 'Th Trn Ngc Lc'),
	(4671, '389', 'X Lam Sn'),
	(4672, '389', 'X M Tn'),
	(4673, '389', 'X Thy Sn'),
	(4674, '389', 'X Thch Lp'),
	(4675, '389', 'X Vn m'),
	(4676, '389', 'X Cao Ngc'),
	(4677, '389', 'X Quang Trung'),
	(4678, '389', 'X ng Thnh'),
	(4679, '389', 'X Ngc Lin'),
	(4680, '389', 'X Ngc Sn'),
	(4681, '389', 'X Lc Thnh'),
	(4682, '389', 'X Cao Thnh'),
	(4683, '389', 'X Ngc Trung'),
	(4684, '389', 'X Phng Gio'),
	(4685, '389', 'X Phng Minh'),
	(4686, '389', 'X Phc Thnh'),
	(4687, '389', 'X Nguyt n'),
	(4688, '389', 'X Kin Th'),
	(4689, '389', 'X Minh Tin'),
	(4690, '389', 'X Minh Sn'),
	(4691, '390', 'Th trn Phong Sn'),
	(4692, '390', 'X Cm Thnh'),
	(4693, '390', 'X Cm Qu'),
	(4694, '390', 'X Cm Lng'),
	(4695, '390', 'X Cm Thch'),
	(4696, '390', 'X Cm Lin'),
	(4697, '390', 'X Cm Giang'),
	(4698, '390', 'X Cm Bnh'),
	(4699, '390', 'X Cm T'),
	(4700, '390', 'X Cm Chu'),
	(4701, '390', 'X Cm Tm'),
	(4702, '390', 'X Cm Ngc'),
	(4703, '390', 'X Cm Long'),
	(4704, '390', 'X Cm Yn'),
	(4705, '390', 'X Cm Tn'),
	(4706, '390', 'X Cm Ph'),
	(4707, '390', 'X Cm Vn'),
	(4708, '391', 'Th trn Kim Tn'),
	(4709, '391', 'Th trn Vn Du'),
	(4710, '391', 'X Thch Lm'),
	(4711, '391', 'X Thch Qung'),
	(4712, '391', 'X Thch Tng'),
	(4713, '391', 'X Thch Cm'),
	(4714, '391', 'X Thch Sn'),
	(4715, '391', 'X Thch Bnh'),
	(4716, '391', 'X Thch nh'),
	(4717, '391', 'X Thch ng'),
	(4718, '391', 'X Thch Long'),
	(4719, '391', 'X Thnh M'),
	(4720, '391', 'X Thnh Yn'),
	(4721, '391', 'X Thnh Vinh'),
	(4722, '391', 'X Thnh Minh'),
	(4723, '391', 'X Thnh Cng'),
	(4724, '391', 'X Thnh Tn'),
	(4725, '391', 'X Thnh Trc'),
	(4726, '391', 'X Thnh Tm'),
	(4727, '391', 'X Thnh An'),
	(4728, '391', 'X Thnh Th'),
	(4729, '391', 'X Thnh Tin'),
	(4730, '391', 'X Thnh Long'),
	(4731, '391', 'X Thnh Hng'),
	(4732, '391', 'X Ngc Tro'),
	(4733, '392', 'Th trn H Trung'),
	(4734, '392', 'X H Long'),
	(4735, '392', 'X H Vinh'),
	(4736, '392', 'X H Bc'),
	(4737, '392', 'X Hot Giang'),
	(4738, '392', 'X Yn Dng'),
	(4739, '392', 'X H Giang'),
	(4740, '392', 'X Lnh Toi'),
	(4741, '392', 'X H Ngc'),
	(4742, '392', 'X Yn Sn'),
	(4743, '392', 'X H Sn'),
	(4744, '392', 'X H Lnh'),
	(4745, '392', 'X H ng'),
	(4746, '392', 'X H Tn'),
	(4747, '392', 'X H Tin'),
	(4748, '392', 'X H Bnh'),
	(4749, '392', 'X H Lai'),
	(4750, '392', 'X H Chu'),
	(4751, '392', 'X H Thi'),
	(4752, '392', 'X H Hi'),
	(4753, '393', 'Th trn Vnh Lc'),
	(4754, '393', 'X Vnh Quang'),
	(4755, '393', 'X Vnh Yn'),
	(4756, '393', 'X Vnh Tin'),
	(4757, '393', 'X Vnh Long'),
	(4758, '393', 'X Vnh Phc'),
	(4759, '393', 'X Vnh Hng'),
	(4760, '393', 'X Vnh Ha'),
	(4761, '393', 'X Vnh Hng'),
	(4762, '393', 'X Minh Tn'),
	(4763, '393', 'X Ninh Khang'),
	(4764, '393', 'X Vnh Thnh'),
	(4765, '393', 'X Vnh An'),
	(4766, '394', 'Th trn Thng Nht'),
	(4767, '394', 'Th trn Yn Lm'),
	(4768, '394', 'X Yn Tm'),
	(4769, '394', 'X Yn Ph'),
	(4770, '394', 'Th trn Qu Lc'),
	(4771, '394', 'X Yn Th'),
	(4772, '394', 'X Yn Trung'),
	(4773, '394', 'X Yn Trng'),
	(4774, '394', 'X Yn Phong'),
	(4775, '394', 'X Yn Thi'),
	(4776, '394', 'X Yn Hng'),
	(4777, '394', 'X Yn Thnh'),
	(4778, '394', 'X Yn Ninh'),
	(4779, '394', 'X Yn Lc'),
	(4780, '394', 'X nh Tng'),
	(4781, '394', 'X nh Ha'),
	(4782, '394', 'X nh Thnh'),
	(4783, '394', 'X nh Cng'),
	(4784, '394', 'X nh Tn'),
	(4785, '394', 'X nh Tin'),
	(4786, '394', 'X nh Long'),
	(4787, '394', 'X nh Lin'),
	(4788, '394', 'Th trn Qun Lo'),
	(4789, '394', 'X nh Hng'),
	(4790, '394', 'X nh Hi'),
	(4791, '394', 'X nh Bnh'),
	(4792, '395', 'X Xun Hng'),
	(4793, '395', 'Th trn Th Xun'),
	(4794, '395', 'X Bc Lng'),
	(4795, '395', 'X Nam Giang'),
	(4796, '395', 'X Xun Phong'),
	(4797, '395', 'X Th Lc'),
	(4798, '395', 'X Xun Trng'),
	(4799, '395', 'X Xun Ha'),
	(4800, '395', 'X Th Hi'),
	(4801, '395', 'X Ty H'),
	(4802, '395', 'X Xun Giang'),
	(4803, '395', 'X Xun Sinh'),
	(4804, '395', 'X Xun Hng'),
	(4805, '395', 'X Th Din'),
	(4806, '395', 'X Th Lm'),
	(4807, '395', 'X Th Xng'),
	(4808, '395', 'X Xun Bi'),
	(4809, '395', 'X Xun Ph'),
	(4810, '395', 'Th trn Sao Vng'),
	(4811, '395', 'Th trn Lam Sn'),
	(4812, '395', 'X Xun Thin'),
	(4813, '395', 'X Thun Minh'),
	(4814, '395', 'X Th Lp'),
	(4815, '395', 'X Qung Ph'),
	(4816, '395', 'X Xun Tn'),
	(4817, '395', 'X Ph Xun'),
	(4818, '395', 'X Xun Lai'),
	(4819, '395', 'X Xun Lp'),
	(4820, '395', 'X Xun Minh'),
	(4821, '395', 'X Trng Xun'),
	(4822, '396', 'X Bt Mt'),
	(4823, '396', 'X Yn Nhn'),
	(4824, '396', 'X Xun L'),
	(4825, '396', 'X Vn Xun'),
	(4826, '396', 'X Lng Sn'),
	(4827, '396', 'X Xun Cao'),
	(4828, '396', 'X Lun Thnh'),
	(4829, '396', 'X Lun Kh'),
	(4830, '396', 'X Xun Thng'),
	(4831, '396', 'X Xun Lc'),
	(4832, '396', 'Th trn Thng Xun'),
	(4833, '396', 'X Xun Dng'),
	(4834, '396', 'X Th Thanh'),
	(4835, '396', 'X Ngc Phng'),
	(4836, '396', 'X Xun Chinh'),
	(4837, '396', 'X Tn Thnh'),
	(4838, '397', 'Th trn Triu Sn'),
	(4839, '397', 'X Th Sn'),
	(4840, '397', 'X Th Bnh'),
	(4841, '397', 'X Th Tin'),
	(4842, '397', 'X Hp L'),
	(4843, '397', 'X Hp Tin'),
	(4844, '397', 'X Hp Thnh'),
	(4845, '397', 'X Triu Thnh'),
	(4846, '397', 'X Hp Thng'),
	(4847, '397', 'X Minh Sn'),
	(4848, '397', 'X Dn Lc'),
	(4849, '397', 'X Dn L'),
	(4850, '397', 'X Dn Quyn'),
	(4851, '397', 'X An Nng'),
	(4852, '397', 'X Vn Sn'),
	(4853, '397', 'X Thi Ha'),
	(4854, '397', 'Th trn Na'),
	(4855, '397', 'X ng Li'),
	(4856, '397', 'X ng Tin'),
	(4857, '397', 'X ng Thng'),
	(4858, '397', 'X Tin Nng'),
	(4859, '397', 'X Khuyn Nng'),
	(4860, '397', 'X Xun Thnh'),
	(4861, '397', 'X Xun Lc'),
	(4862, '397', 'X Th Dn'),
	(4863, '397', 'X Xun Th'),
	(4864, '397', 'X Th Tn'),
	(4865, '397', 'X Th Ngc'),
	(4866, '397', 'X Th Cng'),
	(4867, '397', 'X Th Ph'),
	(4868, '397', 'X Th Vc'),
	(4869, '397', 'X Th Th'),
	(4870, '397', 'X Nng Trng'),
	(4871, '397', 'X Bnh Sn'),
	(4872, '398', 'Th trn Thiu Ha'),
	(4873, '398', 'X Thiu Ngc'),
	(4874, '398', 'X Thiu V'),
	(4875, '398', 'X Thiu Phc'),
	(4876, '398', 'X Thiu Tin'),
	(4877, '398', 'X Thiu Cng'),
	(4878, '398', 'X Thiu Long'),
	(4879, '398', 'X Thiu Giang'),
	(4880, '398', 'X Thiu Duy'),
	(4881, '398', 'X Thiu Nguyn'),
	(4882, '398', 'X Thiu Hp'),
	(4883, '398', 'X Thiu Thnh'),
	(4884, '398', 'X Thiu Quang'),
	(4885, '398', 'X Thiu Thnh'),
	(4886, '398', 'X Thiu Ton'),
	(4887, '398', 'X Thiu Chnh'),
	(4888, '398', 'X Thiu Ha'),
	(4889, '398', 'Th trn Hu Hin'),
	(4890, '398', 'X Thiu Vin'),
	(4891, '398', 'X Thiu L'),
	(4892, '398', 'X Thiu Vn'),
	(4893, '398', 'X Thiu Trung'),
	(4894, '398', 'X Tn Chu'),
	(4895, '398', 'X Thiu Giao'),
	(4896, '399', 'Th trn Bt Sn'),
	(4897, '399', 'X Hong Giang'),
	(4898, '399', 'X Hong Xun'),
	(4899, '399', 'X Hong Phng'),
	(4900, '399', 'X Hong Ph'),
	(4901, '399', 'X Hong Qu'),
	(4902, '399', 'X Hong Kim'),
	(4903, '399', 'X Hong Trung'),
	(4904, '399', 'X Hong Trinh'),
	(4905, '399', 'X Hong Sn'),
	(4906, '399', 'X Hong Ct'),
	(4907, '399', 'X Hong Xuyn'),
	(4908, '399', 'X Hong Qu'),
	(4909, '399', 'X Hong Hp'),
	(4910, '399', 'X Hong c'),
	(4911, '399', 'X Hong H'),
	(4912, '399', 'X Hong t'),
	(4913, '399', 'X Hong o'),
	(4914, '399', 'X Hong Thng'),
	(4915, '399', 'X Hong ng'),
	(4916, '399', 'X Hong Thi'),
	(4917, '399', 'X Hong Thnh'),
	(4918, '399', 'X Hong Thnh'),
	(4919, '399', 'X Hong Lc'),
	(4920, '399', 'X Hong Trch'),
	(4921, '399', 'X Hong Phong'),
	(4922, '399', 'X Hong Lu'),
	(4923, '399', 'X Hong Chu'),
	(4924, '399', 'X Hong Tn'),
	(4925, '399', 'X Hong Yn'),
	(4926, '399', 'X Hong Tin'),
	(4927, '399', 'X Hong Hi'),
	(4928, '399', 'X Hong Ngc'),
	(4929, '399', 'X Hong ng'),
	(4930, '399', 'X Hong Thanh'),
	(4931, '399', 'X Hong Ph'),
	(4932, '399', 'X Hong Trng'),
	(4933, '400', 'Th trn Hu Lc'),
	(4934, '400', 'X ng Lc'),
	(4935, '400', 'X i Lc'),
	(4936, '400', 'X Triu Lc'),
	(4937, '400', 'X Tin Lc'),
	(4938, '400', 'X Lc Sn'),
	(4939, '400', 'X Cu Lc'),
	(4940, '400', 'X Thnh Lc'),
	(4941, '400', 'X Tuy Lc'),
	(4942, '400', 'X Phong Lc'),
	(4943, '400', 'X M Lc'),
	(4944, '400', 'X Thun Lc'),
	(4945, '400', 'X Xun Lc'),
	(4946, '400', 'X Hoa Lc'),
	(4947, '400', 'X Lin Lc'),
	(4948, '400', 'X Quang Lc'),
	(4949, '400', 'X Ph Lc'),
	(4950, '400', 'X Ha Lc'),
	(4951, '400', 'X Minh Lc'),
	(4952, '400', 'X Hng Lc'),
	(4953, '400', 'X Hi Lc'),
	(4954, '400', 'X a Lc'),
	(4955, '400', 'X Ng Lc'),
	(4956, '401', 'Th trn Nga Sn'),
	(4957, '401', 'X Ba nh'),
	(4958, '401', 'X Nga Vnh'),
	(4959, '401', 'X Nga Vn'),
	(4960, '401', 'X Nga Thin'),
	(4961, '401', 'X Nga Tin'),
	(4962, '401', 'X Nga Phng'),
	(4963, '401', 'X Nga Trung'),
	(4964, '401', 'X Nga Bch'),
	(4965, '401', 'X Nga Thanh'),
	(4966, '401', 'X Nga Yn'),
	(4967, '401', 'X Nga Gip'),
	(4968, '401', 'X Nga Hi'),
	(4969, '401', 'X Nga Thnh'),
	(4970, '401', 'X Nga An'),
	(4971, '401', 'X Nga Ph'),
	(4972, '401', 'X Nga in'),
	(4973, '401', 'X Nga Tn'),
	(4974, '401', 'X Nga Thy'),
	(4975, '401', 'X Nga Lin'),
	(4976, '401', 'X Nga Thi'),
	(4977, '401', 'X Nga Thch'),
	(4978, '401', 'X Nga Thng'),
	(4979, '401', 'X Nga Trng'),
	(4980, '402', 'Th trn Yn Ct'),
	(4981, '402', 'X Bi Trnh'),
	(4982, '402', 'X Xun Ha'),
	(4983, '402', 'X Xun Bnh'),
	(4984, '402', 'X Ha Qu'),
	(4985, '402', 'X Ct Vn'),
	(4986, '402', 'X Ct Tn'),
	(4987, '402', 'X Tn Bnh'),
	(4988, '402', 'X Bnh Lng'),
	(4989, '402', 'X Thanh Qun'),
	(4990, '402', 'X Thanh Xun'),
	(4991, '402', 'X Thanh Ha'),
	(4992, '402', 'X Thanh Phong'),
	(4993, '402', 'X Thanh Lm'),
	(4994, '402', 'X Thanh Sn'),
	(4995, '402', 'X Thng Ninh'),
	(4996, '403', 'Th trn Bn Sung'),
	(4997, '403', 'X Cn Kh'),
	(4998, '403', 'X Xun Du'),
	(4999, '403', 'X Phng Nghi'),
	(5000, '403', 'X Mu Lm'),
	(5001, '403', 'X Xun Khang'),
	(5002, '403', 'X Ph Nhun'),
	(5003, '403', 'X Hi Long'),
	(5004, '403', 'X Xun Thi'),
	(5005, '403', 'X Xun Phc'),
	(5006, '403', 'X Yn Th'),
	(5007, '403', 'X Yn Lc'),
	(5008, '403', 'X Thanh Tn'),
	(5009, '403', 'X Thanh K'),
	(5010, '404', 'Th trn Nng Cng'),
	(5011, '404', 'X Tn Phc'),
	(5012, '404', 'X Tn Th'),
	(5013, '404', 'X Hong Sn'),
	(5014, '404', 'X Tn Khang'),
	(5015, '404', 'X Hong Giang'),
	(5016, '404', 'X Trung Chnh'),
	(5017, '404', 'X Trung Thnh'),
	(5018, '404', 'X T Thng'),
	(5019, '404', 'X T Li'),
	(5020, '404', 'X T Nng'),
	(5021, '404', 'X Minh Ngha'),
	(5022, '404', 'X Minh Khi'),
	(5023, '404', 'X Vn Ha'),
	(5024, '404', 'X Trng Trung'),
	(5025, '404', 'X Vn Thng'),
	(5026, '404', 'X Trng Giang'),
	(5027, '404', 'X Vn Thin'),
	(5028, '404', 'X Thng Long'),
	(5029, '404', 'X Trng Minh'),
	(5030, '404', 'X Trng Sn'),
	(5031, '404', 'X Thng Bnh'),
	(5032, '404', 'X Cng Lim'),
	(5033, '404', 'X Tng Vn'),
	(5034, '404', 'X Thng Th'),
	(5035, '404', 'X Tng Lnh'),
	(5036, '404', 'X Tng Sn'),
	(5037, '404', 'X Cng Chnh'),
	(5038, '404', 'X Yn M'),
	(5039, '405', 'Th trn Rng Thng'),
	(5040, '405', 'X ng Hong'),
	(5041, '405', 'X ng Ninh'),
	(5042, '405', 'X ng Kh'),
	(5043, '405', 'X ng Ha'),
	(5044, '405', 'X ng Yn'),
	(5045, '405', 'X ng Minh'),
	(5046, '405', 'X ng Thanh'),
	(5047, '405', 'X ng Tin'),
	(5048, '405', 'X ng Kh'),
	(5049, '405', 'X ng Xun'),
	(5050, '405', 'X ng Thnh'),
	(5051, '405', 'X ng Vn'),
	(5052, '405', 'X ng Ph'),
	(5053, '405', 'X ng Nam'),
	(5054, '405', 'X ng Quang'),
	(5055, '406', 'Th trn Tn Phong'),
	(5056, '406', 'X Qung Trch'),
	(5057, '406', 'X Qung c'),
	(5058, '406', 'X Qung nh'),
	(5059, '406', 'X Qung Nhn'),
	(5060, '406', 'X Qung Ninh'),
	(5061, '406', 'X Qung Bnh'),
	(5062, '406', 'X Qung Hp'),
	(5063, '406', 'X Qung Vn'),
	(5064, '406', 'X Qung Long'),
	(5065, '406', 'X Qung Yn'),
	(5066, '406', 'X Qung Ha'),
	(5067, '406', 'X Qung Kh'),
	(5068, '406', 'X Qung Trung'),
	(5069, '406', 'X Qung Chnh'),
	(5070, '406', 'X Qung Ngc'),
	(5071, '406', 'X Qung Trng'),
	(5072, '406', 'X Qung Phc'),
	(5073, '406', 'X Qung Giao'),
	(5074, '406', 'X Qung Hi'),
	(5075, '406', 'X Qung Lu'),
	(5076, '406', 'X Qung Lc'),
	(5077, '406', 'X Tin Trang'),
	(5078, '406', 'X Qung Nham'),
	(5079, '406', 'X Qung Thch'),
	(5080, '406', 'X Qung Thi'),
	(5081, '407', 'Phng Hi Ha'),
	(5082, '407', 'Phng Hi Chu'),
	(5083, '407', 'X Thanh Thy'),
	(5084, '407', 'X Thanh Sn'),
	(5085, '407', 'Phng Hi Ninh'),
	(5086, '407', 'X Anh Sn'),
	(5087, '407', 'X Ngc Lnh'),
	(5088, '407', 'Phng Hi An'),
	(5089, '407', 'X Cc Sn'),
	(5090, '407', 'Phng Tn Dn'),
	(5091, '407', 'Phng Hi Lnh'),
	(5092, '407', 'X nh Hi'),
	(5093, '407', 'X Ph Sn'),
	(5094, '407', 'Phng Ninh Hi'),
	(5095, '407', 'Phng Nguyn Bnh'),
	(5096, '407', 'X Hi Nhn'),
	(5097, '407', 'Phng Bnh Minh'),
	(5098, '407', 'Phng Hi Thanh'),
	(5099, '407', 'X Ph Lm'),
	(5100, '407', 'Phng Xun Lm'),
	(5101, '407', 'Phng Trc Lm'),
	(5102, '407', 'Phng Hi Bnh'),
	(5103, '407', 'X Tn Trng'),
	(5104, '407', 'X Tng Lm'),
	(5105, '407', 'Phng Tnh Hi'),
	(5106, '407', 'Phng Mai Lm'),
	(5107, '407', 'X Trng Lm'),
	(5108, '407', 'X Hi Yn'),
	(5109, '407', 'Phng Hi Thng'),
	(5110, '407', 'X Nghi Sn'),
	(5111, '407', 'X Hi H'),
	(5112, '412', 'Phng ng Vnh'),
	(5113, '412', 'Phng H Huy Tp'),
	(5114, '412', 'Phng L Li'),
	(5115, '412', 'Phng Qun Bu'),
	(5116, '412', 'Phng Hng Bnh'),
	(5117, '412', 'Phng Hng Phc'),
	(5118, '412', 'Phng Hng Dng'),
	(5119, '412', 'Phng Ca Nam'),
	(5120, '412', 'Phng Quang Trung'),
	(5121, '412', 'Phng Trng Thi'),
	(5122, '412', 'Phng Bn Thy'),
	(5123, '412', 'Phng Trung '),
	(5124, '412', 'Phng Nghi Ph'),
	(5125, '412', 'Phng Hng ng'),
	(5126, '412', 'Phng Hng Lc'),
	(5127, '412', 'X Hng Ha'),
	(5128, '412', 'Phng Vinh Tn'),
	(5129, '412', 'Phng Nghi Thu'),
	(5130, '412', 'Phng Nghi Tn'),
	(5131, '412', 'Phng Thu Thu'),
	(5132, '412', 'Phng Nghi Ha'),
	(5133, '412', 'Phng Nghi Hi'),
	(5134, '412', 'Phng Nghi Hng'),
	(5135, '412', 'Phng Nghi Thu'),
	(5136, '412', 'X Nghi Phong'),
	(5137, '412', 'X Nghi Xun'),
	(5138, '412', 'X Nghi Lin'),
	(5139, '412', 'X Nghi n'),
	(5140, '412', 'X Phc Th'),
	(5141, '412', 'X Nghi Kim'),
	(5142, '412', 'Phng Nghi c'),
	(5143, '412', 'X Nghi Thi'),
	(5144, '412', 'X Hng Chnh'),
	(5145, '414', 'Phng Ho Hiu'),
	(5146, '414', 'Phng Quang Phong'),
	(5147, '414', 'Phng Quang Tin'),
	(5148, '414', 'Phng Long Sn'),
	(5149, '414', 'X Ngha Tin'),
	(5150, '414', 'X Ngha M'),
	(5151, '414', 'X Ty Hiu'),
	(5152, '414', 'X Ngha Thun'),
	(5153, '414', 'X ng Hiu'),
	(5154, '415', 'Th trn Kim Sn'),
	(5155, '415', 'X Thng Th'),
	(5156, '415', 'X ng Vn'),
	(5157, '415', 'X Hnh Dch'),
	(5158, '415', 'X Tin Phong'),
	(5159, '415', 'X Nm Gii'),
	(5160, '415', 'X Tri L'),
	(5161, '415', 'X Chu Kim'),
	(5162, '415', 'X Mng Nc'),
	(5163, '415', 'X Chu Thn'),
	(5164, '415', 'X Nm Nhong'),
	(5165, '415', 'X Quang Phong'),
	(5166, '415', 'X Cm Mun'),
	(5167, '416', 'Th trn Tn Lc'),
	(5168, '416', 'X Chu Bnh'),
	(5169, '416', 'X Chu Thun'),
	(5170, '416', 'X Chu Hi'),
	(5171, '416', 'X Chu Nga'),
	(5172, '416', 'X Chu Tin'),
	(5173, '416', 'X Chu Hnh'),
	(5174, '416', 'X Chu Thng'),
	(5175, '416', 'X Chu Phong'),
	(5176, '416', 'X Chu Bnh'),
	(5177, '416', 'X Chu Hon'),
	(5178, '416', 'X Din Lm'),
	(5179, '417', 'Th trn Mng Xn'),
	(5180, '417', 'X M L'),
	(5181, '417', 'X Bc L'),
	(5182, '417', 'X Keng u'),
	(5183, '417', 'X oc My'),
	(5184, '417', 'X Hui T'),
	(5185, '417', 'X Mng Lng'),
	(5186, '417', 'X Na Loi'),
	(5187, '417', 'X Nm Cn'),
	(5188, '417', 'X Bo Nam'),
	(5189, '417', 'X Ph nh'),
	(5190, '417', 'X Bo Thng'),
	(5191, '417', 'X Hu Lp'),
	(5192, '417', 'X T C'),
	(5193, '417', 'X Chiu Lu'),
	(5194, '417', 'X Mng Tp'),
	(5195, '417', 'X Hu Kim'),
	(5196, '417', 'X Ty Sn'),
	(5197, '417', 'X Mng i'),
	(5198, '417', 'X Na Ngoi'),
	(5199, '417', 'X Nm Cn'),
	(5200, '418', 'Th trn Thch Gim'),
	(5201, '418', 'X Mai Sn'),
	(5202, '418', 'X Nhn Mai'),
	(5203, '418', 'X Hu Khung'),
	(5204, '418', 'X Yn Tnh'),
	(5205, '418', 'X Nga My'),
	(5206, '418', 'X Xing My'),
	(5207, '418', 'X Lng Minh'),
	(5208, '418', 'X Yn Ha'),
	(5209, '418', 'X Yn Na'),
	(5210, '418', 'X Lu Kin'),
	(5211, '418', 'X X Lng'),
	(5212, '418', 'X Tam Thi'),
	(5213, '418', 'X Tam nh'),
	(5214, '418', 'X Yn Thng'),
	(5215, '418', 'X Tam Quang'),
	(5216, '418', 'X Tam Hp'),
	(5217, '419', 'Th trn Ngha n'),
	(5218, '419', 'X Ngha Mai'),
	(5219, '419', 'X Ngha Yn'),
	(5220, '419', 'X Ngha Lc'),
	(5221, '419', 'X Ngha Lm'),
	(5222, '419', 'X Ngha Sn'),
	(5223, '419', 'X Ngha Li'),
	(5224, '419', 'X Ngha Bnh'),
	(5225, '419', 'X Ngha Minh'),
	(5226, '419', 'X Ngha Th'),
	(5227, '419', 'X Ngha Hng'),
	(5228, '419', 'X Ngha Hng'),
	(5229, '419', 'X Ngha Trung'),
	(5230, '419', 'X Ngha Hi'),
	(5231, '419', 'X Ngha Thnh'),
	(5232, '419', 'X Ngha c'),
	(5233, '419', 'X Ngha An'),
	(5234, '419', 'X Ngha Long'),
	(5235, '419', 'X Ngha Lc'),
	(5236, '419', 'X Ngha Khnh'),
	(5237, '420', 'Th trn Qu Hp'),
	(5238, '420', 'X Yn Hp'),
	(5239, '420', 'X Chu Tin'),
	(5240, '420', 'X Chu Hng'),
	(5241, '420', 'X ng Hp'),
	(5242, '420', 'X Chu Thnh'),
	(5243, '420', 'X Lin Hp'),
	(5244, '420', 'X Chu Lc'),
	(5245, '420', 'X Tam Hp'),
	(5246, '420', 'X Chu Cng'),
	(5247, '420', 'X Chu Quang'),
	(5248, '420', 'X Th Hp'),
	(5249, '420', 'X Minh Hp'),
	(5250, '420', 'X Ngha Xun'),
	(5251, '420', 'X Chu Thi'),
	(5252, '420', 'X Chu nh'),
	(5253, '420', 'X Vn Li'),
	(5254, '420', 'X Nam Sn'),
	(5255, '420', 'X Chu L'),
	(5256, '420', 'X H Sn'),
	(5257, '420', 'X Bc Sn'),
	(5258, '421', 'X Qunh Thng'),
	(5259, '421', 'X Qunh Tn'),
	(5260, '421', 'X Qunh Chu'),
	(5261, '421', 'X Tn Sn'),
	(5262, '421', 'X Qunh Vn'),
	(5263, '421', 'X Ngc Sn'),
	(5264, '421', 'X Qunh Tam'),
	(5265, '421', 'X Qunh Sn'),
	(5266, '421', 'X Qunh Thch'),
	(5267, '421', 'X Qunh Bng'),
	(5268, '421', 'X Qunh Thanh'),
	(5269, '421', 'X Qunh Hu'),
	(5270, '421', 'X Qunh Lm'),
	(5271, '421', 'X Qunh i'),
	(5272, '421', 'X Minh Lng'),
	(5273, '421', 'Th trn Cu Git'),
	(5274, '421', 'X Qunh Yn'),
	(5275, '421', 'X Bnh Sn'),
	(5276, '421', 'X Qunh Din'),
	(5277, '421', 'X Qunh Giang'),
	(5278, '421', 'X An Ha'),
	(5279, '421', 'X Ph Ngha'),
	(5280, '421', 'X Vn Hi'),
	(5281, '421', 'X Thun Long'),
	(5282, '421', 'X Tn Thng'),
	(5283, '422', 'X Bnh Chun'),
	(5284, '422', 'X Lng Kh'),
	(5285, '422', 'X Cam Lm'),
	(5286, '422', 'X Thch Ngn'),
	(5287, '422', 'X n Phc'),
	(5288, '422', 'X Mu c'),
	(5289, '422', 'X Chu Kh'),
	(5290, '422', 'X Chi Kh'),
	(5291, '422', 'Th trn Tr Ln'),
	(5292, '422', 'X Yn Kh'),
	(5293, '422', 'X Lc D'),
	(5294, '422', 'X Mn Sn'),
	(5295, '423', 'Th trn Tn K'),
	(5296, '423', 'X Tn Hp'),
	(5297, '423', 'X Tn Ph'),
	(5298, '423', 'X Tn Xun'),
	(5299, '423', 'X Giai Xun'),
	(5300, '423', 'X Bnh Hp'),
	(5301, '423', 'X Ngha ng'),
	(5302, '423', 'X ng Vn'),
	(5303, '423', 'X Ngha Thi'),
	(5304, '423', 'X Hon Long'),
	(5305, '423', 'X Ngha Phc'),
	(5306, '423', 'X Tin K'),
	(5307, '423', 'X Tn An'),
	(5308, '423', 'X Ngha Dng'),
	(5309, '423', 'X K Sn'),
	(5310, '423', 'X Hng Sn'),
	(5311, '423', 'X K Tn'),
	(5312, '423', 'X Ph Sn'),
	(5313, '423', 'X Tn Hng'),
	(5314, '423', 'X Ngha Hnh'),
	(5315, '424', 'Th trn Kim Nhan'),
	(5316, '424', 'X Th Sn'),
	(5317, '424', 'X Thnh Sn'),
	(5318, '424', 'X Bnh Sn'),
	(5319, '424', 'X Tam nh'),
	(5320, '424', 'X Hng Sn'),
	(5321, '424', 'X Cm Sn'),
	(5322, '424', 'X c Sn'),
	(5323, '424', 'X Tng Sn'),
	(5324, '424', 'X Hoa Sn'),
	(5325, '424', 'X To Sn'),
	(5326, '424', 'X Vnh Sn'),
	(5327, '424', 'X Lng Sn'),
	(5328, '424', 'X Hi Sn'),
	(5329, '424', 'X Phc Sn'),
	(5330, '424', 'X Long Sn'),
	(5331, '424', 'X Khai Sn'),
	(5332, '424', 'X Lnh Sn'),
	(5333, '424', 'X Cao Sn'),
	(5334, '425', 'X Din Lm'),
	(5335, '425', 'X Din oi'),
	(5336, '425', 'X Din Trng'),
	(5337, '425', 'X Din Yn'),
	(5338, '425', 'X Din Hong'),
	(5339, '425', 'X Din M'),
	(5340, '425', 'X Din Hng'),
	(5341, '425', 'X Din Phong'),
	(5342, '425', 'X Hng Hi'),
	(5343, '425', 'X Din Lin'),
	(5344, '425', 'X Din Vn'),
	(5345, '425', 'X Din Kim'),
	(5346, '425', 'X Din K'),
	(5347, '425', 'X Xun Thp'),
	(5348, '425', 'X Din Thi'),
	(5349, '425', 'X Din ng'),
	(5350, '425', 'X Hnh Qung'),
	(5351, '425', 'X Ngc Bch'),
	(5352, '425', 'X Din Nguyn'),
	(5353, '425', 'X Din Hoa'),
	(5354, '425', 'Th trn Din Thnh'),
	(5355, '425', 'X Din Phc'),
	(5356, '425', 'X Din Ct'),
	(5357, '425', 'X Din Thnh'),
	(5358, '425', 'X Din Tn'),
	(5359, '425', 'X Minh Chu'),
	(5360, '425', 'X Din Th'),
	(5361, '425', 'X Din Li'),
	(5362, '425', 'X Din Lc'),
	(5363, '425', 'X Din Trung'),
	(5364, '425', 'X Din An'),
	(5365, '425', 'X Din Ph'),
	(5366, '426', 'Th trn Hoa Thnh'),
	(5367, '426', 'X M Thnh'),
	(5368, '426', 'X Tin Thnh'),
	(5369, '426', 'X Lng Thnh'),
	(5370, '426', 'X Tn Thnh'),
	(5371, '426', 'X c Thnh'),
	(5372, '426', 'X Kim Thnh'),
	(5373, '426', 'X Hu Thnh'),
	(5374, '426', 'X  Thnh'),
	(5375, '426', 'X Th Thnh'),
	(5376, '426', 'X Quang Thnh'),
	(5377, '426', 'X Ty Thnh'),
	(5378, '426', 'X Phc Thnh'),
	(5379, '426', 'X Ph Thnh'),
	(5380, '426', 'X ng Thnh'),
	(5381, '426', 'X Tng Thnh'),
	(5382, '426', 'X Vn Thnh'),
	(5383, '426', 'X Thnh Thnh'),
	(5384, '426', 'X Xun Thnh'),
	(5385, '426', 'X Bc Thnh'),
	(5386, '426', 'X ng Thnh'),
	(5387, '426', 'X Trung Thnh'),
	(5388, '426', 'X Long Thnh'),
	(5389, '426', 'X Minh Thnh'),
	(5390, '426', 'X Nam Thnh'),
	(5391, '426', 'X Vnh Thnh'),
	(5392, '426', 'X Vin Thnh'),
	(5393, '426', 'X Lin Thnh'),
	(5394, '426', 'X Bo Thnh'),
	(5395, '426', 'X M Thnh'),
	(5396, '426', 'X Vn T'),
	(5397, '426', 'X Sn Thnh'),
	(5398, '427', 'Th trn  Lng'),
	(5399, '427', 'X Giang Sn ng'),
	(5400, '427', 'X Giang Sn Ty'),
	(5401, '427', 'X Bch Ngc'),
	(5402, '427', 'X Bi Sn'),
	(5403, '427', 'X Hng Sn'),
	(5404, '427', 'X Bi Sn'),
	(5405, '427', 'X Bc Sn'),
	(5406, '427', 'X Trng Sn'),
	(5407, '427', 'X Thng Sn'),
	(5408, '427', 'X Ha Sn'),
	(5409, '427', 'X ng Sn'),
	(5410, '427', 'X ng Sn'),
	(5411, '427', 'X Nam Sn'),
	(5412, '427', 'X Lu Sn'),
	(5413, '427', 'X Yn Sn'),
	(5414, '427', 'X Vn Sn'),
	(5415, '427', 'X  Sn'),
	(5416, '427', 'X Lc Sn'),
	(5417, '427', 'X Tn Sn'),
	(5418, '427', 'X Thi Sn'),
	(5419, '427', 'X Quang Sn'),
	(5420, '427', 'X Thnh Sn'),
	(5421, '427', 'X Trung Sn'),
	(5422, '427', 'X Xun Sn'),
	(5423, '427', 'X Minh Sn'),
	(5424, '427', 'X Thun Sn'),
	(5425, '427', 'X Nhn Sn'),
	(5426, '427', 'X Hin Sn'),
	(5427, '427', 'X M Sn'),
	(5428, '427', 'X Tr Sn'),
	(5429, '427', 'X i Sn'),
	(5430, '428', 'Th trn Dng'),
	(5431, '428', 'X Ct Vn'),
	(5432, '428', 'X Minh Sn'),
	(5433, '428', 'X Hnh Lm'),
	(5434, '428', 'X Thanh Sn'),
	(5435, '428', 'X Phong Thnh'),
	(5436, '428', 'X Thanh Phong'),
	(5437, '428', 'X Thanh M'),
	(5438, '428', 'X Thanh Tin'),
	(5439, '428', 'X Thanh Lin'),
	(5440, '428', 'X i ng'),
	(5441, '428', 'X Thanh Ngc'),
	(5442, '428', 'X Thanh Hng'),
	(5443, '428', 'X Ngc Lm'),
	(5444, '428', 'X ng Vn'),
	(5445, '428', 'X Ngc Sn'),
	(5446, '428', 'X Thanh Thnh'),
	(5447, '428', 'X Thanh An'),
	(5448, '428', 'X Thanh Qu'),
	(5449, '428', 'X Xun Dng'),
	(5450, '428', 'X Minh Tin'),
	(5451, '428', 'X Kim Bng'),
	(5452, '428', 'X Thanh Thy'),
	(5453, '428', 'X Thanh H'),
	(5454, '428', 'X Thanh Tng'),
	(5455, '428', 'X Thanh Lm'),
	(5456, '428', 'X Mai Giang'),
	(5457, '428', 'X Thanh Xun'),
	(5458, '428', 'X Thanh c'),
	(5459, '429', 'Th trn Qun Hnh'),
	(5460, '429', 'X Nghi Vn'),
	(5461, '429', 'X Nghi Yn'),
	(5462, '429', 'X Nghi Tin'),
	(5463, '429', 'X Nghi Hng'),
	(5464, '429', 'X Nghi ng'),
	(5465, '429', 'X Nghi Thit'),
	(5466, '429', 'X Nghi Lm'),
	(5467, '429', 'X Nghi Quang'),
	(5468, '429', 'X Nghi Kiu'),
	(5469, '429', 'X Nghi M'),
	(5470, '429', 'X Nghi Phng'),
	(5471, '429', 'X Nghi Thun'),
	(5472, '429', 'X Nghi Long'),
	(5473, '429', 'X Nghi X'),
	(5474, '429', 'X Khnh Hp'),
	(5475, '429', 'X Nghi Cng Bc'),
	(5476, '429', 'X Nghi Cng Nam'),
	(5477, '429', 'X Nghi Thch'),
	(5478, '429', 'X Nghi Trung'),
	(5479, '429', 'X Thnh Trng'),
	(5480, '429', 'X Din Hoa'),
	(5481, '429', 'X Nghi Vn'),
	(5482, '430', 'X Nam Hng'),
	(5483, '430', 'X Ngha Thi'),
	(5484, '430', 'X Nam Thanh'),
	(5485, '430', 'X Nam Anh'),
	(5486, '430', 'X Nam Xun'),
	(5487, '430', 'Th trn Nam n'),
	(5488, '430', 'X Nam Lnh'),
	(5489, '430', 'X Nam Giang'),
	(5490, '430', 'X Xun Ha'),
	(5491, '430', 'X Hng Tin'),
	(5492, '430', 'X Thng Tn Lc'),
	(5493, '430', 'X Kim Lin'),
	(5494, '430', 'X Xun Hng'),
	(5495, '430', 'X Nam Ct'),
	(5496, '430', 'X Khnh Sn'),
	(5497, '430', 'X Trung Phc Cng'),
	(5498, '430', 'X Nam Kim'),
	(5499, '431', 'Th trn Hng Nguyn'),
	(5500, '431', 'X Hng Trung'),
	(5501, '431', 'X Hng Yn'),
	(5502, '431', 'X Hng Yn Bc'),
	(5503, '431', 'X Hng Ty'),
	(5504, '431', 'X Hng o'),
	(5505, '431', 'X Thnh M'),
	(5506, '431', 'X Hng Lnh'),
	(5507, '431', 'X Thng Tn'),
	(5508, '431', 'X Hng Ngha'),
	(5509, '431', 'X Phc Li'),
	(5510, '431', 'X Long X'),
	(5511, '431', 'X Chu Nhn'),
	(5512, '431', 'X Xun Lam'),
	(5513, '431', 'X Hng Thnh'),
	(5514, '432', 'X Qunh Vinh'),
	(5515, '432', 'X Qunh Lc'),
	(5516, '432', 'Phng Qunh Thin'),
	(5517, '432', 'X Qunh Lp'),
	(5518, '432', 'X Qunh Trang'),
	(5519, '432', 'Phng Mai Hng'),
	(5520, '432', 'Phng Qunh D'),
	(5521, '432', 'Phng Qunh Xun'),
	(5522, '432', 'Phng Qunh Phng'),
	(5523, '432', 'X Qunh Lin'),
	(5524, '436', 'Phng Trn Ph'),
	(5525, '436', 'Phng Nam H'),
	(5526, '436', 'Phng Bc H'),
	(5527, '436', 'Phng Nguyn Du'),
	(5528, '436', 'Phng Tn Giang'),
	(5529, '436', 'Phng i Ni'),
	(5530, '436', 'Phng H Huy Tp'),
	(5531, '436', 'X Thch Trung'),
	(5532, '436', 'Phng Thch Qu'),
	(5533, '436', 'Phng Thch Linh'),
	(5534, '436', 'Phng Vn Yn'),
	(5535, '436', 'X Thch H'),
	(5536, '436', 'X ng Mn'),
	(5537, '436', 'X Thch Hng'),
	(5538, '436', 'X Thch Bnh'),
	(5539, '437', 'Phng Bc Hng'),
	(5540, '437', 'Phng Nam Hng'),
	(5541, '437', 'Phng Trung Lng'),
	(5542, '437', 'Phng c Thun'),
	(5543, '437', 'Phng u Liu'),
	(5544, '437', 'X Thun Lc'),
	(5545, '439', 'Th trn Ph Chu'),
	(5546, '439', 'Th trn  Ty Sn'),
	(5547, '439', 'X Sn Hng'),
	(5548, '439', 'X Sn Tin'),
	(5549, '439', 'X Sn Lm'),
	(5550, '439', 'X Sn L'),
	(5551, '439', 'X Sn Giang'),
	(5552, '439', 'X Sn Lnh'),
	(5553, '439', 'X An Ha Thnh'),
	(5554, '439', 'X Sn Ty'),
	(5555, '439', 'X Sn Ninh'),
	(5556, '439', 'X Sn Chu'),
	(5557, '439', 'X Tn M H'),
	(5558, '439', 'X Quang Dim'),
	(5559, '439', 'X Sn Trung'),
	(5560, '439', 'X Sn Bng'),
	(5561, '439', 'X Sn Bnh'),
	(5562, '439', 'X Sn Kim 1'),
	(5563, '439', 'X Sn Kim 2'),
	(5564, '439', 'X Sn Tr'),
	(5565, '439', 'X Sn Long'),
	(5566, '439', 'X Kim Hoa'),
	(5567, '439', 'X Sn Hm'),
	(5568, '439', 'X Sn Ph'),
	(5569, '439', 'X Sn Trng'),
	(5570, '440', 'Th trn c Th'),
	(5571, '440', 'X Quang Vnh'),
	(5572, '440', 'X Tng Chu'),
	(5573, '440', 'X Trng Sn'),
	(5574, '440', 'X Lin Minh'),
	(5575, '440', 'X Yn H'),
	(5576, '440', 'X Tng nh'),
	(5577, '440', 'X Bi La Nhn'),
	(5578, '440', 'X Thanh Bnh Thnh'),
	(5579, '440', 'X Lm Trung Thy'),
	(5580, '440', 'X Ha Lc'),
	(5581, '440', 'X Tn Dn'),
	(5582, '440', 'X An Dng'),
	(5583, '440', 'X c ng'),
	(5584, '440', 'X c Lng'),
	(5585, '440', 'X Tn Hng'),
	(5586, '441', 'Th trn V Quang'),
	(5587, '441', 'X n Ph'),
	(5588, '441', 'X c Giang'),
	(5589, '441', 'X c Lnh'),
	(5590, '441', 'X Th in'),
	(5591, '441', 'X c Hng'),
	(5592, '441', 'X c Bng'),
	(5593, '441', 'X c Lin'),
	(5594, '441', 'X Hng Minh'),
	(5595, '441', 'X Quang Th'),
	(5596, '442', 'Th trn Xun An'),
	(5597, '442', 'X Xun Hi'),
	(5598, '442', 'X an Trng'),
	(5599, '442', 'X Xun Ph'),
	(5600, '442', 'X Xun Hi'),
	(5601, '442', 'X Xun Giang'),
	(5602, '442', 'Th trn Tin in'),
	(5603, '442', 'X Xun Yn'),
	(5604, '442', 'X Xun M'),
	(5605, '442', 'X Xun Thnh'),
	(5606, '442', 'X Xun Vin'),
	(5607, '442', 'X Xun Hng'),
	(5608, '442', 'X C m'),
	(5609, '442', 'X Xun Lin'),
	(5610, '442', 'X Xun Lnh'),
	(5611, '442', 'X Xun Lam'),
	(5612, '442', 'X Cng Gin'),
	(5613, '443', 'Th trn Nghn'),
	(5614, '443', 'X Thin Lc'),
	(5615, '443', 'X Thun Thin'),
	(5616, '443', 'X Vng Lc'),
	(5617, '443', 'X Thanh Lc'),
	(5618, '443', 'X Kim Song Trng'),
	(5619, '443', 'X Thng Nga'),
	(5620, '443', 'X Tng Lc'),
	(5621, '443', 'X Ph Lc'),
	(5622, '443', 'X Gia Hanh'),
	(5623, '443', 'X Khnh Vnh Yn'),
	(5624, '443', 'X Trung Lc'),
	(5625, '443', 'X Xun Lc'),
	(5626, '443', 'X Thng Lc'),
	(5627, '443', 'X Quang Lc'),
	(5628, '443', 'Th trn ng Lc'),
	(5629, '443', 'X M Lc'),
	(5630, '443', 'X Sn Lc'),
	(5631, '444', 'Th trn Hng Kh'),
	(5632, '444', 'X in M'),
	(5633, '444', 'X H Linh'),
	(5634, '444', 'X Hng Thy'),
	(5635, '444', 'X Ha Hi'),
	(5636, '444', 'X Phc ng'),
	(5637, '444', 'X Hng Giang'),
	(5638, '444', 'X Lc Yn'),
	(5639, '444', 'X Hng Bnh'),
	(5640, '444', 'X Hng Long'),
	(5641, '444', 'X Ph Gia'),
	(5642, '444', 'X Gia Ph'),
	(5643, '444', 'X Ph Phong'),
	(5644, '444', 'X Hng '),
	(5645, '444', 'X Hng Vnh'),
	(5646, '444', 'X Hng Xun'),
	(5647, '444', 'X Phc Trch'),
	(5648, '444', 'X Hng Tr'),
	(5649, '444', 'X Hng Trch'),
	(5650, '444', 'X Hng Lm'),
	(5651, '444', 'X Hng Lin'),
	(5652, '445', 'Th trn Thch H'),
	(5653, '445', 'X Ngc Sn'),
	(5654, '445', 'X Thch Hi'),
	(5655, '445', 'X Thch Knh'),
	(5656, '445', 'X Thch Sn'),
	(5657, '445', 'X Thch Lin'),
	(5658, '445', 'X nh Bn'),
	(5659, '445', 'X Vit Tin'),
	(5660, '445', 'X Thch Kh'),
	(5661, '445', 'X Thch Long'),
	(5662, '445', 'X Thch Tr'),
	(5663, '445', 'X Thch Lc'),
	(5664, '445', 'X Thch Ngc'),
	(5665, '445', 'X Tng Sn'),
	(5666, '445', 'X Thch Vn'),
	(5667, '445', 'X Lu Vnh Sn'),
	(5668, '445', 'X Thch Thng'),
	(5669, '445', 'X Thch i'),
	(5670, '445', 'X Thch Hi'),
	(5671, '445', 'X Tn Lm Hng'),
	(5672, '445', 'X Thch Xun'),
	(5673, '445', 'X Nam in'),
	(5674, '446', 'Th trn Cm Xuyn'),
	(5675, '446', 'Th trn Thin Cm'),
	(5676, '446', 'X Yn Ha'),
	(5677, '446', 'X Cm Dng'),
	(5678, '446', 'X Cm Bnh'),
	(5679, '446', 'X Cm Vnh'),
	(5680, '446', 'X Cm Thnh'),
	(5681, '446', 'X Cm Quang'),
	(5682, '446', 'X Cm Thch'),
	(5683, '446', 'X Cm Nhng'),
	(5684, '446', 'X Nam Phc Thng'),
	(5685, '446', 'X Cm Du'),
	(5686, '446', 'X Cm Lnh'),
	(5687, '446', 'X Cm Quan'),
	(5688, '446', 'X Cm H'),
	(5689, '446', 'X Cm Lc'),
	(5690, '446', 'X Cm Hng'),
	(5691, '446', 'X Cm Thnh'),
	(5692, '446', 'X Cm M'),
	(5693, '446', 'X Cm Trung'),
	(5694, '446', 'X Cm Sn'),
	(5695, '446', 'X Cm Lc'),
	(5696, '446', 'X Cm Minh'),
	(5697, '447', 'X K Xun'),
	(5698, '447', 'X K Bc'),
	(5699, '447', 'X K Ph'),
	(5700, '447', 'X K Phong'),
	(5701, '447', 'X K Tin'),
	(5702, '447', 'X K Giang'),
	(5703, '447', 'X K ng'),
	(5704, '447', 'X K Khang'),
	(5705, '447', 'X K Vn'),
	(5706, '447', 'X K Trung'),
	(5707, '447', 'X K Th'),
	(5708, '447', 'X K Ty'),
	(5709, '447', 'X K Thng'),
	(5710, '447', 'X K Hi'),
	(5711, '447', 'X K Th'),
	(5712, '447', 'X K Chu'),
	(5713, '447', 'X K Tn'),
	(5714, '447', 'X Lm Hp'),
	(5715, '447', 'X K Sn'),
	(5716, '447', 'X K Lc'),
	(5717, '448', 'X Tn Lc'),
	(5718, '448', 'X Hng Lc'),
	(5719, '448', 'X Thnh Lc'),
	(5720, '448', 'X Bnh An'),
	(5721, '448', 'X ch Hu'),
	(5722, '448', 'X Ph Lu'),
	(5723, '448', 'Th trn Lc H'),
	(5724, '448', 'X Thch M'),
	(5725, '448', 'X Thch Kim'),
	(5726, '448', 'X Thch Chu'),
	(5727, '448', 'X H '),
	(5728, '448', 'X Mai Ph'),
	(5729, '449', 'Phng Hng Tr'),
	(5730, '449', 'X K Ninh'),
	(5731, '449', 'X K Li'),
	(5732, '449', 'X K H'),
	(5733, '449', 'Phng K Trinh'),
	(5734, '449', 'Phng K Thnh'),
	(5735, '449', 'X K Hoa'),
	(5736, '449', 'Phng K Phng'),
	(5737, '449', 'Phng K Long'),
	(5738, '449', 'Phng K Lin'),
	(5739, '449', 'X K Nam'),
	(5740, '450', 'Phng Hi Thnh'),
	(5741, '450', 'Phng ng Ph'),
	(5742, '450', 'Phng Bc L'),
	(5743, '450', 'Phng Nam L'),
	(5744, '450', 'Phng ng Hi'),
	(5745, '450', 'Phng ng Sn'),
	(5746, '450', 'Phng Ph Hi'),
	(5747, '450', 'Phng Bc Ngha'),
	(5748, '450', 'Phng c Ninh ng'),
	(5749, '450', 'X Quang Ph'),
	(5750, '450', 'X Lc Ninh'),
	(5751, '450', 'X Bo Ninh'),
	(5752, '450', 'X Ngha Ninh'),
	(5753, '450', 'X Thun c'),
	(5754, '450', 'X c Ninh'),
	(5755, '452', 'Th trn Quy t'),
	(5756, '452', 'X Dn Ha'),
	(5757, '452', 'X Trng Ha'),
	(5758, '452', 'X Hng Ha'),
	(5759, '452', 'X Tn Thnh'),
	(5760, '452', 'X Ha Hp'),
	(5761, '452', 'X Xun Ha'),
	(5762, '452', 'X Yn Ha'),
	(5763, '452', 'X Minh Ha'),
	(5764, '452', 'X Tn Ha'),
	(5765, '452', 'X Ha Sn'),
	(5766, '452', 'X Trung Ha'),
	(5767, '452', 'X Thng Ha'),
	(5768, '453', 'Th trn ng L'),
	(5769, '453', 'X Hng Ha'),
	(5770, '453', 'X Kim Ha'),
	(5771, '453', 'X Thanh Ha'),
	(5772, '453', 'X Thanh Thch'),
	(5773, '453', 'X Thun Ha'),
	(5774, '453', 'X Lm Ha'),
	(5775, '453', 'X L Ha'),
	(5776, '453', 'X Sn Ha'),
	(5777, '453', 'X ng Ha'),
	(5778, '453', 'X Ng Ha'),
	(5779, '453', 'X Thch Ha'),
	(5780, '453', 'X c Ha'),
	(5781, '453', 'X Phong Ha'),
	(5782, '453', 'X Mai Ha'),
	(5783, '453', 'X Tin Ha'),
	(5784, '453', 'X Chu Ha'),
	(5785, '453', 'X Cao Qung'),
	(5786, '453', 'X Vn Ha'),
	(5787, '454', 'X Qung Hp'),
	(5788, '454', 'X Qung Kim'),
	(5789, '454', 'X Qung ng'),
	(5790, '454', 'X Qung Ph'),
	(5791, '454', 'X Qung Chu'),
	(5792, '454', 'X Qung Thch'),
	(5793, '454', 'X Qung Lu'),
	(5794, '454', 'X Qung Tng'),
	(5795, '454', 'X Cnh Dng'),
	(5796, '454', 'X Qung Tin'),
	(5797, '454', 'X Qung Hng'),
	(5798, '454', 'X Qung Xun'),
	(5799, '454', 'X Lin Trng'),
	(5800, '454', 'X Qung Phng'),
	(5801, '454', 'X Ph Cnh'),
	(5802, '454', 'X Qung Thanh'),
	(5803, '455', 'Th trn Hon Lo'),
	(5804, '455', 'Th trn NT Vit Trung'),
	(5805, '455', 'X Xun Trch'),
	(5806, '455', 'X H M'),
	(5807, '455', 'X Bc Trch'),
	(5808, '455', 'X Lm Trch'),
	(5809, '455', 'X Thanh Trch'),
	(5810, '455', 'X Lin Trch'),
	(5811, '455', 'X Phc Trch'),
	(5812, '455', 'X C Nm'),
	(5813, '455', 'X Hi Ph'),
	(5814, '455', 'X Thng Trch'),
	(5815, '455', 'X Sn Lc'),
	(5816, '455', 'X Hng Trch'),
	(5817, '455', 'X ng Trch'),
	(5818, '455', 'X c Trch'),
	(5819, '455', 'Th trn Phong Nha'),
	(5820, '455', 'X Vn Trch'),
	(5821, '455', 'X Ph nh'),
	(5822, '455', 'X Trung Trch'),
	(5823, '455', 'X Ty Trch'),
	(5824, '455', 'X Ha Trch'),
	(5825, '455', 'X i Trch'),
	(5826, '455', 'X Nhn Trch'),
	(5827, '455', 'X Tn Trch'),
	(5828, '455', 'X L Nam'),
	(5829, '456', 'Th trn Qun Hu'),
	(5830, '456', 'X Trng Sn'),
	(5831, '456', 'X Vnh Ninh'),
	(5832, '456', 'X V Ninh'),
	(5833, '456', 'X Hi Ninh'),
	(5834, '456', 'X Hm Ninh'),
	(5835, '456', 'X Duy Ninh'),
	(5836, '456', 'X Gia Ninh'),
	(5837, '456', 'X Trng Xun'),
	(5838, '456', 'X Hin Ninh'),
	(5839, '456', 'X Tn Ninh'),
	(5840, '456', 'X Xun Ninh'),
	(5841, '456', 'X An Ninh'),
	(5842, '456', 'X Vn Ninh'),
	(5843, '457', 'Th trn NT L Ninh'),
	(5844, '457', 'Th trn Kin Giang'),
	(5845, '457', 'X Hng Thy'),
	(5846, '457', 'X Ng Thy Bc'),
	(5847, '457', 'X Hoa Thy'),
	(5848, '457', 'X Thanh Thy'),
	(5849, '457', 'X An Thy'),
	(5850, '457', 'X Phong Thy'),
	(5851, '457', 'X Cam Thy'),
	(5852, '457', 'X Ngn Thy'),
	(5853, '457', 'X Sn Thy'),
	(5854, '457', 'X Lc Thy'),
	(5855, '457', 'X Lin Thy'),
	(5856, '457', 'X Hng Thy'),
	(5857, '457', 'X Dng Thy'),
	(5858, '457', 'X Tn Thy'),
	(5859, '457', 'X Ph Thy'),
	(5860, '457', 'X Xun Thy'),
	(5861, '457', 'X M Thy'),
	(5862, '457', 'X Ng Thy '),
	(5863, '457', 'X Mai Thy'),
	(5864, '457', 'X Sen Thy'),
	(5865, '457', 'X Thi Thy'),
	(5866, '457', 'X Kim Thy'),
	(5867, '457', 'X Trng Thy'),
	(5868, '457', 'X Lm Thy'),
	(5869, '458', 'Phng Ba n'),
	(5870, '458', 'Phng Qung Long'),
	(5871, '458', 'Phng Qung Th'),
	(5872, '458', 'X Qung Tin'),
	(5873, '458', 'X Qung Trung'),
	(5874, '458', 'Phng Qung Phong'),
	(5875, '458', 'Phng Qung Thun'),
	(5876, '458', 'X Qung Tn'),
	(5877, '458', 'X Qung Hi'),
	(5878, '458', 'X Qung Sn'),
	(5879, '458', 'X Qung Lc'),
	(5880, '458', 'X Qung Thy'),
	(5881, '458', 'X Qung Vn'),
	(5882, '458', 'Phng Qung Phc'),
	(5883, '458', 'X Qung Ha'),
	(5884, '458', 'X Qung Minh'),
	(5885, '461', 'Phng ng Giang'),
	(5886, '461', 'Phng 1'),
	(5887, '461', 'Phng ng L'),
	(5888, '461', 'Phng ng Thanh'),
	(5889, '461', 'Phng 2'),
	(5890, '461', 'Phng 4'),
	(5891, '461', 'Phng 5'),
	(5892, '461', 'Phng ng Lng'),
	(5893, '461', 'Phng 3'),
	(5894, '462', 'Phng 1'),
	(5895, '462', 'Phng An n'),
	(5896, '462', 'Phng 2'),
	(5897, '462', 'Phng 3'),
	(5898, '462', 'X Hi L'),
	(5899, '464', 'Th trn H X'),
	(5900, '464', 'Th trn Bn Quan'),
	(5901, '464', 'X Vnh Thi'),
	(5902, '464', 'X Vnh T'),
	(5903, '464', 'X Vnh Chp'),
	(5904, '464', 'X Trung Nam'),
	(5905, '464', 'X Kim Thch'),
	(5906, '464', 'X Vnh Long'),
	(5907, '464', 'X Vnh Kh'),
	(5908, '464', 'X Vnh Ha'),
	(5909, '464', 'X Vnh Thy'),
	(5910, '464', 'X Vnh Lm'),
	(5911, '464', 'X Hin Thnh'),
	(5912, '464', 'Th trn Ca Tng'),
	(5913, '464', 'X Vnh H'),
	(5914, '464', 'X Vnh Sn'),
	(5915, '464', 'X Vnh Giang'),
	(5916, '464', 'X Vnh '),
	(5917, '465', 'Th trn Khe Sanh'),
	(5918, '465', 'Th trn Lao Bo'),
	(5919, '465', 'X Hng Lp'),
	(5920, '465', 'X Hng Vit'),
	(5921, '465', 'X Hng Phng'),
	(5922, '465', 'X Hng Sn'),
	(5923, '465', 'X Hng Linh'),
	(5924, '465', 'X Tn Hp'),
	(5925, '465', 'X Hng Tn'),
	(5926, '465', 'X Tn Thnh'),
	(5927, '465', 'X Tn Long'),
	(5928, '465', 'X Tn Lp'),
	(5929, '465', 'X Tn Lin'),
	(5930, '465', 'X Hc'),
	(5931, '465', 'X Thun'),
	(5932, '465', 'X Hng Lc'),
	(5933, '465', 'X Ba Tng'),
	(5934, '465', 'X Thanh'),
	(5935, '465', 'X  A Di'),
	(5936, '465', 'X La'),
	(5937, '465', 'X Xy'),
	(5938, '466', 'Th trn Gio Linh'),
	(5939, '466', 'Th trn Ca Vit'),
	(5940, '466', 'X Trung Giang'),
	(5941, '466', 'X Trung Hi'),
	(5942, '466', 'X Trung Sn'),
	(5943, '466', 'X Phong Bnh'),
	(5944, '466', 'X Gio M'),
	(5945, '466', 'X Gio Hi'),
	(5946, '466', 'X Gio An'),
	(5947, '466', 'X Gio Chu'),
	(5948, '466', 'X Gio Vit'),
	(5949, '466', 'X Linh Trng'),
	(5950, '466', 'X Gio Sn'),
	(5951, '466', 'X Gio Mai'),
	(5952, '466', 'X Hi Thi'),
	(5953, '466', 'X Linh Hi'),
	(5954, '466', 'X Gio Quang'),
	(5955, '467', 'Th trn Krng Klang'),
	(5956, '467', 'X M '),
	(5957, '467', 'X Hng Hip'),
	(5958, '467', 'X a Krng'),
	(5959, '467', 'X Triu Nguyn'),
	(5960, '467', 'X Ba Lng'),
	(5961, '467', 'X Ba Nang'),
	(5962, '467', 'X T Long'),
	(5963, '467', 'X Hc Ngh'),
	(5964, '467', 'X A Vao'),
	(5965, '467', 'X T Rt'),
	(5966, '467', 'X A Bung'),
	(5967, '467', 'X A Ngo'),
	(5968, '468', 'Th trn Cam L'),
	(5969, '468', 'X Cam Tuyn'),
	(5970, '468', 'X Thanh An'),
	(5971, '468', 'X Cam Thy'),
	(5972, '468', 'X Cam Thnh'),
	(5973, '468', 'X Cam Hiu'),
	(5974, '468', 'X Cam Chnh'),
	(5975, '468', 'X Cam Ngha'),
	(5976, '469', 'Th Trn i T'),
	(5977, '469', 'X Triu An'),
	(5978, '469', 'X Triu Vn'),
	(5979, '469', 'X Triu Phc'),
	(5980, '469', 'X Triu '),
	(5981, '469', 'X Triu Trch'),
	(5982, '469', 'X Triu Thun'),
	(5983, '469', 'X Triu i'),
	(5984, '469', 'X Triu Ha'),
	(5985, '469', 'X Triu Lng'),
	(5986, '469', 'X Triu Sn'),
	(5987, '469', 'X Triu Long'),
	(5988, '469', 'X Triu Ti'),
	(5989, '469', 'X Triu Trung'),
	(5990, '469', 'X Triu i'),
	(5991, '469', 'X Triu Thng'),
	(5992, '469', 'X Triu Giang'),
	(5993, '469', 'X Triu Thnh'),
	(5994, '470', 'Th trn Din Sanh'),
	(5995, '470', 'X Hi An'),
	(5996, '470', 'X Hi Ba'),
	(5997, '470', 'X Hi Quy'),
	(5998, '470', 'X Hi Qu'),
	(5999, '470', 'X Hi Hng'),
	(6000, '470', 'X Hi Ph'),
	(6001, '470', 'X Hi Thng'),
	(6002, '470', 'X Hi Dng'),
	(6003, '470', 'X Hi nh'),
	(6004, '470', 'X Hi Lm'),
	(6005, '470', 'X Hi Phong'),
	(6006, '470', 'X Hi Trng'),
	(6007, '470', 'X Hi Sn'),
	(6008, '470', 'X Hi Chnh'),
	(6009, '470', 'X Hi Kh'),
	(6010, '471', ''),
	(6011, '474', 'Phng Ty Lc'),
	(6012, '474', 'Phng Thun Lc'),
	(6013, '474', 'Phng Gia Hi'),
	(6014, '474', 'Phng Ph Hu'),
	(6015, '474', 'Phng Thun Ha'),
	(6016, '474', 'Phng ng Ba'),
	(6017, '474', 'Phng Kim Long'),
	(6018, '474', 'Phng V D'),
	(6019, '474', 'Phng Phng c'),
	(6020, '474', 'Phng Vnh Ninh'),
	(6021, '474', 'Phng Ph Hi'),
	(6022, '474', 'Phng Ph Nhun'),
	(6023, '474', 'Phng Xun Ph'),
	(6024, '474', 'Phng Trng An'),
	(6025, '474', 'Phng Phc Vnh'),
	(6026, '474', 'Phng An Cu'),
	(6027, '474', 'Phng An Ha'),
	(6028, '474', 'Phng Hng S'),
	(6029, '474', 'Phng Thu Biu'),
	(6030, '474', 'Phng Hng Long'),
	(6031, '474', 'Phng Thu Xun'),
	(6032, '474', 'Phng An ng'),
	(6033, '474', 'Phng An Ty'),
	(6034, '474', 'Phng Thun An'),
	(6035, '474', 'X Ph Dng'),
	(6036, '474', 'X Ph Mu'),
	(6037, '474', 'X Ph Thanh'),
	(6038, '474', 'Phng Ph Thng'),
	(6039, '474', 'Phng Thy Vn'),
	(6040, '474', 'X Thy Bng'),
	(6041, '474', 'X Hi Dng'),
	(6042, '474', 'X Hng Phong'),
	(6043, '474', 'Phng Hng Vinh'),
	(6044, '474', 'Phng Hng An'),
	(6045, '474', 'Phng Hng H'),
	(6046, '474', 'X Hng Th'),
	(6047, '476', 'Th trn Phong in'),
	(6048, '476', 'X in Hng'),
	(6049, '476', 'X in Mn'),
	(6050, '476', 'X in Lc'),
	(6051, '476', 'X Phong Bnh'),
	(6052, '476', 'X in Ha'),
	(6053, '476', 'X Phong Chng'),
	(6054, '476', 'X Phong Hi'),
	(6055, '476', 'X in Hi'),
	(6056, '476', 'X Phong Ha'),
	(6057, '476', 'X Phong Thu'),
	(6058, '476', 'X Phong Hin'),
	(6059, '476', 'X Phong M'),
	(6060, '476', 'X Phong An'),
	(6061, '476', 'X Phong Xun'),
	(6062, '476', 'X Phong Sn'),
	(6063, '477', 'Th trn Sa'),
	(6064, '477', 'X Qung Thi'),
	(6065, '477', 'X Qung Ngn'),
	(6066, '477', 'X Qung Li'),
	(6067, '477', 'X Qung Cng'),
	(6068, '477', 'X Qung Phc'),
	(6069, '477', 'X Qung Vinh'),
	(6070, '477', 'X Qung An'),
	(6071, '477', 'X Qung Thnh'),
	(6072, '477', 'X Qung Th'),
	(6073, '477', 'X Qung Ph'),
	(6074, '478', 'X Ph Thun'),
	(6075, '478', 'X Ph An'),
	(6076, '478', 'X Ph Hi'),
	(6077, '478', 'X Ph Xun'),
	(6078, '478', 'X Ph Din'),
	(6079, '478', 'X Ph M'),
	(6080, '478', 'X Ph H'),
	(6081, '478', 'X Vinh Xun'),
	(6082, '478', 'X Ph Lng'),
	(6083, '478', 'Th trn Ph a'),
	(6084, '478', 'X Vinh Thanh'),
	(6085, '478', 'X Vinh An'),
	(6086, '478', 'X Ph Gia'),
	(6087, '478', 'X Vinh H'),
	(6088, '479', 'Phng Ph Bi'),
	(6089, '479', 'X Thy Thanh'),
	(6090, '479', 'Phng Thy Dng'),
	(6091, '479', 'Phng Thy Phng'),
	(6092, '479', 'Phng Thy Chu'),
	(6093, '479', 'Phng Thy Lng'),
	(6094, '479', 'X Thy Tn'),
	(6095, '479', 'X Thy Ph'),
	(6096, '479', 'X Ph Sn'),
	(6097, '479', 'X Dng Ha'),
	(6098, '480', 'Phng T H'),
	(6099, '480', 'X Hng Ton'),
	(6100, '480', 'Phng Hng Vn'),
	(6101, '480', 'Phng Hng Vn'),
	(6102, '480', 'Phng Hng Xun'),
	(6103, '480', 'Phng Hng Ch'),
	(6104, '480', 'X Hng Bnh'),
	(6105, '480', 'X Bnh Tin'),
	(6106, '480', 'X Bnh Thnh'),
	(6107, '481', 'Th trn A Li'),
	(6108, '481', 'X Hng Vn'),
	(6109, '481', 'X Hng H'),
	(6110, '481', 'X Hng Kim'),
	(6111, '481', 'X Trung Sn'),
	(6112, '481', 'X Hng Nguyn'),
	(6113, '481', 'X Hng Bc'),
	(6114, '481', 'X A Ngo'),
	(6115, '481', 'X Sn Thy'),
	(6116, '481', 'X Ph Vinh'),
	(6117, '481', 'X Hng Phong'),
	(6118, '481', 'X Qung Nhm'),
	(6119, '481', 'X Hng Thng'),
	(6120, '481', 'X Hng Thi'),
	(6121, '481', 'X A Rong'),
	(6122, '481', 'X ng Sn'),
	(6123, '481', 'X Lm t'),
	(6124, '481', 'X Hng Thy'),
	(6125, '482', 'Th trn Ph Lc'),
	(6126, '482', 'Th trn Lng C'),
	(6127, '482', 'X Vinh M'),
	(6128, '482', 'X Vinh Hng'),
	(6129, '482', 'X Giang Hi'),
	(6130, '482', 'X Vinh Hin'),
	(6131, '482', 'X Lc Bn'),
	(6132, '482', 'X Lc Sn'),
	(6133, '482', 'X Lc Bnh'),
	(6134, '482', 'X Lc Vnh'),
	(6135, '482', 'X Lc An'),
	(6136, '482', 'X Lc in'),
	(6137, '482', 'X Lc Thy'),
	(6138, '482', 'X Lc Tr'),
	(6139, '482', 'X Lc Tin'),
	(6140, '482', 'X Lc Ha'),
	(6141, '482', 'X Xun Lc'),
	(6142, '483', 'Th trn Khe Tre'),
	(6143, '483', 'X Hng Ph'),
	(6144, '483', 'X Hng Sn'),
	(6145, '483', 'X Hng Lc'),
	(6146, '483', 'X Thng Qung'),
	(6147, '483', 'X Hng Xun'),
	(6148, '483', 'X Hng Hu'),
	(6149, '483', 'X Thng L'),
	(6150, '483', 'X Thng Long'),
	(6151, '483', 'X Thng Nht'),
	(6152, '490', 'Phng Ha Hip Bc'),
	(6153, '490', 'Phng Ha Hip Nam'),
	(6154, '490', 'Phng Ha Khnh Bc'),
	(6155, '490', 'Phng Ha Khnh Nam'),
	(6156, '490', 'Phng Ha Minh'),
	(6157, '491', 'Phng Tam Thun'),
	(6158, '491', 'Phng Thanh Kh Ty'),
	(6159, '491', 'Phng Thanh Kh ng'),
	(6160, '491', 'Phng Xun H'),
	(6161, '491', 'Phng Tn Chnh'),
	(6162, '491', 'Phng Chnh Gin'),
	(6163, '491', 'Phng Vnh Trung'),
	(6164, '491', 'Phng Thc Gin'),
	(6165, '491', 'Phng An Kh'),
	(6166, '491', 'Phng Ha Kh'),
	(6167, '492', 'Phng Thanh Bnh'),
	(6168, '492', 'Phng Thun Phc'),
	(6169, '492', 'Phng Thch Thang'),
	(6170, '492', 'Phng Hi Chu  I'),
	(6171, '492', 'Phng Hi Chu II'),
	(6172, '492', 'Phng Phc Ninh'),
	(6173, '492', 'Phng Ha Thun Ty'),
	(6174, '492', 'Phng Ha Thun ng'),
	(6175, '492', 'Phng Nam Dng'),
	(6176, '492', 'Phng Bnh Hin'),
	(6177, '492', 'Phng Bnh Thun'),
	(6178, '492', 'Phng Ha Cng Bc'),
	(6179, '492', 'Phng Ha Cng Nam'),
	(6180, '493', 'Phng Th Quang'),
	(6181, '493', 'Phng Ni Hin ng'),
	(6182, '493', 'Phng Mn Thi'),
	(6183, '493', 'Phng An Hi Bc'),
	(6184, '493', 'Phng Phc M'),
	(6185, '493', 'Phng An Hi Ty'),
	(6186, '493', 'Phng An Hi ng'),
	(6187, '494', 'Phng M An'),
	(6188, '494', 'Phng Khu M'),
	(6189, '494', 'Phng Ho Qu'),
	(6190, '494', 'Phng Ho Hi'),
	(6191, '495', 'Phng Khu Trung'),
	(6192, '495', 'Phng Ha Pht'),
	(6193, '495', 'Phng Ha An'),
	(6194, '495', 'Phng Ha Th Ty'),
	(6195, '495', 'Phng Ha Th ng'),
	(6196, '495', 'Phng Ha Xun'),
	(6197, '497', 'X Ha Bc'),
	(6198, '497', 'X Ha Lin'),
	(6199, '497', 'X Ha Ninh'),
	(6200, '497', 'X Ha Sn'),
	(6201, '497', 'X Ha Nhn'),
	(6202, '497', 'X Ha Ph'),
	(6203, '497', 'X Ha Phong'),
	(6204, '497', 'X Ha Chu'),
	(6205, '497', 'X Ha Tin'),
	(6206, '497', 'X Ha Phc'),
	(6207, '497', 'X Ha Khng'),
	(6208, '498', ''),
	(6209, '502', 'Phng Tn Thnh'),
	(6210, '502', 'Phng Phc Ha'),
	(6211, '502', 'Phng An M'),
	(6212, '502', 'Phng Ha Hng'),
	(6213, '502', 'Phng An Xun'),
	(6214, '502', 'Phng An Sn'),
	(6215, '502', 'Phng Trng Xun'),
	(6216, '502', 'Phng An Ph'),
	(6217, '502', 'X Tam Thanh'),
	(6218, '502', 'X Tam Thng'),
	(6219, '502', 'X Tam Ph'),
	(6220, '502', 'Phng Ho Thun'),
	(6221, '502', 'X Tam Ngc'),
	(6222, '503', 'Phng Minh An'),
	(6223, '503', 'Phng Tn An'),
	(6224, '503', 'Phng Cm Ph'),
	(6225, '503', 'Phng Thanh H'),
	(6226, '503', 'Phng Sn Phong'),
	(6227, '503', 'Phng Cm Chu'),
	(6228, '503', 'Phng Ca i'),
	(6229, '503', 'Phng Cm An'),
	(6230, '503', 'X Cm H'),
	(6231, '503', 'X Cm Kim'),
	(6232, '503', 'Phng Cm Nam'),
	(6233, '503', 'X Cm Thanh'),
	(6234, '503', 'X Tn Hip'),
	(6235, '504', 'X Ch''m'),
	(6236, '504', 'X Ga Ri'),
	(6237, '504', 'X A Xan'),
	(6238, '504', 'X Tr''Hy'),
	(6239, '504', 'X Lng'),
	(6240, '504', 'X A Nng'),
	(6241, '504', 'X A Ting'),
	(6242, '504', 'X Bha L'),
	(6243, '504', 'X A Vng'),
	(6244, '504', 'X Dang'),
	(6245, '505', 'Th trn P Rao'),
	(6246, '505', 'X T Lu'),
	(6247, '505', 'X Sng Kn'),
	(6248, '505', 'X J Ngy'),
	(6249, '505', 'X A Ting'),
	(6250, '505', 'X  T'),
	(6251, '505', 'X Ba'),
	(6252, '505', 'X A Rooi'),
	(6253, '505', 'X Za Hung'),
	(6254, '505', 'X M Cooi'),
	(6255, '505', 'X Ka Dng'),
	(6256, '506', 'Th Trn i Ngha'),
	(6257, '506', 'X i Sn'),
	(6258, '506', 'X i Lnh'),
	(6259, '506', 'X i Hng'),
	(6260, '506', 'X i Hng'),
	(6261, '506', 'X i ng'),
	(6262, '506', 'X i Quang'),
	(6263, '506', 'X i Ngha'),
	(6264, '506', 'X i Hip'),
	(6265, '506', 'X i Thnh'),
	(6266, '506', 'X i Chnh'),
	(6267, '506', 'X i Tn'),
	(6268, '506', 'X i Phong'),
	(6269, '506', 'X i Minh'),
	(6270, '506', 'X i Thng'),
	(6271, '506', 'X i Cng'),
	(6272, '506', 'X i An'),
	(6273, '506', 'X i Ha'),
	(6274, '507', 'Phng Vnh in'),
	(6275, '507', 'X in Tin'),
	(6276, '507', 'X in Ha'),
	(6277, '507', 'Phng in Thng Bc'),
	(6278, '507', 'Phng in Thng Trung'),
	(6279, '507', 'Phng in Thng Nam'),
	(6280, '507', 'Phng in Ngc'),
	(6281, '507', 'X in Hng'),
	(6282, '507', 'X in Th'),
	(6283, '507', 'X in Phc'),
	(6284, '507', 'Phng in An'),
	(6285, '507', 'Phng in Nam Bc'),
	(6286, '507', 'Phng in Nam Trung'),
	(6287, '507', 'Phng in Nam ng'),
	(6288, '507', 'Phng in Dng'),
	(6289, '507', 'X in Quang'),
	(6290, '507', 'X in Trung'),
	(6291, '507', 'X in Phong'),
	(6292, '507', 'Phng in Minh'),
	(6293, '507', 'Phng in Phng'),
	(6294, '508', 'Th trn Nam Phc'),
	(6295, '508', 'X Duy Thu'),
	(6296, '508', 'X Duy Ph'),
	(6297, '508', 'X Duy Tn'),
	(6298, '508', 'X Duy Ha'),
	(6299, '508', 'X Duy Chu'),
	(6300, '508', 'X Duy Trinh'),
	(6301, '508', 'X Duy Sn'),
	(6302, '508', 'X Duy Trung'),
	(6303, '508', 'X Duy Phc'),
	(6304, '508', 'X Duy Thnh'),
	(6305, '508', 'X Duy Vinh'),
	(6306, '508', 'X Duy Ngha'),
	(6307, '508', 'X Duy Hi'),
	(6308, '509', 'Th trn ng Ph'),
	(6309, '509', 'X Qu Xun 1'),
	(6310, '509', 'X Qu Xun 2'),
	(6311, '509', 'X Qu Ph'),
	(6312, '509', 'Th trn Hng An'),
	(6313, '509', 'X Qu Hip'),
	(6314, '509', 'X Qu Thun'),
	(6315, '509', 'X Qu M'),
	(6316, '509', 'X Qu Long'),
	(6317, '509', 'X Qu Chu'),
	(6318, '509', 'X Qu Phong'),
	(6319, '509', 'X Qu An'),
	(6320, '509', 'X Qu Minh'),
	(6321, '510', 'Th trn Thnh M'),
	(6322, '510', 'X La'),
	(6323, '510', 'X Ch Chun'),
	(6324, '510', 'X Zuich'),
	(6325, '510', 'X T P'),
	(6326, '510', 'X La D'),
	(6327, '510', 'X c Ti'),
	(6328, '510', 'X Ch Vl'),
	(6329, '510', 'X T Bhinh'),
	(6330, '510', 'X C Dy'),
	(6331, '510', 'X c Pre'),
	(6332, '510', 'X c Pring'),
	(6333, '511', 'Th trn Khm c'),
	(6334, '511', 'X Phc Xun'),
	(6335, '511', 'X Phc Hip'),
	(6336, '511', 'X Phc Ho'),
	(6337, '511', 'X Phc c'),
	(6338, '511', 'X Phc Nng'),
	(6339, '511', 'X Phc M'),
	(6340, '511', 'X Phc Chnh'),
	(6341, '511', 'X Phc Cng'),
	(6342, '511', 'X Phc Kim'),
	(6343, '511', 'X Phc Lc'),
	(6344, '511', 'X Phc Thnh'),
	(6345, '512', 'X Hip Ha'),
	(6346, '512', 'X Hip Thun'),
	(6347, '512', 'X Qu Th'),
	(6348, '512', 'X Bnh Lm'),
	(6349, '512', 'X Sng Tr'),
	(6350, '512', 'X Phc Tr'),
	(6351, '512', 'X Phc Gia'),
	(6352, '512', 'Th trn Tn Bnh'),
	(6353, '512', 'X Qu Lu'),
	(6354, '512', 'X Thng Phc'),
	(6355, '512', 'X Bnh Sn'),
	(6356, '513', 'Th trn H Lam'),
	(6357, '513', 'X Bnh Dng'),
	(6358, '513', 'X Bnh Giang'),
	(6359, '513', 'X Bnh Nguyn'),
	(6360, '513', 'X Bnh Phc'),
	(6361, '513', 'X Bnh Triu'),
	(6362, '513', 'X Bnh o'),
	(6363, '513', 'X Bnh Minh'),
	(6364, '513', 'X Bnh Lnh'),
	(6365, '513', 'X Bnh Tr'),
	(6366, '513', 'X Bnh nh Bc'),
	(6367, '513', 'X Bnh nh Nam'),
	(6368, '513', 'X Bnh Qu'),
	(6369, '513', 'X Bnh Ph'),
	(6370, '513', 'X Bnh Chnh'),
	(6371, '513', 'X Bnh T'),
	(6372, '513', 'X Bnh Sa'),
	(6373, '513', 'X Bnh Hi'),
	(6374, '513', 'X Bnh Qu'),
	(6375, '513', 'X Bnh An'),
	(6376, '513', 'X Bnh Trung'),
	(6377, '513', 'X Bnh Nam'),
	(6378, '514', 'Th trn Tin K'),
	(6379, '514', 'X Tin Sn'),
	(6380, '514', 'X Tin H'),
	(6381, '514', 'X Tin Cm'),
	(6382, '514', 'X Tin Chu'),
	(6383, '514', 'X Tin Lnh'),
	(6384, '514', 'X Tin Ngc'),
	(6385, '514', 'X Tin Hip'),
	(6386, '514', 'X Tin Cnh'),
	(6387, '514', 'X Tin M'),
	(6388, '514', 'X Tin Phong'),
	(6389, '514', 'X Tin Th'),
	(6390, '514', 'X Tin An'),
	(6391, '514', 'X Tin Lc'),
	(6392, '514', 'X Tin Lp'),
	(6393, '515', 'Th trn Tr My'),
	(6394, '515', 'X Tr Sn'),
	(6395, '515', 'X Tr Kt'),
	(6396, '515', 'X Tr N'),
	(6397, '515', 'X Tr ng'),
	(6398, '515', 'X Tr Dng'),
	(6399, '515', 'X Tr Giang'),
	(6400, '515', 'X Tr Bui'),
	(6401, '515', 'X Tr c'),
	(6402, '515', 'X Tr Tn'),
	(6403, '515', 'X Tr Gic'),
	(6404, '515', 'X Tr Gip'),
	(6405, '515', 'X Tr Ka'),
	(6406, '516', 'X Tr Leng'),
	(6407, '516', 'X Tr Dn'),
	(6408, '516', 'X Tr Tp'),
	(6409, '516', 'X Tr Mai'),
	(6410, '516', 'X Tr Cang'),
	(6411, '516', 'X Tr Linh'),
	(6412, '516', 'X Tr Nam'),
	(6413, '516', 'X Tr Don'),
	(6414, '516', 'X Tr Vn'),
	(6415, '516', 'X Tr Vinh'),
	(6416, '517', 'Th trn Ni Thnh'),
	(6417, '517', 'X Tam Xun I'),
	(6418, '517', 'X Tam Xun II'),
	(6419, '517', 'X Tam Tin'),
	(6420, '517', 'X Tam Sn'),
	(6421, '517', 'X Tam Thnh'),
	(6422, '517', 'X Tam Anh Bc'),
	(6423, '517', 'X Tam Anh Nam'),
	(6424, '517', 'X Tam Ha'),
	(6425, '517', 'X Tam Hip'),
	(6426, '517', 'X Tam Hi'),
	(6427, '517', 'X Tam Giang'),
	(6428, '517', 'X Tam Quang'),
	(6429, '517', 'X Tam Ngha'),
	(6430, '517', 'X Tam M Ty'),
	(6431, '517', 'X Tam M ng'),
	(6432, '517', 'X Tam Tr'),
	(6433, '518', 'Th trn Ph Thnh'),
	(6434, '518', 'X Tam Thnh'),
	(6435, '518', 'X Tam An'),
	(6436, '518', 'X Tam n'),
	(6437, '518', 'X Tam Lc'),
	(6438, '518', 'X Tam Phc'),
	(6439, '518', 'X Tam Vinh'),
	(6440, '518', 'X Tam Thi'),
	(6441, '518', 'X Tam i'),
	(6442, '518', 'X Tam Dn'),
	(6443, '518', 'X Tam Lnh'),
	(6444, '519', 'Th trn Trung Phc'),
	(6445, '519', 'X Ninh Phc'),
	(6446, '519', 'X Phc Ninh'),
	(6447, '519', 'X Qu Lc'),
	(6448, '519', 'X Sn Vin'),
	(6449, '519', 'X Qu Phc'),
	(6450, '519', 'X Qu Lm'),
	(6451, '522', 'Phng L Hng Phong'),
	(6452, '522', 'Phng Trn Ph'),
	(6453, '522', 'Phng Qung Ph'),
	(6454, '522', 'Phng Ngha Chnh'),
	(6455, '522', 'Phng Trn Hng o'),
	(6456, '522', 'Phng Nguyn Nghim'),
	(6457, '522', 'Phng Ngha L'),
	(6458, '522', 'Phng Chnh L'),
	(6459, '522', 'X Ngha Dng'),
	(6460, '522', 'X Ngha Dng'),
	(6461, '522', 'Phng Trng Quang Trng'),
	(6462, '522', 'X Tnh Ha'),
	(6463, '522', 'X Tnh K'),
	(6464, '522', 'X Tnh Thin'),
	(6465, '522', 'X Tnh n ng'),
	(6466, '522', 'X Tnh Chu'),
	(6467, '522', 'X Tnh Kh'),
	(6468, '522', 'X Tnh Long'),
	(6469, '522', 'X Tnh n Ty'),
	(6470, '522', 'X Tnh An'),
	(6471, '522', 'X Ngha Ph'),
	(6472, '522', 'X Ngha H'),
	(6473, '522', 'X Ngha An'),
	(6474, '524', 'Th Trn Chu '),
	(6475, '524', 'X Bnh Thun'),
	(6476, '524', 'X Bnh Thnh'),
	(6477, '524', 'X Bnh ng'),
	(6478, '524', 'X Bnh Chnh'),
	(6479, '524', 'X Bnh Nguyn'),
	(6480, '524', 'X Bnh Khng'),
	(6481, '524', 'X Bnh Tr'),
	(6482, '524', 'X Bnh An'),
	(6483, '524', 'X Bnh Hi'),
	(6484, '524', 'X Bnh Dng'),
	(6485, '524', 'X Bnh Phc'),
	(6486, '524', 'X Bnh Ha'),
	(6487, '524', 'X Bnh Trung'),
	(6488, '524', 'X Bnh Minh'),
	(6489, '524', 'X Bnh Long'),
	(6490, '524', 'X Bnh Thanh '),
	(6491, '524', 'X Bnh Chng'),
	(6492, '524', 'X Bnh Hip'),
	(6493, '524', 'X Bnh M'),
	(6494, '524', 'X Bnh Tn Ph'),
	(6495, '524', 'X Bnh Chu'),
	(6496, '525', 'Th trn Tr Xun'),
	(6497, '525', 'X Tr Giang'),
	(6498, '525', 'X Tr Thy'),
	(6499, '525', 'X Tr Hip'),
	(6500, '525', 'X Tr Bnh'),
	(6501, '525', 'X Tr Ph'),
	(6502, '525', 'X Tr Lm'),
	(6503, '525', 'X Tr Tn'),
	(6504, '525', 'X Tr Sn'),
	(6505, '525', 'X Tr Bi'),
	(6506, '525', 'X Tr Thanh'),
	(6507, '525', 'X Sn Tr'),
	(6508, '525', 'X Tr Phong'),
	(6509, '525', 'X Hng Tr'),
	(6510, '525', 'X Tr Xinh'),
	(6511, '525', 'X Tr Ty'),
	(6512, '527', 'X Tnh Th'),
	(6513, '527', 'X Tnh Tr'),
	(6514, '527', 'X Tnh Phong'),
	(6515, '527', 'X Tnh Hip'),
	(6516, '527', 'X Tnh Bnh'),
	(6517, '527', 'X Tnh ng'),
	(6518, '527', 'X Tnh Bc'),
	(6519, '527', 'X Tnh Sn'),
	(6520, '527', 'X Tnh H'),
	(6521, '527', 'X Tnh Giang'),
	(6522, '527', 'X Tnh Minh'),
	(6523, '528', 'Th trn La H'),
	(6524, '528', 'Th trn Sng V'),
	(6525, '528', 'X Ngha Lm'),
	(6526, '528', 'X Ngha Thng'),
	(6527, '528', 'X Ngha Thun'),
	(6528, '528', 'X Ngha K'),
	(6529, '528', 'X Ngha Sn'),
	(6530, '528', 'X Ngha Ha'),
	(6531, '528', 'X Ngha in'),
	(6532, '528', 'X Ngha Thng'),
	(6533, '528', 'X Ngha Trung'),
	(6534, '528', 'X Ngha Hip'),
	(6535, '528', 'X Ngha Phng'),
	(6536, '528', 'X Ngha M'),
	(6537, '529', 'Th trn Di Lng'),
	(6538, '529', 'X Sn H'),
	(6539, '529', 'X Sn Thnh'),
	(6540, '529', 'X Sn Nham'),
	(6541, '529', 'X Sn Bao'),
	(6542, '529', 'X Sn Linh'),
	(6543, '529', 'X Sn Giang'),
	(6544, '529', 'X Sn Trung'),
	(6545, '529', 'X Sn Thng'),
	(6546, '529', 'X Sn Cao'),
	(6547, '529', 'X Sn Hi'),
	(6548, '529', 'X Sn Thy'),
	(6549, '529', 'X Sn K'),
	(6550, '529', 'X Sn Ba'),
	(6551, '530', 'X Sn Bua'),
	(6552, '530', 'X Sn Ma'),
	(6553, '530', 'X Sn Lin'),
	(6554, '530', 'X Sn Tn'),
	(6555, '530', 'X Sn Mu'),
	(6556, '530', 'X Sn Dung'),
	(6557, '530', 'X Sn Long'),
	(6558, '530', 'X Sn Tinh'),
	(6559, '530', 'X Sn Lp'),
	(6560, '531', 'X Long Sn'),
	(6561, '531', 'X Long Mai'),
	(6562, '531', 'X Thanh An'),
	(6563, '531', 'X Long Mn'),
	(6564, '531', 'X Long Hip'),
	(6565, '532', 'Th trn Ch Cha'),
	(6566, '532', 'X Hnh Thun'),
	(6567, '532', 'X Hnh Dng'),
	(6568, '532', 'X Hnh Trung'),
	(6569, '532', 'X Hnh Nhn'),
	(6570, '532', 'X Hnh c'),
	(6571, '532', 'X Hnh Minh'),
	(6572, '532', 'X Hnh Phc'),
	(6573, '532', 'X Hnh Thin'),
	(6574, '532', 'X Hnh Thnh'),
	(6575, '532', 'X Hnh Tn Ty'),
	(6576, '532', 'X Hnh Tn  ng'),
	(6577, '533', 'Th trn M c'),
	(6578, '533', 'X c Li'),
	(6579, '533', 'X c Thng'),
	(6580, '533', 'X c Nhun'),
	(6581, '533', 'X c Chnh'),
	(6582, '533', 'X c Hip'),
	(6583, '533', 'X c Minh'),
	(6584, '533', 'X c Thnh'),
	(6585, '533', 'X c Ha'),
	(6586, '533', 'X c Tn'),
	(6587, '533', 'X c Ph'),
	(6588, '533', 'X c Phong'),
	(6589, '533', 'X c Ln'),
	(6590, '534', 'Phng Nguyn Nghim'),
	(6591, '534', 'X Ph An'),
	(6592, '534', 'X Ph Phong'),
	(6593, '534', 'X Ph Thun'),
	(6594, '534', 'Phng Ph Vn'),
	(6595, '534', 'Phng Ph Quang'),
	(6596, '534', 'X Ph Nhn'),
	(6597, '534', 'Phng Ph Ninh'),
	(6598, '534', 'Phng Ph Minh'),
	(6599, '534', 'Phng Ph Vinh'),
	(6600, '534', 'Phng Ph Ha'),
	(6601, '534', 'X Ph Cng'),
	(6602, '534', 'X Ph Khnh'),
	(6603, '534', 'Phng Ph Thnh'),
	(6604, '534', 'X Ph Chu'),
	(6605, '535', 'Th trn Ba T'),
	(6606, '535', 'X Ba in'),
	(6607, '535', 'X Ba Vinh'),
	(6608, '535', 'X Ba Thnh'),
	(6609, '535', 'X Ba ng'),
	(6610, '535', 'X Ba Dinh'),
	(6611, '535', 'X Ba Giang'),
	(6612, '535', 'X Ba Lin'),
	(6613, '535', 'X Ba Ngc'),
	(6614, '535', 'X Ba Khm'),
	(6615, '535', 'X Ba Cung'),
	(6616, '535', 'X Ba Tiu'),
	(6617, '535', 'X Ba Trang'),
	(6618, '535', 'X Ba T'),
	(6619, '535', 'X Ba Bch'),
	(6620, '535', 'X Ba V'),
	(6621, '535', 'X Ba L'),
	(6622, '535', 'X Ba Nam'),
	(6623, '535', 'X Ba Xa'),
	(6624, '536', ''),
	(6625, '540', 'Phng Nhn Bnh'),
	(6626, '540', 'Phng Nhn Ph'),
	(6627, '540', 'Phng ng a'),
	(6628, '540', 'Phng Trn Quang Diu'),
	(6629, '540', 'Phng Hi Cng'),
	(6630, '540', 'Phng Quang Trung'),
	(6631, '540', 'Phng Ng My'),
	(6632, '540', 'Phng Trn Ph'),
	(6633, '540', 'Phng Th Ni'),
	(6634, '540', 'Phng Bi Th Xun'),
	(6635, '540', 'Phng Nguyn Vn C'),
	(6636, '540', 'Phng Ghnh Rng'),
	(6637, '540', 'X Nhn L'),
	(6638, '540', 'X Nhn Hi'),
	(6639, '540', 'X Nhn Hi'),
	(6640, '540', 'X Nhn Chu'),
	(6641, '540', 'X Phc M'),
	(6642, '542', 'Th trn An Lo'),
	(6643, '542', 'X An Hng'),
	(6644, '542', 'X An Trung'),
	(6645, '542', 'X An Dng'),
	(6646, '542', 'X An Vinh'),
	(6647, '542', 'X An Ton'),
	(6648, '542', 'X An Tn'),
	(6649, '542', 'X An Ha'),
	(6650, '542', 'X An Quang'),
	(6651, '542', 'X An Ngha'),
	(6652, '543', 'Phng Tam Quan'),
	(6653, '543', 'Phng Bng Sn'),
	(6654, '543', 'X Hoi Sn'),
	(6655, '543', 'X Hoi Chu Bc'),
	(6656, '543', 'X Hoi Chu'),
	(6657, '543', 'X Hoi Ph'),
	(6658, '543', 'Phng Tam Quan Bc'),
	(6659, '543', 'Phng Tam Quan Nam'),
	(6660, '543', 'Phng Hoi Ho'),
	(6661, '543', 'Phng Hoi Thanh Ty'),
	(6662, '543', 'Phng Hoi Thanh'),
	(6663, '543', 'Phng Hoi Hng'),
	(6664, '543', 'Phng Hoi Tn'),
	(6665, '543', 'X Hoi Hi'),
	(6666, '543', 'Phng Hoi Xun'),
	(6667, '543', 'X Hoi M'),
	(6668, '543', 'Phng Hoi c'),
	(6669, '544', 'Th trn Tng Bt H'),
	(6670, '544', 'X n Ho Ty'),
	(6671, '544', 'X n Ho ng'),
	(6672, '544', 'X n Sn'),
	(6673, '544', 'X n M'),
	(6674, '544', 'X ak Mang'),
	(6675, '544', 'X n Tn'),
	(6676, '544', 'X n Thnh'),
	(6677, '544', 'X n Phong'),
	(6678, '544', 'X n c'),
	(6679, '544', 'X n Hu'),
	(6680, '544', 'X Bok Ti'),
	(6681, '544', 'X n Tng Ty'),
	(6682, '544', 'X n Tng ng'),
	(6683, '544', 'X n Ngha'),
	(6684, '545', 'Th trn Ph M'),
	(6685, '545', 'Th trn Bnh Dng'),
	(6686, '545', 'X M c'),
	(6687, '545', 'X M Chu'),
	(6688, '545', 'X M Thng'),
	(6689, '545', 'X M Lc'),
	(6690, '545', 'X M Li'),
	(6691, '545', 'X M An'),
	(6692, '545', 'X M Phong'),
	(6693, '545', 'X M Trinh'),
	(6694, '545', 'X M Th'),
	(6695, '545', 'X M Ha'),
	(6696, '545', 'X M Thnh'),
	(6697, '545', 'X M Chnh'),
	(6698, '545', 'X M Quang'),
	(6699, '545', 'X M Hip'),
	(6700, '545', 'X M Ti'),
	(6701, '545', 'X M Ct'),
	(6702, '545', 'X M Chnh Ty'),
	(6703, '546', 'Th trn Vnh Thnh'),
	(6704, '546', 'X Vnh Sn'),
	(6705, '546', 'X Vnh Kim'),
	(6706, '546', 'X Vnh Hip'),
	(6707, '546', 'X Vnh Ho'),
	(6708, '546', 'X Vnh Ha'),
	(6709, '546', 'X Vnh Thnh'),
	(6710, '546', 'X Vnh Thun'),
	(6711, '546', 'X Vnh Quang'),
	(6712, '547', 'Th trn Ph Phong'),
	(6713, '547', 'X Bnh Tn'),
	(6714, '547', 'X Ty Thun'),
	(6715, '547', 'X Bnh Thun'),
	(6716, '547', 'X Ty Giang'),
	(6717, '547', 'X Bnh Thnh'),
	(6718, '547', 'X Ty An'),
	(6719, '547', 'X Bnh Ha'),
	(6720, '547', 'X Ty Bnh'),
	(6721, '547', 'X Bnh Tng'),
	(6722, '547', 'X Ty Vinh'),
	(6723, '547', 'X Vnh An'),
	(6724, '547', 'X Ty Xun'),
	(6725, '547', 'X Bnh Nghi'),
	(6726, '547', 'X Ty Ph'),
	(6727, '548', 'Th trn Ng My'),
	(6728, '548', 'X Ct Sn'),
	(6729, '548', 'X Ct Minh'),
	(6730, '548', 'Th trn Ct Khnh'),
	(6731, '548', 'X Ct Ti'),
	(6732, '548', 'X Ct Lm'),
	(6733, '548', 'X Ct Hanh'),
	(6734, '548', 'X Ct Thnh'),
	(6735, '548', 'X Ct Trinh'),
	(6736, '548', 'X Ct Hi'),
	(6737, '548', 'X Ct Hip'),
	(6738, '548', 'X Ct Nhn'),
	(6739, '548', 'X Ct Hng'),
	(6740, '548', 'X Ct Tng'),
	(6741, '548', 'X Ct Tn'),
	(6742, '548', 'Th trn Ct Tin'),
	(6743, '548', 'X Ct Thng'),
	(6744, '548', 'X Ct Chnh'),
	(6745, '549', 'Phng Bnh nh'),
	(6746, '549', 'Phng p '),
	(6747, '549', 'X Nhn M'),
	(6748, '549', 'Phng Nhn Thnh'),
	(6749, '549', 'X Nhn Hnh'),
	(6750, '549', 'X Nhn Hu'),
	(6751, '549', 'X Nhn Phong'),
	(6752, '549', 'X Nhn An'),
	(6753, '549', 'X Nhn Phc'),
	(6754, '549', 'Phng Nhn Hng'),
	(6755, '549', 'X Nhn Khnh'),
	(6756, '549', 'X Nhn Lc'),
	(6757, '549', 'Phng Nhn Ho'),
	(6758, '549', 'X Nhn Tn'),
	(6759, '549', 'X Nhn Th'),
	(6760, '550', 'Th trn Tuy Phc'),
	(6761, '550', 'Th trn Diu Tr'),
	(6762, '550', 'X Phc Thng'),
	(6763, '550', 'X Phc Hng'),
	(6764, '550', 'X Phc Quang'),
	(6765, '550', 'X Phc Ha'),
	(6766, '550', 'X Phc Sn'),
	(6767, '550', 'X Phc Hip'),
	(6768, '550', 'X Phc Lc'),
	(6769, '550', 'X Phc Ngha'),
	(6770, '550', 'X Phc Thun'),
	(6771, '550', 'X Phc An'),
	(6772, '550', 'X Phc Thnh'),
	(6773, '551', 'Th trn Vn Canh'),
	(6774, '551', 'X Canh Lin'),
	(6775, '551', 'X Canh Hip'),
	(6776, '551', 'X Canh Vinh'),
	(6777, '551', 'X Canh Hin'),
	(6778, '551', 'X Canh Thun'),
	(6779, '551', 'X Canh Ha'),
	(6780, '555', 'Phng 1'),
	(6781, '555', 'Phng 2'),
	(6782, '555', 'Phng 9'),
	(6783, '555', 'Phng 4'),
	(6784, '555', 'Phng 5'),
	(6785, '555', 'Phng 7'),
	(6786, '555', 'Phng Ph Thnh'),
	(6787, '555', 'Phng Ph ng'),
	(6788, '555', 'X Ha Kin'),
	(6789, '555', 'X Bnh Kin'),
	(6790, '555', 'X An Ph'),
	(6791, '555', 'Phng Ph Lm'),
	(6792, '557', 'Phng Xun Ph'),
	(6793, '557', 'X Xun Lm'),
	(6794, '557', 'Phng Xun Thnh'),
	(6795, '557', 'X Xun Hi'),
	(6796, '557', 'X Xun Lc'),
	(6797, '557', 'X Xun Bnh'),
	(6798, '557', 'X Xun Cnh'),
	(6799, '557', 'X Xun Thnh'),
	(6800, '557', 'X Xun Phng'),
	(6801, '557', 'Phng Xun Yn'),
	(6802, '557', 'X Xun Th 1'),
	(6803, '557', 'Phng Xun i'),
	(6804, '557', 'X Xun Th 2'),
	(6805, '558', 'Th trn La Hai'),
	(6806, '558', 'X a Lc'),
	(6807, '558', 'X Ph M'),
	(6808, '558', 'X Xun Lnh'),
	(6809, '558', 'X Xun Long'),
	(6810, '558', 'X Xun Quang 1'),
	(6811, '558', 'X Xun Sn Bc'),
	(6812, '558', 'X Xun Quang 2'),
	(6813, '558', 'X Xun Sn Nam'),
	(6814, '558', 'X Xun Quang 3'),
	(6815, '558', 'X Xun Phc'),
	(6816, '559', 'Th trn Ch Thnh'),
	(6817, '559', 'X An Dn'),
	(6818, '559', 'X An Ninh Ty'),
	(6819, '559', 'X An Ninh ng'),
	(6820, '559', 'X An Thch'),
	(6821, '559', 'X An nh'),
	(6822, '559', 'X An Nghip'),
	(6823, '559', 'X An C'),
	(6824, '559', 'X An Xun'),
	(6825, '559', 'X An Lnh'),
	(6826, '559', 'X An Ha Hi'),
	(6827, '559', 'X An Hip'),
	(6828, '559', 'X An M'),
	(6829, '559', 'X An Chn'),
	(6830, '559', 'X An Th'),
	(6831, '560', 'Th trn Cng Sn'),
	(6832, '560', 'X Phc Tn'),
	(6833, '560', 'X Sn Hi'),
	(6834, '560', 'X Sn nh'),
	(6835, '560', 'X Sn Long'),
	(6836, '560', 'X C Li'),
	(6837, '560', 'X Sn Phc'),
	(6838, '560', 'X Sn Xun'),
	(6839, '560', 'X Sn Nguyn'),
	(6840, '560', 'X Each Rang'),
	(6841, '560', 'X Krng Pa'),
	(6842, '560', 'X Sui Bc'),
	(6843, '560', 'X Sn H'),
	(6844, '560', 'X Sui Trai'),
	(6845, '561', 'Th trn Hai Ring'),
	(6846, '561', 'X Ea Lm'),
	(6847, '561', 'X c Bnh Ty'),
	(6848, '561', 'X Ea B'),
	(6849, '561', 'X Sn Giang'),
	(6850, '561', 'X c Bnh ng'),
	(6851, '561', 'X EaBar'),
	(6852, '561', 'X EaBia'),
	(6853, '561', 'X EaTrol'),
	(6854, '561', 'X Sng Hinh'),
	(6855, '561', 'X Ealy'),
	(6856, '562', 'X Sn Thnh Ty'),
	(6857, '562', 'X Sn Thnh ng'),
	(6858, '562', 'X Ha Bnh 1'),
	(6859, '562', 'Th trn Ph Th'),
	(6860, '562', 'X Ha Phong'),
	(6861, '562', 'X Ha Ph'),
	(6862, '562', 'X Ha Tn Ty'),
	(6863, '562', 'X Ha ng'),
	(6864, '562', 'X Ha M ng'),
	(6865, '562', 'X Ha M Ty'),
	(6866, '562', 'X Ha Thnh'),
	(6867, '563', 'X Ha Quang Bc'),
	(6868, '563', 'X Ha Quang Nam'),
	(6869, '563', 'X Ha Hi'),
	(6870, '563', 'X Ha Tr'),
	(6871, '563', 'X Ha An'),
	(6872, '563', 'X Ha nh ng'),
	(6873, '563', 'Th Trn Ph Ho'),
	(6874, '563', 'X Ha nh Ty'),
	(6875, '563', 'X Ha Thng'),
	(6876, '564', 'X Ha Thnh'),
	(6877, '564', 'Phng Ha Hip Bc'),
	(6878, '564', 'Phng Ho Vinh'),
	(6879, '564', 'Phng Ho Hip Trung'),
	(6880, '564', 'X Ha Tn ng'),
	(6881, '564', 'Phng Ha Xun Ty'),
	(6882, '564', 'Phng Ha Hip Nam'),
	(6883, '564', 'X Ha Xun ng'),
	(6884, '564', 'X Ha Tm'),
	(6885, '564', 'X Ha Xun Nam'),
	(6886, '568', 'Phng Vnh Ha'),
	(6887, '568', 'Phng Vnh Hi'),
	(6888, '568', 'Phng Vnh Phc'),
	(6889, '568', 'Phng Ngc Hip'),
	(6890, '568', 'Phng Vnh Th'),
	(6891, '568', 'Phng Vn Thnh'),
	(6892, '568', 'Phng Phng Si'),
	(6893, '568', 'Phng Phc Hi'),
	(6894, '568', 'Phng Lc Th'),
	(6895, '568', 'Phng Tn Tin'),
	(6896, '568', 'Phng Phc Ha'),
	(6897, '568', 'Phng Vnh Nguyn'),
	(6898, '568', 'Phng Phc Long'),
	(6899, '568', 'Phng Vnh Trng'),
	(6900, '568', 'X Vnh Lng'),
	(6901, '568', 'X Vnh Phng'),
	(6902, '568', 'X Vnh Ngc'),
	(6903, '568', 'X Vnh Thnh'),
	(6904, '568', 'X Vnh Trung'),
	(6905, '568', 'X Vnh Hip'),
	(6906, '568', 'X Vnh Thi'),
	(6907, '568', 'X Phc ng'),
	(6908, '569', 'Phng Cam Ngha'),
	(6909, '569', 'Phng Cam Phc Bc'),
	(6910, '569', 'Phng Cam Phc Nam'),
	(6911, '569', 'Phng Cam Lc'),
	(6912, '569', 'Phng Cam Ph'),
	(6913, '569', 'Phng Ba Ngi'),
	(6914, '569', 'Phng Cam Thun'),
	(6915, '569', 'Phng Cam Li'),
	(6916, '569', 'Phng Cam Linh'),
	(6917, '569', 'X Cam Thnh Nam'),
	(6918, '569', 'X Cam Phc ng'),
	(6919, '569', 'X Cam Thnh Ty'),
	(6920, '569', 'X Cam Thnh ng'),
	(6921, '569', 'X Cam Lp'),
	(6922, '569', 'X Cam Bnh'),
	(6923, '570', 'X Cam Tn'),
	(6924, '570', 'X Cam Ha'),
	(6925, '570', 'X Cam Hi ng'),
	(6926, '570', 'X Cam Hi Ty'),
	(6927, '570', 'X Sn Tn'),
	(6928, '570', 'X Cam Hip Bc'),
	(6929, '570', 'Th trn Cam c'),
	(6930, '570', 'X Cam Hip Nam'),
	(6931, '570', 'X Cam Phc Ty'),
	(6932, '570', 'X Cam Thnh Bc'),
	(6933, '570', 'X Cam An Bc'),
	(6934, '570', 'X Cam An Nam'),
	(6935, '570', 'X Sui Ct'),
	(6936, '570', 'X Sui Tn'),
	(6937, '571', 'Th trn Vn Gi'),
	(6938, '571', 'X i Lnh'),
	(6939, '571', 'X Vn Phc'),
	(6940, '571', 'X Vn Long'),
	(6941, '571', 'X Vn Bnh'),
	(6942, '571', 'X Vn Th'),
	(6943, '571', 'X Vn Khnh'),
	(6944, '571', 'X Vn Ph'),
	(6945, '571', 'X Vn Lng'),
	(6946, '571', 'X Vn Thng'),
	(6947, '571', 'X Vn Thnh'),
	(6948, '571', 'X Xun Sn'),
	(6949, '571', 'X Vn Hng'),
	(6950, '572', 'Phng Ninh Hip'),
	(6951, '572', 'X Ninh Sn'),
	(6952, '572', 'X Ninh Ty'),
	(6953, '572', 'X Ninh Thng'),
	(6954, '572', 'X Ninh An'),
	(6955, '572', 'Phng Ninh Hi'),
	(6956, '572', 'X Ninh Th'),
	(6957, '572', 'X Ninh Trung'),
	(6958, '572', 'X Ninh Sim'),
	(6959, '572', 'X Ninh Xun'),
	(6960, '572', 'X Ninh Thn'),
	(6961, '572', 'Phng Ninh Dim'),
	(6962, '572', 'X Ninh ng'),
	(6963, '572', 'Phng Ninh Thy'),
	(6964, '572', 'Phng Ninh a'),
	(6965, '572', 'X Ninh Phng'),
	(6966, '572', 'X Ninh Bnh'),
	(6967, '572', 'X Ninh Ph'),
	(6968, '572', 'X Ninh Tn'),
	(6969, '572', 'X Ninh Quang'),
	(6970, '572', 'Phng Ninh Giang'),
	(6971, '572', 'Phng Ninh H'),
	(6972, '572', 'X Ninh Hng'),
	(6973, '572', 'X Ninh Lc'),
	(6974, '572', 'X Ninh ch'),
	(6975, '572', 'X Ninh Phc'),
	(6976, '573', 'Th trn Khnh Vnh'),
	(6977, '573', 'X Khnh Hip'),
	(6978, '573', 'X Khnh Bnh'),
	(6979, '573', 'X Khnh Trung'),
	(6980, '573', 'X Khnh ng'),
	(6981, '573', 'X Khnh Thng'),
	(6982, '573', 'X Khnh Nam'),
	(6983, '573', 'X Sng Cu'),
	(6984, '573', 'X Giang Ly'),
	(6985, '573', 'X Cu B'),
	(6986, '573', 'X Lin Sang'),
	(6987, '573', 'X Khnh Thnh'),
	(6988, '573', 'X Khnh Ph'),
	(6989, '573', 'X Sn Thi'),
	(6990, '574', 'Th trn Din Khnh'),
	(6991, '574', 'X Din Lm'),
	(6992, '574', 'X Din in'),
	(6993, '574', 'X Xun ng'),
	(6994, '574', 'X Din Sn'),
	(6995, '574', 'X Din Ph'),
	(6996, '574', 'X Din Th'),
	(6997, '574', 'X Din Phc'),
	(6998, '574', 'X Din Lc'),
	(6999, '574', 'X Din Tn'),
	(7000, '574', 'X Din Ha'),
	(7001, '574', 'X Din Thnh'),
	(7002, '574', 'X Din Ton'),
	(7003, '574', 'X Din An'),
	(7004, '574', 'X Bnh Lc'),
	(7005, '574', 'X Sui Hip'),
	(7006, '574', 'X Sui Tin'),
	(7007, '575', 'Th trn T Hp'),
	(7008, '575', 'X Thnh Sn'),
	(7009, '575', 'X Sn Lm'),
	(7010, '575', 'X Sn Hip'),
	(7011, '575', 'X Sn Bnh'),
	(7012, '575', 'X Sn Trung'),
	(7013, '575', 'X Ba Cm Bc'),
	(7014, '575', 'X Ba Cm Nam'),
	(7015, '576', 'Th trn Trng Sa'),
	(7016, '576', 'X Song T Ty'),
	(7017, '576', 'X Sinh Tn'),
	(7018, '582', 'Phng  Vinh'),
	(7019, '582', 'Phng Phc M'),
	(7020, '582', 'Phng Bo An'),
	(7021, '582', 'Phng Ph H'),
	(7022, '582', 'Phng Kinh Dinh'),
	(7023, '582', 'Phng o Long'),
	(7024, '582', 'Phng i Sn'),
	(7025, '582', 'Phng ng Hi'),
	(7026, '582', 'Phng M ng'),
	(7027, '582', 'X Thnh Hi'),
	(7028, '582', 'Phng Vn Hi'),
	(7029, '582', 'Phng M Bnh'),
	(7030, '582', 'Phng M Hi'),
	(7031, '584', 'X Phc Bnh'),
	(7032, '584', 'X Phc Ha'),
	(7033, '584', 'X Phc Tn'),
	(7034, '584', 'X Phc Tin'),
	(7035, '584', 'X Phc Thng'),
	(7036, '584', 'X Phc Thnh'),
	(7037, '584', 'X Phc i'),
	(7038, '584', 'X Phc Chnh'),
	(7039, '584', 'X Phc Trung'),
	(7040, '585', 'Th trn Tn Sn'),
	(7041, '585', 'X Lm Sn'),
	(7042, '585', 'X Lng Sn'),
	(7043, '585', 'X Qung Sn'),
	(7044, '585', 'X M Sn'),
	(7045, '585', 'X Ha Sn'),
	(7046, '585', 'X Ma Ni'),
	(7047, '585', 'X Nhn Sn'),
	(7048, '586', 'Th trn Khnh Hi'),
	(7049, '586', 'X Vnh Hi'),
	(7050, '586', 'X Phng Hi'),
	(7051, '586', 'X Tn Hi'),
	(7052, '586', 'X Xun Hi'),
	(7053, '586', 'X H Hi'),
	(7054, '586', 'X Tri Hi'),
	(7055, '586', 'X Nhn Hi'),
	(7056, '586', 'X Thanh Hi'),
	(7057, '587', 'Th trn Phc Dn'),
	(7058, '587', 'X Phc Sn'),
	(7059, '587', 'X Phc Thi'),
	(7060, '587', 'X Phc Hu'),
	(7061, '587', 'X Phc Thun'),
	(7062, '587', 'X An Hi'),
	(7063, '587', 'X Phc Hu'),
	(7064, '587', 'X Phc Hi'),
	(7065, '587', 'X Phc Vinh'),
	(7066, '588', 'X Phc Chin'),
	(7067, '588', 'X Cng Hi'),
	(7068, '588', 'X Phc Khng'),
	(7069, '588', 'X Li Hi'),
	(7070, '588', 'X Bc Sn'),
	(7071, '588', 'X Bc Phong'),
	(7072, '589', 'X Phc H'),
	(7073, '589', 'X Phc Nam'),
	(7074, '589', 'X Phc Ninh'),
	(7075, '589', 'X Nh H'),
	(7076, '589', 'X Phc Dinh'),
	(7077, '589', 'X Phc Minh'),
	(7078, '589', 'X Phc Dim'),
	(7079, '589', 'X C N'),
	(7080, '593', 'Phng Mi N'),
	(7081, '593', 'Phng Hm Tin'),
	(7082, '593', 'Phng Ph Hi'),
	(7083, '593', 'Phng Ph Thy'),
	(7084, '593', 'Phng Ph Ti'),
	(7085, '593', 'Phng Ph Trinh'),
	(7086, '593', 'Phng Xun An'),
	(7087, '593', 'Phng Thanh Hi'),
	(7088, '593', 'Phng Lc o'),
	(7089, '593', 'Phng Bnh Hng'),
	(7090, '593', 'Phng c Long'),
	(7091, '593', 'X Thin Nghip'),
	(7092, '593', 'X Phong Nm'),
	(7093, '593', 'X Tin Li'),
	(7094, '593', 'X Tin Thnh'),
	(7095, '594', 'Phng Phc Hi'),
	(7096, '594', 'Phng Phc Lc'),
	(7097, '594', 'Phng Tn Thin'),
	(7098, '594', 'Phng Tn An'),
	(7099, '594', 'Phng Bnh Tn'),
	(7100, '594', 'X Tn Hi'),
	(7101, '594', 'X Tn Tin'),
	(7102, '594', 'X Tn Bnh'),
	(7103, '594', 'X Tn Phc'),
	(7104, '595', 'Th trn Lin Hng'),
	(7105, '595', 'Th trn Phan R Ca'),
	(7106, '595', 'X Phan Dng'),
	(7107, '595', 'X Phong Ph'),
	(7108, '595', 'X Vnh Ho'),
	(7109, '595', 'X Vnh Tn'),
	(7110, '595', 'X Ph Lc'),
	(7111, '595', 'X Phc Th'),
	(7112, '595', 'X Ha Minh'),
	(7113, '595', 'X Ch Cng'),
	(7114, '595', 'X Bnh Thnh'),
	(7115, '596', 'Th trn Ch Lu'),
	(7116, '596', 'X Phan Sn'),
	(7117, '596', 'X Phan Lm'),
	(7118, '596', 'X Bnh An'),
	(7119, '596', 'X Phan in'),
	(7120, '596', 'X Hi Ninh'),
	(7121, '596', 'X Sng Ly'),
	(7122, '596', 'X Phan Tin'),
	(7123, '596', 'X Sng Bnh'),
	(7124, '596', 'Th trn Lng Sn'),
	(7125, '596', 'X Phan Ha'),
	(7126, '596', 'X Phan Thanh'),
	(7127, '596', 'X Hng Thi'),
	(7128, '596', 'X Phan Hip'),
	(7129, '596', 'X Bnh Tn'),
	(7130, '596', 'X Phan R Thnh'),
	(7131, '596', 'X Ha Thng'),
	(7132, '596', 'X Hng Phong'),
	(7133, '597', 'Th trn Ma Lm'),
	(7134, '597', 'Th trn Ph Long'),
	(7135, '597', 'X La D'),
	(7136, '597', 'X ng Tin'),
	(7137, '597', 'X Thun Ha'),
	(7138, '597', 'X ng Giang'),
	(7139, '597', 'X Hm Ph'),
	(7140, '597', 'X Hng Lim'),
	(7141, '597', 'X Thun Minh'),
	(7142, '597', 'X Hng Sn'),
	(7143, '597', 'X Hm Tr'),
	(7144, '597', 'X Hm c'),
	(7145, '597', 'X Hm Lim'),
	(7146, '597', 'X Hm Chnh'),
	(7147, '597', 'X Hm Hip'),
	(7148, '597', 'X Hm Thng'),
	(7149, '597', 'X a Mi'),
	(7150, '598', 'Th trn Thun Nam'),
	(7151, '598', 'X M Thnh'),
	(7152, '598', 'X Hm Cn'),
	(7153, '598', 'X Mng Mn'),
	(7154, '598', 'X Hm Thnh'),
	(7155, '598', 'X Hm Kim'),
	(7156, '598', 'X Hm Cng'),
	(7157, '598', 'X Hm M'),
	(7158, '598', 'X Tn Lp'),
	(7159, '598', 'X Hm Minh'),
	(7160, '598', 'X Thun Qu'),
	(7161, '598', 'X Tn Thun'),
	(7162, '598', 'X Tn Thnh'),
	(7163, '599', 'Th trn Lc Tnh'),
	(7164, '599', 'X Bc Rung'),
	(7165, '599', 'X Ngh c'),
	(7166, '599', 'X La Ngu'),
	(7167, '599', 'X Huy Khim'),
	(7168, '599', 'X Mng T'),
	(7169, '599', 'X c Ph'),
	(7170, '599', 'X ng Kho'),
	(7171, '599', 'X Gia An'),
	(7172, '599', 'X c Bnh'),
	(7173, '599', 'X Gia Huynh'),
	(7174, '599', 'X c Thun'),
	(7175, '599', 'X Sui Kit'),
	(7176, '600', 'Th trn V Xu'),
	(7177, '600', 'Th trn c Ti'),
	(7178, '600', 'X a Kai'),
	(7179, '600', 'X Sng Nhn'),
	(7180, '600', 'X M Pu'),
	(7181, '600', 'X Nam Chnh'),
	(7182, '600', 'X c Hnh'),
	(7183, '600', 'X c Tn'),
	(7184, '600', 'X V Ho'),
	(7185, '600', 'X Tn H'),
	(7186, '600', 'X ng H'),
	(7187, '600', 'X Tr Tn'),
	(7188, '601', 'Th trn Tn Minh'),
	(7189, '601', 'Th trn Tn Ngha'),
	(7190, '601', 'X Sng Phan'),
	(7191, '601', 'X Tn Phc'),
	(7192, '601', 'X Tn c'),
	(7193, '601', 'X Tn Thng'),
	(7194, '601', 'X Thng Hi'),
	(7195, '601', 'X Tn H'),
	(7196, '601', 'X Tn Xun'),
	(7197, '601', 'X Sn M'),
	(7198, '602', 'X Ng Phng'),
	(7199, '602', 'X Long Hi'),
	(7200, '602', 'X Tam Thanh'),
	(7201, '608', 'Phng Quang Trung'),
	(7202, '608', 'Phng Duy Tn'),
	(7203, '608', 'Phng Quyt Thng'),
	(7204, '608', 'Phng Trng Chinh'),
	(7205, '608', 'Phng Thng Li'),
	(7206, '608', 'Phng Ng My'),
	(7207, '608', 'Phng Thng Nht'),
	(7208, '608', 'Phng L Li'),
	(7209, '608', 'Phng Nguyn Tri'),
	(7210, '608', 'Phng Trn Hng o'),
	(7211, '608', 'X k Cm'),
	(7212, '608', 'X Kroong'),
	(7213, '608', 'X Ngk Bay'),
	(7214, '608', 'X Vinh Quang'),
	(7215, '608', 'X k Bl'),
	(7216, '608', 'X Ia Chim'),
	(7217, '608', 'X k Nng'),
	(7218, '608', 'X on Kt'),
	(7219, '608', 'X Ch Hreng'),
	(7220, '608', 'X k R Wa'),
	(7221, '608', 'X Ha Bnh'),
	(7222, '610', 'Th trn k Glei'),
	(7223, '610', 'X k Bl'),
	(7224, '610', 'X k Man'),
	(7225, '610', 'X k Nhoong'),
	(7226, '610', 'X k Pk'),
	(7227, '610', 'X k Choong'),
	(7228, '610', 'X Xp'),
	(7229, '610', 'X Mng Hoong'),
	(7230, '610', 'X Ngc Linh'),
	(7231, '610', 'X k Long'),
	(7232, '610', 'X k KRoong'),
	(7233, '610', 'X k Mn'),
	(7234, '611', 'Th trn Plei Kn'),
	(7235, '611', 'X k Ang'),
	(7236, '611', 'X k Dc'),
	(7237, '611', 'X k Nng'),
	(7238, '611', 'X k X'),
	(7239, '611', 'X k Kan'),
	(7240, '611', 'X B Y'),
	(7241, '611', 'X Sa Loong'),
	(7242, '612', 'Th trn k T'),
	(7243, '612', 'X k R Nga'),
	(7244, '612', 'X Ngk T'),
	(7245, '612', 'X k Trm'),
	(7246, '612', 'X Vn Lem'),
	(7247, '612', 'X Kon o'),
	(7248, '612', 'X Tn Cnh'),
	(7249, '612', 'X Din Bnh'),
	(7250, '612', 'X P K'),
	(7251, '613', 'X k Nn'),
	(7252, '613', 'X k Ring'),
	(7253, '613', 'X Mng Buk'),
	(7254, '613', 'X k Tng'),
	(7255, '613', 'X Ngok Tem'),
	(7256, '613', 'X P '),
	(7257, '613', 'X Mng Cnh'),
	(7258, '613', 'Th trn Mng en'),
	(7259, '613', 'X Hiu'),
	(7260, '614', 'Th trn k Rve'),
	(7261, '614', 'X k Ki'),
	(7262, '614', 'X k T Lung'),
	(7263, '614', 'X k Rung'),
	(7264, '614', 'X k Pne'),
	(7265, '614', 'X k T Re'),
	(7266, '614', 'X Tn Lp'),
	(7267, '615', 'Th trn k H'),
	(7268, '615', 'X k PXi'),
	(7269, '615', 'X k Long'),
	(7270, '615', 'X k HRing'),
	(7271, '615', 'X k Ui'),
	(7272, '615', 'X k Ngk'),
	(7273, '615', 'X k Mar'),
	(7274, '615', 'X Ngok Wang'),
	(7275, '615', 'X Ngok Ro'),
	(7276, '615', 'X H Mn'),
	(7277, '615', 'X k La'),
	(7278, '616', 'Th trn Sa Thy'),
	(7279, '616', 'X R Ki'),
	(7280, '616', 'X Sa Nhn'),
	(7281, '616', 'X H Moong'),
	(7282, '616', 'X M Rai'),
	(7283, '616', 'X Sa Sn'),
	(7284, '616', 'X Sa Ngha'),
	(7285, '616', 'X Sa Bnh'),
	(7286, '616', 'X Ya Xir'),
	(7287, '616', 'X Ya Tng'),
	(7288, '616', 'X Ya ly'),
	(7289, '617', 'X Ngc Ly'),
	(7290, '617', 'X k Na'),
	(7291, '617', 'X Mng Ri'),
	(7292, '617', 'X Ngc Yu'),
	(7293, '617', 'X k Sao'),
	(7294, '617', 'X k R ng'),
	(7295, '617', 'X k T Kan'),
	(7296, '617', 'X Tu M Rng'),
	(7297, '617', 'X k H'),
	(7298, '617', 'X T Xng'),
	(7299, '617', 'X Vn Xui'),
	(7300, '618', 'X Ia al'),
	(7301, '618', 'X Ia Dom'),
	(7302, '618', 'X Ia Ti'),
	(7303, '622', 'Phng Yn '),
	(7304, '622', 'Phng Din Hng'),
	(7305, '622', 'Phng Ia Kring'),
	(7306, '622', 'Phng Hi Thng'),
	(7307, '622', 'Phng Hi Ph'),
	(7308, '622', 'Phng Ph ng'),
	(7309, '622', 'Phng Hoa L'),
	(7310, '622', 'Phng Ty Sn'),
	(7311, '622', 'Phng Thng Nht'),
	(7312, '622', 'Phng ng a'),
	(7313, '622', 'Phng Tr B'),
	(7314, '622', 'Phng Thng Li'),
	(7315, '622', 'Phng Yn Th'),
	(7316, '622', 'Phng Chi Lng'),
	(7317, '622', 'X Bin H'),
	(7318, '622', 'X Tr a'),
	(7319, '622', 'X Ch '),
	(7320, '622', 'X An Ph'),
	(7321, '622', 'X Din Ph'),
	(7322, '622', 'X Ia Knh'),
	(7323, '622', 'X Go'),
	(7324, '623', 'Phng An Bnh'),
	(7325, '623', 'Phng Ty Sn'),
	(7326, '623', 'Phng An Ph'),
	(7327, '623', 'Phng An Tn'),
	(7328, '623', 'X T An'),
	(7329, '623', 'X Xun An'),
	(7330, '623', 'X Cu An'),
	(7331, '623', 'Phng An Phc'),
	(7332, '623', 'X Song An'),
	(7333, '623', 'Phng Ng My'),
	(7334, '623', 'X Thnh An'),
	(7335, '624', 'Phng Cheo Reo'),
	(7336, '624', 'Phng Ha Bnh'),
	(7337, '624', 'Phng on Kt'),
	(7338, '624', 'Phng Sng B'),
	(7339, '624', 'X Ia RBol'),
	(7340, '624', 'X Ch Bh'),
	(7341, '624', 'X Ia RT'),
	(7342, '624', 'X Ia Sao'),
	(7343, '625', 'Th trn KBang'),
	(7344, '625', 'X Kon Pne'),
	(7345, '625', 'X k Roong'),
	(7346, '625', 'X Sn Lang'),
	(7347, '625', 'X KRong'),
	(7348, '625', 'X S Pai'),
	(7349, '625', 'X L Ku'),
	(7350, '625', 'X ng'),
	(7351, '625', 'X ak SMar'),
	(7352, '625', 'X Ngha An'),
	(7353, '625', 'X T Tung'),
	(7354, '625', 'X Kng Lng Khng'),
	(7355, '625', 'X Kng B La'),
	(7356, '626', 'Th trn k oa'),
	(7357, '626', 'X H ng'),
	(7358, '626', 'X k Smei'),
	(7359, '626', 'X k Krong'),
	(7360, '626', 'X Hi Yang'),
	(7361, '626', 'X Kon Gang'),
	(7362, '626', 'X H Bu'),
	(7363, '626', 'X Nam Yang'),
	(7364, '626', 'X K'' Dang'),
	(7365, '626', 'X H'' Neng'),
	(7366, '626', 'X Tn Bnh'),
	(7367, '626', 'X Glar'),
	(7368, '626', 'X A Dk'),
	(7369, '626', 'X Trang'),
	(7370, '626', 'X HNol'),
	(7371, '626', 'X Ia Pt'),
	(7372, '626', 'X Ia Bng'),
	(7373, '627', 'Th trn Ph Ha'),
	(7374, '627', 'X H Ty'),
	(7375, '627', 'X Ia Khl'),
	(7376, '627', 'X Ia Ph'),
	(7377, '627', 'Th trn Ia Ly'),
	(7378, '627', 'X Ia M Nng'),
	(7379, '627', 'X Ia Kreng'),
	(7380, '627', 'X k T Ver'),
	(7381, '627', 'X Ha Ph'),
	(7382, '627', 'X Ch ng Ya'),
	(7383, '627', 'X Ia Ka'),
	(7384, '627', 'X Ia Nhin'),
	(7385, '627', 'X Ngha Ha'),
	(7386, '627', 'X Ngha Hng'),
	(7387, '628', 'Th trn Ia Kha'),
	(7388, '628', 'X Ia Sao'),
	(7389, '628', 'X Ia Yok'),
	(7390, '628', 'X Ia Hrung'),
	(7391, '628', 'X Ia B'),
	(7392, '628', 'X Ia Khai'),
	(7393, '628', 'X Ia KRai'),
	(7394, '628', 'X Ia Grng'),
	(7395, '628', 'X Ia T'),
	(7396, '628', 'X Ia O'),
	(7397, '628', 'X Ia Dr'),
	(7398, '628', 'X Ia Chia'),
	(7399, '628', 'X Ia Pch'),
	(7400, '629', 'Th trn Kon Dng'),
	(7401, '629', 'X Ayun'),
	(7402, '629', 'X ak J Ta'),
	(7403, '629', 'X ak Ta Ley'),
	(7404, '629', 'X Hra'),
	(7405, '629', 'X k Y'),
	(7406, '629', 'X k Djrng'),
	(7407, '629', 'X L Pang'),
	(7408, '629', 'X Kon Thp'),
	(7409, '629', 'X  Ar'),
	(7410, '629', 'X Kon Ching'),
	(7411, '629', 'X k Tri'),
	(7412, '630', 'Th trn Kng Chro'),
	(7413, '630', 'X Ch Kry'),
	(7414, '630', 'X An Trung'),
	(7415, '630', 'X Kng Yang'),
	(7416, '630', 'X k T Pang'),
	(7417, '630', 'X SR'),
	(7418, '630', 'X k K Ning'),
	(7419, '630', 'X k Song'),
	(7420, '630', 'X k Pling'),
	(7421, '630', 'X Yang Trung'),
	(7422, '630', 'X k P Pho'),
	(7423, '630', 'X Ya Ma'),
	(7424, '630', 'X Ch Long'),
	(7425, '630', 'X Yang Nam'),
	(7426, '631', 'Th trn Ch Ty'),
	(7427, '631', 'X Ia Dk'),
	(7428, '631', 'X Ia Krl'),
	(7429, '631', 'X Ia Din'),
	(7430, '631', 'X Ia Kla'),
	(7431, '631', 'X Ia Dom'),
	(7432, '631', 'X Ia Lang'),
	(7433, '631', 'X Ia Kring'),
	(7434, '631', 'X Ia Pnn'),
	(7435, '631', 'X Ia Nan'),
	(7436, '632', 'Th trn Ch Prng'),
	(7437, '632', 'X Ia Kly'),
	(7438, '632', 'X Bnh Gio'),
	(7439, '632', 'X Ia Drng'),
	(7440, '632', 'X Thng Hng'),
	(7441, '632', 'X Bu Cn'),
	(7442, '632', 'X Ia Phn'),
	(7443, '632', 'X Ia Bng'),
	(7444, '632', 'X Ia Tr'),
	(7445, '632', 'X Ia Bong'),
	(7446, '632', 'X Ia O'),
	(7447, '632', 'X Ia Pch'),
	(7448, '632', 'X Ia Me'),
	(7449, '632', 'X Ia V'),
	(7450, '632', 'X Ia Bang'),
	(7451, '632', 'X Ia Pia'),
	(7452, '632', 'X Ia Ga'),
	(7453, '632', 'X Ia Lu'),
	(7454, '632', 'X Ia Pir'),
	(7455, '632', 'X Ia M'),
	(7456, '633', 'Th trn Ch S'),
	(7457, '633', 'X Ia Tim'),
	(7458, '633', 'X Ch Png'),
	(7459, '633', 'X Bar Mih'),
	(7460, '633', 'X B Ngoong'),
	(7461, '633', 'X Ia Glai'),
	(7462, '633', 'X AL B'),
	(7463, '633', 'X Kng HTok'),
	(7464, '633', 'X AYun'),
	(7465, '633', 'X Ia HLp'),
	(7466, '633', 'X Ia Blang'),
	(7467, '633', 'X Dun'),
	(7468, '633', 'X Ia Pal'),
	(7469, '633', 'X H Bng'),
	(7470, '633', 'X Ia Ko'),
	(7471, '634', 'X H Tam'),
	(7472, '634', 'X An Thnh'),
	(7473, '634', 'Th trn ak P'),
	(7474, '634', 'X Yang Bc'),
	(7475, '634', 'X C An'),
	(7476, '634', 'X Tn An'),
	(7477, '634', 'X Ph An'),
	(7478, '634', 'X Ya Hi'),
	(7479, '635', 'X P T'),
	(7480, '635', 'X Ch Rng'),
	(7481, '635', 'X Ia KDm'),
	(7482, '635', 'X Kim Tn'),
	(7483, '635', 'X Ch M'),
	(7484, '635', 'X Ia Tul'),
	(7485, '635', 'X Ia Ma Rn'),
	(7486, '635', 'X Ia Broi'),
	(7487, '635', 'X Ia Trok'),
	(7488, '637', 'Th trn Ph Tc'),
	(7489, '637', 'X Ia RSai'),
	(7490, '637', 'X Ia RSm'),
	(7491, '637', 'X Ch Gu'),
	(7492, '637', 'X t Bng'),
	(7493, '637', 'X Ia Mlh'),
	(7494, '637', 'X Ch Drng'),
	(7495, '637', 'X Ph Cn'),
	(7496, '637', 'X Ia HDreh'),
	(7497, '637', 'X Ia RMok'),
	(7498, '637', 'X Ch Ngc'),
	(7499, '637', 'X Uar'),
	(7500, '637', 'X Ch Rcm'),
	(7501, '637', 'X Krng Nng'),
	(7502, '638', 'Th trn Ph Thin'),
	(7503, '638', 'X Ch A Thai'),
	(7504, '638', 'X Ayun H'),
	(7505, '638', 'X Ia Ake'),
	(7506, '638', 'X Ia Sol'),
	(7507, '638', 'X Ia Piar'),
	(7508, '638', 'X Ia Peng'),
	(7509, '638', 'X Chrh Pnan'),
	(7510, '638', 'X Ia Hiao'),
	(7511, '638', 'X Ia Yeng'),
	(7512, '639', 'Th trn Nhn Ho'),
	(7513, '639', 'X Ia Hr'),
	(7514, '639', 'X Ia Rong'),
	(7515, '639', 'X Ia Dreng'),
	(7516, '639', 'X Ia Hla'),
	(7517, '639', 'X Ch Don'),
	(7518, '639', 'X Ia Phang'),
	(7519, '639', 'X Ia Le'),
	(7520, '639', 'X Ia BL'),
	(7521, '643', 'Phng Tn Lp'),
	(7522, '643', 'Phng Tn Ha'),
	(7523, '643', 'Phng Tn An'),
	(7524, '643', 'Phng Thnh Nht'),
	(7525, '643', 'Phng Thnh Cng'),
	(7526, '643', 'Phng Tn Li'),
	(7527, '643', 'Phng Tn Thnh'),
	(7528, '643', 'Phng Tn Tin'),
	(7529, '643', 'Phng T An'),
	(7530, '643', 'Phng Ea Tam'),
	(7531, '643', 'Phng Khnh Xun'),
	(7532, '643', 'X Ha Thun'),
	(7533, '643', 'X C Bur'),
	(7534, '643', 'X Ea Tu'),
	(7535, '643', 'X Ha Thng'),
	(7536, '643', 'X Ea Kao'),
	(7537, '643', 'X Ha Ph'),
	(7538, '643', 'X Ha Khnh'),
	(7539, '643', 'X Ha Xun'),
	(7540, '644', 'Phng An Lc'),
	(7541, '644', 'Phng An Bnh'),
	(7542, '644', 'Phng Thin An'),
	(7543, '644', 'Phng t Hiu'),
	(7544, '644', 'Phng on Kt'),
	(7545, '644', 'X Ea Drng'),
	(7546, '644', 'Phng Thng Nht'),
	(7547, '644', 'Phng Bnh Tn'),
	(7548, '644', 'X Ea Sin'),
	(7549, '644', 'X Bnh Thun'),
	(7550, '644', 'X C Bao'),
	(7551, '645', 'Th trn Ea Drng'),
	(7552, '645', 'X Ea H''leo'),
	(7553, '645', 'X Ea Sol'),
	(7554, '645', 'X Ea Ral'),
	(7555, '645', 'X Ea Wy'),
	(7556, '645', 'X C A Mung'),
	(7557, '645', 'X C Mt'),
	(7558, '645', 'X Ea Hiao'),
	(7559, '645', 'X Ea Khal'),
	(7560, '645', 'X Dli Yang'),
	(7561, '645', 'X Ea Tir'),
	(7562, '645', 'X Ea Nam'),
	(7563, '646', 'Th trn Ea Sp'),
	(7564, '646', 'X Ia Lp'),
	(7565, '646', 'X Ia JLi'),
	(7566, '646', 'X Ea Rk'),
	(7567, '646', 'X Ya T Mt'),
	(7568, '646', 'X Ia RV'),
	(7569, '646', 'X Ea L'),
	(7570, '646', 'X C KBang'),
	(7571, '646', 'X Ea Bung'),
	(7572, '646', 'X C M''Lan'),
	(7573, '647', 'X Krng Na'),
	(7574, '647', 'X Ea Huar'),
	(7575, '647', 'X Ea Wer'),
	(7576, '647', 'X Tn Ho'),
	(7577, '647', 'X Cur KNia'),
	(7578, '647', 'X Ea Bar'),
	(7579, '647', 'X Ea Nul'),
	(7580, '648', 'Th trn Ea Pk'),
	(7581, '648', 'Th trn Qung Ph'),
	(7582, '648', 'X Qung Tin'),
	(7583, '648', 'X Ea Kuh'),
	(7584, '648', 'X Ea Kit'),
	(7585, '648', 'X Ea Tar'),
	(7586, '648', 'X C Dli M''nng'),
	(7587, '648', 'X Ea H''inh'),
	(7588, '648', 'X Ea Tul'),
	(7589, '648', 'X Ea KPam'),
	(7590, '648', 'X Ea M''DRh'),
	(7591, '648', 'X Qung Hip'),
	(7592, '648', 'X C M''gar'),
	(7593, '648', 'X Ea D''Rng'),
	(7594, '648', 'X Ea M''nang'),
	(7595, '648', 'X C Su'),
	(7596, '648', 'X Cuor ng'),
	(7597, '649', 'X C N'),
	(7598, '649', 'X Ch KB'),
	(7599, '649', 'X C Png'),
	(7600, '649', 'X Ea Sin'),
	(7601, '649', 'Th trn Png Drang'),
	(7602, '649', 'X Tn Lp'),
	(7603, '649', 'X Ea Ngai'),
	(7604, '650', 'Th trn Krng Nng'),
	(7605, '650', 'X Li Ya'),
	(7606, '650', 'X Ea Th'),
	(7607, '650', 'X Ea Tam'),
	(7608, '650', 'X Ph Lc'),
	(7609, '650', 'X Tam Giang'),
	(7610, '650', 'X Ea Puk'),
	(7611, '650', 'X Ea Dh'),
	(7612, '650', 'X Ea H'),
	(7613, '650', 'X Ph Xun'),
	(7614, '650', 'X C Klng'),
	(7615, '650', 'X Ea Tn'),
	(7616, '651', 'Th trn Ea Kar'),
	(7617, '651', 'Th trn Ea Knp'),
	(7618, '651', 'X Ea S'),
	(7619, '651', 'X Ea Sar'),
	(7620, '651', 'X Xun Ph'),
	(7621, '651', 'X C Hu'),
	(7622, '651', 'X Ea Tih'),
	(7623, '651', 'X Ea ar'),
	(7624, '651', 'X Ea Kmt'),
	(7625, '651', 'X C Ni'),
	(7626, '651', 'X Ea Pl'),
	(7627, '651', 'X C Prng'),
	(7628, '651', 'X Ea '),
	(7629, '651', 'X C ELang'),
	(7630, '651', 'X C Bng'),
	(7631, '651', 'X C Jang'),
	(7632, '652', 'Th trn M''rk'),
	(7633, '652', 'X C Prao'),
	(7634, '652', 'X Ea Pil'),
	(7635, '652', 'X Ea Lai'),
	(7636, '652', 'X Ea H''MLay'),
	(7637, '652', 'X Krng Jing'),
	(7638, '652', 'X Ea M'' Doal'),
	(7639, '652', 'X Ea Ring'),
	(7640, '652', 'X C M''ta'),
	(7641, '652', 'X C K Ra'),
	(7642, '652', 'X Krng '),
	(7643, '652', 'X C San'),
	(7644, '652', 'X Ea Trang'),
	(7645, '653', 'Th trn Krng Kmar'),
	(7646, '653', 'X Dang Kang'),
	(7647, '653', 'X C KTy'),
	(7648, '653', 'X Ha Thnh'),
	(7649, '653', 'X Ha Phong'),
	(7650, '653', 'X Ha L'),
	(7651, '653', 'X Yang Reh'),
	(7652, '653', 'X Ea Trul'),
	(7653, '653', 'X Khu Ngc in'),
	(7654, '653', 'X C Pui'),
	(7655, '653', 'X Ha Sn'),
	(7656, '653', 'X C Drm'),
	(7657, '653', 'X Yang Mao'),
	(7658, '654', 'Th trn Phc An'),
	(7659, '654', 'X KRng Bk'),
	(7660, '654', 'X Ea Kly'),
	(7661, '654', 'X Ea Knh'),
	(7662, '654', 'X Ea Ph'),
	(7663, '654', 'X Ea KNuec'),
	(7664, '654', 'X Ea Yng'),
	(7665, '654', 'X Ha An'),
	(7666, '654', 'X Ea Kung'),
	(7667, '654', 'X Ha ng'),
	(7668, '654', 'X Ea Hiu'),
	(7669, '654', 'X Ha Tin'),
	(7670, '654', 'X Tn Tin'),
	(7671, '654', 'X V Bn'),
	(7672, '654', 'X Ea Uy'),
	(7673, '654', 'X Ea Ying'),
	(7674, '655', 'Th trn Bun Trp'),
	(7675, '655', 'X Dray Sp'),
	(7676, '655', 'X Ea Na'),
	(7677, '655', 'X Ea Bng'),
	(7678, '655', 'X Bng A Drnh'),
	(7679, '655', 'X Dur KMl'),
	(7680, '655', 'X Bnh Ha'),
	(7681, '655', 'X Qung in'),
	(7682, '656', 'Th trn Lin Sn'),
	(7683, '656', 'X Yang Tao'),
	(7684, '656', 'X Bng Krang'),
	(7685, '656', 'X k Ling'),
	(7686, '656', 'X Bun Trit'),
	(7687, '656', 'X Bun Tra'),
	(7688, '656', 'X k Phi'),
	(7689, '656', 'X k Nu'),
	(7690, '656', 'X Krng N'),
	(7691, '656', 'X Nam Ka'),
	(7692, '656', 'X Ea R''Bin'),
	(7693, '657', 'X Ea Ning'),
	(7694, '657', 'X C  Wi'),
	(7695, '657', 'X Ea Ktur'),
	(7696, '657', 'X Ea Tiu'),
	(7697, '657', 'X Ea BHk'),
	(7698, '657', 'X Ea Hu'),
	(7699, '657', 'X Dray Bhng'),
	(7700, '657', 'X Ha Hip'),
	(7701, '660', 'Phng Ngha c'),
	(7702, '660', 'Phng Ngha Thnh'),
	(7703, '660', 'Phng Ngha Ph'),
	(7704, '660', 'Phng Ngha Tn'),
	(7705, '660', 'Phng Ngha Trung'),
	(7706, '660', 'X k R''Moan'),
	(7707, '660', 'Phng Qung Thnh'),
	(7708, '660', 'X k Nia'),
	(7709, '661', 'X Qung Sn'),
	(7710, '661', 'X Qung Ho'),
	(7711, '661', 'X k Ha'),
	(7712, '661', 'X k R''Mng'),
	(7713, '661', 'X Qung Kh'),
	(7714, '661', 'X k Plao'),
	(7715, '661', 'X k Som'),
	(7716, '662', 'Th trn Ea T''Ling'),
	(7717, '662', 'X k Wil'),
	(7718, '662', 'X Ea P'),
	(7719, '662', 'X Nam Dong'),
	(7720, '662', 'X k DRng'),
	(7721, '662', 'X Tm Thng'),
	(7722, '662', 'X C Knia'),
	(7723, '662', 'X Trc Sn'),
	(7724, '663', 'Th trn k Mil'),
	(7725, '663', 'X  k Lao'),
	(7726, '663', 'X k R''La'),
	(7727, '663', 'X k Gn'),
	(7728, '663', 'X c Mnh'),
	(7729, '663', 'X k N''Drt'),
	(7730, '663', 'X Long Sn'),
	(7731, '663', 'X k Sk'),
	(7732, '663', 'X Thun An'),
	(7733, '663', 'X c Minh'),
	(7734, '664', 'Th trn k Mm'),
	(7735, '664', 'X k Sr'),
	(7736, '664', 'X Nam Xun'),
	(7737, '664', 'X Bun Choah'),
	(7738, '664', 'X Nam '),
	(7739, '664', 'X Tn Thnh'),
	(7740, '664', 'X k Dr'),
	(7741, '664', 'X Nm Nung'),
	(7742, '664', 'X c Xuyn'),
	(7743, '664', 'X k Nang'),
	(7744, '664', 'X Qung Ph'),
	(7745, '664', 'X Nm N''ir'),
	(7746, '665', 'Th trn c An'),
	(7747, '665', 'X k Ml'),
	(7748, '665', 'X k Ha'),
	(7749, '665', 'X Nam Bnh'),
	(7750, '665', 'X Thun H'),
	(7751, '665', 'X Thun Hnh'),
	(7752, '665', 'X k N''Dung'),
	(7753, '665', 'X Nm N''Jang'),
	(7754, '665', 'X Trng Xun'),
	(7755, '666', 'Th trn Kin c'),
	(7756, '666', 'X Qung Tn'),
	(7757, '666', 'X k Wer'),
	(7758, '666', 'X Nhn C'),
	(7759, '666', 'X Kin Thnh'),
	(7760, '666', 'X Ngha Thng'),
	(7761, '666', 'X o Ngha'),
	(7762, '666', 'X k Sin'),
	(7763, '666', 'X Hng Bnh'),
	(7764, '666', 'X k Ru'),
	(7765, '666', 'X Nhn o'),
	(7766, '667', 'X Qung Trc'),
	(7767, '667', 'X k Bk So'),
	(7768, '667', 'X Qung Tm'),
	(7769, '667', 'X k R''Th'),
	(7770, '667', 'X k Ngo'),
	(7771, '667', 'X Qung Tn'),
	(7772, '672', 'Phng 7'),
	(7773, '672', 'Phng 8'),
	(7774, '672', 'Phng 12'),
	(7775, '672', 'Phng 9'),
	(7776, '672', 'Phng 2'),
	(7777, '672', 'Phng 1'),
	(7778, '672', 'Phng 6'),
	(7779, '672', 'Phng 5'),
	(7780, '672', 'Phng 4'),
	(7781, '672', 'Phng 10'),
	(7782, '672', 'Phng 11'),
	(7783, '672', 'Phng 3'),
	(7784, '672', 'X Xun Th'),
	(7785, '672', 'X T Nung'),
	(7786, '672', 'X Trm Hnh'),
	(7787, '672', 'X Xun Trng'),
	(7788, '673', 'Phng Lc Pht'),
	(7789, '673', 'Phng Lc Tin'),
	(7790, '673', 'Phng 2'),
	(7791, '673', 'Phng 1'),
	(7792, '673', 'Phng B''lao'),
	(7793, '673', 'Phng Lc Sn'),
	(7794, '673', 'X m Bri'),
	(7795, '673', 'X Lc Thanh'),
	(7796, '673', 'X Lc Nga'),
	(7797, '673', 'X Lc Chu'),
	(7798, '673', 'X i Lo'),
	(7799, '674', 'X  Tng'),
	(7800, '674', 'X  Long'),
	(7801, '674', 'X  M'' Rong'),
	(7802, '674', 'X Ling Srnh'),
	(7803, '674', 'X  Rsal'),
	(7804, '674', 'X R Men'),
	(7805, '674', 'X Phi Ling'),
	(7806, '674', 'X  K'' Nng'),
	(7807, '675', 'Th trn Lc Dng'),
	(7808, '675', 'X  Chais'),
	(7809, '675', 'X  Nhim'),
	(7810, '675', 'X ng KN'),
	(7811, '675', 'X Lt'),
	(7812, '675', 'X  Sar'),
	(7813, '676', 'Th trn Nam Ban'),
	(7814, '676', 'Th trn inh Vn'),
	(7815, '676', 'X Ph Sn'),
	(7816, '676', 'X Phi T'),
	(7817, '676', 'X M Linh'),
	(7818, '676', 'X  n'),
	(7819, '676', 'X Phc Th'),
	(7820, '676', 'X ng Thanh'),
	(7821, '676', 'X Gia Lm'),
	(7822, '676', 'X Tn Thanh'),
	(7823, '676', 'X Tn Vn'),
	(7824, '676', 'X Hoi c'),
	(7825, '676', 'X Tn H'),
	(7826, '676', 'X Lin H'),
	(7827, '676', 'X an Phng'),
	(7828, '676', 'X Nam H'),
	(7829, '677', 'Th trn D''Ran'),
	(7830, '677', 'Th trn Thnh M'),
	(7831, '677', 'X Lc Xun'),
	(7832, '677', 'X  Rn'),
	(7833, '677', 'X Lc Lm'),
	(7834, '677', 'X Ka '),
	(7835, '677', 'X Ka n'),
	(7836, '677', 'X Tu Tra'),
	(7837, '677', 'X Qung Lp'),
	(7838, '678', 'Th trn Lin Ngha'),
	(7839, '678', 'X Hip An'),
	(7840, '678', 'X Lin Hip'),
	(7841, '678', 'X Hip Thnh'),
	(7842, '678', 'X Bnh Thnh'),
	(7843, '678', 'X N''Thol H'),
	(7844, '678', 'X Tn Hi'),
	(7845, '678', 'X Tn Thnh'),
	(7846, '678', 'X Ph Hi'),
	(7847, '678', 'X Ninh Gia'),
	(7848, '678', 'X T Nng'),
	(7849, '678', 'X a Quyn'),
	(7850, '678', 'X T Hine'),
	(7851, '678', 'X  Loan'),
	(7852, '678', 'X Ninh Loan'),
	(7853, '679', 'Th trn Di Linh'),
	(7854, '679', 'X inh Trang Thng'),
	(7855, '679', 'X Tn Thng'),
	(7856, '679', 'X Tn Lm'),
	(7857, '679', 'X Tn Chu'),
	(7858, '679', 'X Tn Ngha'),
	(7859, '679', 'X Gia Hip'),
	(7860, '679', 'X inh Lc'),
	(7861, '679', 'X Tam B'),
	(7862, '679', 'X inh Trang Ha'),
	(7863, '679', 'X Lin m'),
	(7864, '679', 'X Gung R'),
	(7865, '679', 'X Bo Thun'),
	(7866, '679', 'X Ha Ninh'),
	(7867, '679', 'X Ha Trung'),
	(7868, '679', 'X Ha Nam'),
	(7869, '679', 'X Ha Bc'),
	(7870, '679', 'X Sn in'),
	(7871, '679', 'X Gia Bc'),
	(7872, '680', 'Th trn Lc Thng'),
	(7873, '680', 'X Lc Bo'),
	(7874, '680', 'X Lc Lm'),
	(7875, '680', 'X Lc Ph'),
	(7876, '680', 'X Lc Bc'),
	(7877, '680', 'X B'' L'),
	(7878, '680', 'X Lc Ngi'),
	(7879, '680', 'X Lc Qung'),
	(7880, '680', 'X Lc Tn'),
	(7881, '680', 'X Lc c'),
	(7882, '680', 'X Lc An'),
	(7883, '680', 'X Tn Lc'),
	(7884, '680', 'X Lc Thnh'),
	(7885, '680', 'X Lc Nam'),
	(7886, '682', 'Th trn  M''ri'),
	(7887, '682', 'Th trn Ma a Gui'),
	(7888, '682', 'X  M''ri'),
	(7889, '682', 'X H Lm'),
	(7890, '682', 'X  Oai'),
	(7891, '682', 'X B Gia'),
	(7892, '682', 'X Ma a Gui'),
	(7893, '682', 'Th trn  Th'),
	(7894, '682', 'X An Nhn'),
	(7895, '682', 'X Quc Oai'),
	(7896, '682', 'X M c'),
	(7897, '682', 'X Qung Tr'),
	(7898, '682', 'X  Ly'),
	(7899, '682', 'X  Kho'),
	(7900, '682', 'X  Pal'),
	(7901, '682', 'Th trn Ct Tin'),
	(7902, '682', 'X Tin Hong'),
	(7903, '682', 'X Phc Ct 2'),
	(7904, '682', 'X Gia Vin'),
	(7905, '682', 'X Nam Ninh'),
	(7906, '682', 'X M Lm'),
	(7907, '682', 'X T Ngha'),
	(7908, '682', 'Th trn Phc Ct '),
	(7909, '682', 'X c Ph'),
	(7910, '682', 'X Ph M'),
	(7911, '682', 'X Qung Ngi'),
	(7912, '682', 'X ng Nai Thng'),
	(7913, '688', 'Phng Thc M'),
	(7914, '688', 'Phng Long Thy'),
	(7915, '688', 'Phng Phc Bnh'),
	(7916, '688', 'Phng Long Phc'),
	(7917, '688', 'Phng Sn Giang'),
	(7918, '688', 'X Long Giang'),
	(7919, '688', 'X Phc Tn'),
	(7920, '689', 'Phng Tn Ph'),
	(7921, '689', 'Phng Tn ng'),
	(7922, '689', 'Phng Tn Bnh'),
	(7923, '689', 'Phng Tn Xun'),
	(7924, '689', 'Phng Tn Thin'),
	(7925, '689', 'X Tn Thnh'),
	(7926, '689', 'Phng Tin Thnh'),
	(7927, '689', 'X Tin Hng'),
	(7928, '690', 'Phng Hng Chin'),
	(7929, '690', 'Phng An Lc'),
	(7930, '690', 'Phng Ph Thnh'),
	(7931, '690', 'Phng Ph c'),
	(7932, '690', 'X Thanh Lng'),
	(7933, '690', 'X Thanh Ph'),
	(7934, '691', 'X B Gia Mp'),
	(7935, '691', 'X ak '),
	(7936, '691', 'X c Hnh'),
	(7937, '691', 'X Ph Vn'),
	(7938, '691', 'X a Kia'),
	(7939, '691', 'X Phc Minh'),
	(7940, '691', 'X Bnh Thng'),
	(7941, '691', 'X Ph Ngha'),
	(7942, '692', 'Th trn Lc Ninh'),
	(7943, '692', 'X Lc Ha'),
	(7944, '692', 'X Lc An'),
	(7945, '692', 'X Lc Tn'),
	(7946, '692', 'X Lc Thnh'),
	(7947, '692', 'X Lc Hip'),
	(7948, '692', 'X Lc Thin'),
	(7949, '692', 'X Lc Thun'),
	(7950, '692', 'X Lc Quang'),
	(7951, '692', 'X Lc Ph'),
	(7952, '692', 'X Lc Thnh'),
	(7953, '692', 'X Lc Thi'),
	(7954, '692', 'X Lc in'),
	(7955, '692', 'X Lc Hng'),
	(7956, '692', 'X Lc Thnh'),
	(7957, '692', 'X Lc Khnh'),
	(7958, '693', 'Th trn Thanh Bnh'),
	(7959, '693', 'X Hng Phc'),
	(7960, '693', 'X Phc Thin'),
	(7961, '693', 'X Thin Hng'),
	(7962, '693', 'X Thanh Ha'),
	(7963, '693', 'X Tn Thnh'),
	(7964, '693', 'X Tn Tin'),
	(7965, '694', 'X Thanh An'),
	(7966, '694', 'X An Khng'),
	(7967, '694', 'X An Ph'),
	(7968, '694', 'X Tn Li'),
	(7969, '694', 'X Tn Hng'),
	(7970, '694', 'X Minh c'),
	(7971, '694', 'X Minh Tm'),
	(7972, '694', 'X Phc An'),
	(7973, '694', 'X Thanh Bnh'),
	(7974, '694', 'Th trn Tn Khai'),
	(7975, '694', 'X ng N'),
	(7976, '694', 'X Tn Hip'),
	(7977, '694', 'X Tn Quan'),
	(7978, '695', 'Th trn Tn Ph'),
	(7979, '695', 'X Thun Li'),
	(7980, '695', 'X ng Tm'),
	(7981, '695', 'X Tn Phc'),
	(7982, '695', 'X Tn Hng'),
	(7983, '695', 'X Tn Li'),
	(7984, '695', 'X Tn Lp'),
	(7985, '695', 'X Tn Ha'),
	(7986, '695', 'X Thun Ph'),
	(7987, '695', 'X ng Tin'),
	(7988, '695', 'X Tn Tin'),
	(7989, '696', 'Th trn c Phong'),
	(7990, '696', 'X ng 10'),
	(7991, '696', 'X ak Nhau'),
	(7992, '696', 'X Ph Sn'),
	(7993, '696', 'X Th Sn'),
	(7994, '696', 'X Bnh Minh'),
	(7995, '696', 'X Bom Bo'),
	(7996, '696', 'X Minh Hng'),
	(7997, '696', 'X on Kt'),
	(7998, '696', 'X ng Nai'),
	(7999, '696', 'X c Liu'),
	(8000, '696', 'X Thng Nht'),
	(8001, '696', 'X Ngha Trung'),
	(8002, '696', 'X Ngha Bnh'),
	(8003, '696', 'X ng H'),
	(8004, '696', 'X Phc Sn'),
	(8005, '697', 'Phng Hng Long'),
	(8006, '697', 'Phng Thnh Tm'),
	(8007, '697', 'X Minh Lp'),
	(8008, '697', 'X Quang Minh'),
	(8009, '697', 'Phng Minh Hng'),
	(8010, '697', 'Phng Minh Long'),
	(8011, '697', 'Phng Minh Thnh'),
	(8012, '697', 'X Nha Bch'),
	(8013, '697', 'X Minh Thng'),
	(8014, '698', 'X Long Bnh'),
	(8015, '698', 'X Bnh Tn'),
	(8016, '698', 'X Bnh Sn'),
	(8017, '698', 'X Long Hng'),
	(8018, '698', 'X Phc Tn'),
	(8019, '698', 'X B Nho'),
	(8020, '698', 'X Long H'),
	(8021, '698', 'X Long Tn'),
	(8022, '698', 'X Ph Trung'),
	(8023, '698', 'X Ph Ring'),
	(8024, '703', 'Phng 1'),
	(8025, '703', 'Phng 3'),
	(8026, '703', 'Phng 4'),
	(8027, '703', 'Phng Hip Ninh'),
	(8028, '703', 'Phng 2'),
	(8029, '703', 'X Thnh Tn'),
	(8030, '703', 'X Tn Bnh'),
	(8031, '703', 'X Bnh Minh'),
	(8032, '703', 'Phng Ninh Sn'),
	(8033, '703', 'Phng Ninh Thnh'),
	(8034, '705', 'Th trn Tn Bin'),
	(8035, '705', 'X Tn Lp'),
	(8036, '705', 'X Thnh Bc'),
	(8037, '705', 'X Tn Bnh'),
	(8038, '705', 'X Thnh Bnh'),
	(8039, '705', 'X Thnh Ty'),
	(8040, '705', 'X Ha Hip'),
	(8041, '705', 'X Tn Phong'),
	(8042, '705', 'X M Cng'),
	(8043, '705', 'X Tr Vong'),
	(8044, '706', 'Th trn Tn Chu'),
	(8045, '706', 'X Tn H'),
	(8046, '706', 'X Tn ng'),
	(8047, '706', 'X Tn Hi'),
	(8048, '706', 'X Tn Ha'),
	(8049, '706', 'X Sui Ng'),
	(8050, '706', 'X Sui Dy'),
	(8051, '706', 'X Tn Hip'),
	(8052, '706', 'X Thnh ng'),
	(8053, '706', 'X Tn Thnh'),
	(8054, '706', 'X Tn Ph'),
	(8055, '706', 'X Tn Hng'),
	(8056, '707', 'Th trn Dng Minh Chu'),
	(8057, '707', 'X Sui '),
	(8058, '707', 'X Phan'),
	(8059, '707', 'X Phc Ninh'),
	(8060, '707', 'X Phc Minh'),
	(8061, '707', 'X Bu Nng'),
	(8062, '707', 'X Ch L'),
	(8063, '707', 'X Cu Khi'),
	(8064, '707', 'X Bn Ci'),
	(8065, '707', 'X Lc Ninh'),
	(8066, '707', 'X Trung Mt'),
	(8067, '708', 'Th trn Chu Thnh'),
	(8068, '708', 'X Ho c'),
	(8069, '708', 'X Phc Vinh'),
	(8070, '708', 'X ng Khi'),
	(8071, '708', 'X Thi Bnh'),
	(8072, '708', 'X An C'),
	(8073, '708', 'X Bin Gii'),
	(8074, '708', 'X Ha Thnh'),
	(8075, '708', 'X Tr Bnh'),
	(8076, '708', 'X Ha Hi'),
	(8077, '708', 'X An Bnh'),
	(8078, '708', 'X Thanh in'),
	(8079, '708', 'X Thnh Long'),
	(8080, '708', 'X Ninh in'),
	(8081, '708', 'X Long Vnh'),
	(8082, '709', 'Phng Long Hoa'),
	(8083, '709', 'Phng Hip Tn'),
	(8084, '709', 'Phng Long Thnh Bc'),
	(8085, '709', 'X Trng Ha'),
	(8086, '709', 'X Trng ng'),
	(8087, '709', 'Phng Long Thnh Trung'),
	(8088, '709', 'X Trng Ty'),
	(8089, '709', 'X Long Thnh Nam'),
	(8090, '710', 'Th trn G Du'),
	(8091, '710', 'X Thnh c'),
	(8092, '710', 'X Cm Giang'),
	(8093, '710', 'X Hip Thnh'),
	(8094, '710', 'X Bu n'),
	(8095, '710', 'X Phc Thnh'),
	(8096, '710', 'X Phc ng'),
	(8097, '710', 'X Phc Trch'),
	(8098, '710', 'X Thanh Phc'),
	(8099, '711', 'Th trn Bn Cu'),
	(8100, '711', 'X Long Ch'),
	(8101, '711', 'X Long Phc'),
	(8102, '711', 'X Long Giang'),
	(8103, '711', 'X Tin Thun'),
	(8104, '711', 'X Long Khnh'),
	(8105, '711', 'X Li Thun'),
	(8106, '711', 'X Long Thun'),
	(8107, '711', 'X An Thnh'),
	(8108, '712', 'Phng Trng Bng'),
	(8109, '712', 'X n Thun'),
	(8110, '712', 'X Hng Thun'),
	(8111, '712', 'Phng Lc Hng'),
	(8112, '712', 'Phng Gia Lc'),
	(8113, '712', 'Phng Gia Bnh'),
	(8114, '712', 'X Phc Bnh'),
	(8115, '712', 'Phng An Tnh'),
	(8116, '712', 'Phng An Ha'),
	(8117, '712', 'X Phc Ch'),
	(8118, '718', 'Phng Hip Thnh'),
	(8119, '718', 'Phng Ph Li'),
	(8120, '718', 'Phng Ph Cng'),
	(8121, '718', 'Phng Ph Ha'),
	(8122, '718', 'Phng Ph Th'),
	(8123, '718', 'Phng Chnh Ngha'),
	(8124, '718', 'Phng nh Ho'),
	(8125, '718', 'Phng Ho Ph'),
	(8126, '718', 'Phng Ph M'),
	(8127, '718', 'Phng Ph Tn'),
	(8128, '718', 'Phng Tn An'),
	(8129, '718', 'Phng Hip An'),
	(8130, '718', 'Phng Tng Bnh Hip'),
	(8131, '718', 'Phng Chnh M'),
	(8132, '719', 'X Tr Vn Th'),
	(8133, '719', 'X Cy Trng II'),
	(8134, '719', 'Th trn Lai Uyn'),
	(8135, '719', 'X Tn Hng'),
	(8136, '719', 'X Long Nguyn'),
	(8137, '719', 'X Hng Ha'),
	(8138, '719', 'X Lai Hng'),
	(8139, '720', 'Th trn Du Ting'),
	(8140, '720', 'X Minh Ho'),
	(8141, '720', 'X Minh Thnh'),
	(8142, '720', 'X Minh Tn'),
	(8143, '720', 'X nh An'),
	(8144, '720', 'X Long Ho'),
	(8145, '720', 'X nh Thnh'),
	(8146, '720', 'X nh Hip'),
	(8147, '720', 'X An Lp'),
	(8148, '720', 'X Long Tn'),
	(8149, '720', 'X Thanh An'),
	(8150, '720', 'X Thanh Tuyn'),
	(8151, '721', 'Phng M Phc'),
	(8152, '721', 'Phng Chnh Ph Ha'),
	(8153, '721', 'Phng An in'),
	(8154, '721', 'Phng An Ty'),
	(8155, '721', 'Phng Thi Ha'),
	(8156, '721', 'Phng Ha Li'),
	(8157, '721', 'Phng Tn nh'),
	(8158, '721', 'X Ph An'),
	(8159, '722', 'Th trn Phc Vnh'),
	(8160, '722', 'X An Linh'),
	(8161, '722', 'X Phc Sang'),
	(8162, '722', 'X An Thi'),
	(8163, '722', 'X An Long'),
	(8164, '722', 'X An Bnh'),
	(8165, '722', 'X Tn Hip'),
	(8166, '722', 'X Tam Lp'),
	(8167, '722', 'X Tn Long'),
	(8168, '722', 'X Vnh Ho'),
	(8169, '722', 'X Phc Ho'),
	(8170, '723', 'Phng Uyn Hng'),
	(8171, '723', 'Phng Tn Phc Khnh'),
	(8172, '723', 'Phng Vnh Tn'),
	(8173, '723', 'Phng Hi Ngha'),
	(8174, '723', 'Phng Tn Hip'),
	(8175, '723', 'Phng Khnh Bnh'),
	(8176, '723', 'Phng Ph Chnh'),
	(8177, '723', 'X Bch ng'),
	(8178, '723', 'Phng Tn Vnh Hip'),
	(8179, '723', 'Phng Thnh Phc'),
	(8180, '723', 'X Thnh Hi'),
	(8181, '723', 'Phng Thi Ha'),
	(8182, '724', 'Phng D An'),
	(8183, '724', 'Phng Tn Bnh'),
	(8184, '724', 'Phng Tn ng Hip'),
	(8185, '724', 'Phng Bnh An'),
	(8186, '724', 'Phng Bnh Thng'),
	(8187, '724', 'Phng ng Ha'),
	(8188, '724', 'Phng An Bnh'),
	(8189, '725', 'Phng An Thnh'),
	(8190, '725', 'Phng Li Thiu'),
	(8191, '725', 'Phng Bnh Chun'),
	(8192, '725', 'Phng Thun Giao'),
	(8193, '725', 'Phng An Ph'),
	(8194, '725', 'Phng Hng nh'),
	(8195, '725', 'X An Sn'),
	(8196, '725', 'Phng Bnh Nhm'),
	(8197, '725', 'Phng Bnh Ha'),
	(8198, '725', 'Phng Vnh Ph'),
	(8199, '726', 'X Tn nh'),
	(8200, '726', 'X Bnh M'),
	(8201, '726', 'Th trn Tn Bnh'),
	(8202, '726', 'X Tn Lp'),
	(8203, '726', 'Th trn Tn Thnh'),
	(8204, '726', 'X t Cuc'),
	(8205, '726', 'X Hiu Lim'),
	(8206, '726', 'X Lc An'),
	(8207, '726', 'X Tn M'),
	(8208, '726', 'X Thng Tn'),
	(8209, '731', 'Phng Trng Di'),
	(8210, '731', 'Phng Tn Phong'),
	(8211, '731', 'Phng Tn Bin'),
	(8212, '731', 'Phng H Nai'),
	(8213, '731', 'Phng Tn Ha'),
	(8214, '731', 'Phng Tn Hip'),
	(8215, '731', 'Phng Bu Long'),
	(8216, '731', 'Phng Tn Mai'),
	(8217, '731', 'Phng Tam Hip'),
	(8218, '731', 'Phng Long Bnh'),
	(8219, '731', 'Phng Quang Vinh'),
	(8220, '731', 'Phng Thng Nht'),
	(8221, '731', 'Phng Trung Dng'),
	(8222, '731', 'Phng Bnh a'),
	(8223, '731', 'Phng An Bnh'),
	(8224, '731', 'Phng Bu Ha'),
	(8225, '731', 'Phng Long Bnh Tn'),
	(8226, '731', 'Phng Tn Vn'),
	(8227, '731', 'Phng Tn Hnh'),
	(8228, '731', 'Phng Hip Ha'),
	(8229, '731', 'Phng Ha An'),
	(8230, '731', 'Phng An Ha'),
	(8231, '731', 'Phng Tam Phc'),
	(8232, '731', 'Phng Phc Tn'),
	(8233, '731', 'X Long Hng'),
	(8234, '732', 'Phng Xun Bnh'),
	(8235, '732', 'Phng Xun An'),
	(8236, '732', 'Phng Xun Ho'),
	(8237, '732', 'Phng Ph Bnh'),
	(8238, '732', 'X Bnh Lc'),
	(8239, '732', 'X Bo Quang'),
	(8240, '732', 'Phng Sui Tre'),
	(8241, '732', 'Phng Bo Vinh'),
	(8242, '732', 'Phng Xun Lp'),
	(8243, '732', 'Phng Bu Sen'),
	(8244, '732', 'X Bu Trm'),
	(8245, '732', 'Phng Xun Tn'),
	(8246, '732', 'X Hng Gn'),
	(8247, '734', 'Th trn Tn Ph'),
	(8248, '734', 'X Dak Lua'),
	(8249, '734', 'X Nam Ct Tin'),
	(8250, '734', 'X Ph An'),
	(8251, '734', 'X T Li'),
	(8252, '734', 'X Ph Lp'),
	(8253, '734', 'X Ph Thnh'),
	(8254, '734', 'X Thanh Sn'),
	(8255, '734', 'X Ph Sn'),
	(8256, '734', 'X Ph Xun'),
	(8257, '734', 'X Ph Lc'),
	(8258, '734', 'X Ph Lm'),
	(8259, '734', 'X Ph Bnh'),
	(8260, '734', 'X Ph Thanh'),
	(8261, '734', 'X Tr C'),
	(8262, '734', 'X Ph in'),
	(8263, '735', 'Th trn Vnh An'),
	(8264, '735', 'X Ph L'),
	(8265, '735', 'X Tr An'),
	(8266, '735', 'X Tn An'),
	(8267, '735', 'X Vnh Tn'),
	(8268, '735', 'X Bnh Li'),
	(8269, '735', 'X Thnh Ph'),
	(8270, '735', 'X Thin Tn'),
	(8271, '735', 'X Tn Bnh'),
	(8272, '735', 'X M '),
	(8273, '736', 'Th trn nh Qun'),
	(8274, '736', 'X Thanh Sn'),
	(8275, '736', 'X Ph Tn'),
	(8276, '736', 'X Ph Vinh'),
	(8277, '736', 'X Ph Li'),
	(8278, '736', 'X Ph Ha'),
	(8279, '736', 'X Ngc nh'),
	(8280, '736', 'X La Ng'),
	(8281, '736', 'X Gia Canh'),
	(8282, '736', 'X Ph Ngc'),
	(8283, '736', 'X Ph Cng'),
	(8284, '736', 'X Tc Trng'),
	(8285, '736', 'X Ph Tc'),
	(8286, '736', 'X Sui Nho'),
	(8287, '737', 'Th trn Trng Bom'),
	(8288, '737', 'X Thanh Bnh'),
	(8289, '737', 'X Cy Go'),
	(8290, '737', 'X Bu Hm'),
	(8291, '737', 'X Sng Thao'),
	(8292, '737', 'X Sng Tru'),
	(8293, '737', 'X ng Ho'),
	(8294, '737', 'X Bc Sn'),
	(8295, '737', 'X H Nai 3'),
	(8296, '737', 'X Ty Ho'),
	(8297, '737', 'X Bnh Minh'),
	(8298, '737', 'X Trung Ho'),
	(8299, '737', 'X i 61'),
	(8300, '737', 'X Hng Thnh'),
	(8301, '737', 'X Qung Tin'),
	(8302, '737', 'X Giang in'),
	(8303, '737', 'X An Vin'),
	(8304, '738', 'X Gia Tn 1'),
	(8305, '738', 'X Gia Tn 2'),
	(8306, '738', 'X Gia Tn 3'),
	(8307, '738', 'X Gia Kim'),
	(8308, '738', 'X Quang Trung'),
	(8309, '738', 'X Bu Hm 2'),
	(8310, '738', 'X Hng Lc'),
	(8311, '738', 'X L 25'),
	(8312, '738', 'X Xun Thin'),
	(8313, '738', 'Th trn Du Giy'),
	(8314, '739', 'X Sng Nhn'),
	(8315, '739', 'X Xun Qu'),
	(8316, '739', 'X Nhn Ngha'),
	(8317, '739', 'X Xun ng'),
	(8318, '739', 'Th trn Long Giao'),
	(8319, '739', 'X Xun M'),
	(8320, '739', 'X Tha c'),
	(8321, '739', 'X Bo Bnh'),
	(8322, '739', 'X Xun Bo'),
	(8323, '739', 'X Xun Ty'),
	(8324, '739', 'X Xun ng'),
	(8325, '739', 'X Sng Ray'),
	(8326, '739', 'X Lm San'),
	(8327, '740', 'Th trn Long Thnh'),
	(8328, '740', 'X An Phc'),
	(8329, '740', 'X Bnh An'),
	(8330, '740', 'X Long c'),
	(8331, '740', 'X Lc An'),
	(8332, '740', 'X Bnh Sn'),
	(8333, '740', 'X Tam An'),
	(8334, '740', 'X Cm ng'),
	(8335, '740', 'X Long An'),
	(8336, '740', 'X Bu Cn'),
	(8337, '740', 'X Long Phc'),
	(8338, '740', 'X Phc Bnh'),
	(8339, '740', 'X Tn Hip'),
	(8340, '740', 'X Phc Thi'),
	(8341, '741', 'Th trn Gia Ray'),
	(8342, '741', 'X Xun Bc'),
	(8343, '741', 'X Sui Cao'),
	(8344, '741', 'X Xun Thnh'),
	(8345, '741', 'X Xun Th'),
	(8346, '741', 'X Xun Trng'),
	(8347, '741', 'X Xun Ha'),
	(8348, '741', 'X Xun Hng'),
	(8349, '741', 'X Xun Tm'),
	(8350, '741', 'X Sui Ct'),
	(8351, '741', 'X Xun Hip'),
	(8352, '741', 'X Xun Ph'),
	(8353, '741', 'X Xun nh'),
	(8354, '741', 'X Bo Ho'),
	(8355, '741', 'X Lang Minh'),
	(8356, '742', 'X Phc Thin'),
	(8357, '742', 'X Long Tn'),
	(8358, '742', 'X i Phc'),
	(8359, '742', 'Th trn Hip Phc'),
	(8360, '742', 'X Ph Hu'),
	(8361, '742', 'X Ph Hi'),
	(8362, '742', 'X Ph Thnh'),
	(8363, '742', 'X Ph ng'),
	(8364, '742', 'X Long Th'),
	(8365, '742', 'X Vnh Thanh'),
	(8366, '742', 'X Phc Khnh'),
	(8367, '742', 'X Phc An'),
	(8368, '747', 'Phng 1'),
	(8369, '747', 'Phng Thng Tam'),
	(8370, '747', 'Phng 2'),
	(8371, '747', 'Phng 3'),
	(8372, '747', 'Phng 4'),
	(8373, '747', 'Phng 5'),
	(8374, '747', 'Phng Thng Nh'),
	(8375, '747', 'Phng 7'),
	(8376, '747', 'Phng Nguyn An Ninh'),
	(8377, '747', 'Phng 8'),
	(8378, '747', 'Phng 9'),
	(8379, '747', 'Phng Thng Nht'),
	(8380, '747', 'Phng Rch Da'),
	(8381, '747', 'Phng 10'),
	(8382, '747', 'Phng 11'),
	(8383, '747', 'Phng 12'),
	(8384, '747', 'X Long Sn'),
	(8385, '748', 'Phng Phc Hng'),
	(8386, '748', 'Phng Phc Hip'),
	(8387, '748', 'Phng Phc Nguyn'),
	(8388, '748', 'Phng Long Ton'),
	(8389, '748', 'Phng Long Tm'),
	(8390, '748', 'Phng Phc Trung'),
	(8391, '748', 'Phng Long Hng'),
	(8392, '748', 'Phng Kim Dinh'),
	(8393, '748', 'X Tn Hng'),
	(8394, '748', 'X Long Phc'),
	(8395, '748', 'X Ho Long'),
	(8396, '750', 'X Bu Chinh'),
	(8397, '750', 'Th trn Ngi Giao'),
	(8398, '750', 'X Bnh Ba'),
	(8399, '750', 'X Sui Ngh'),
	(8400, '750', 'X Xun Sn'),
	(8401, '750', 'X Sn Bnh'),
	(8402, '750', 'X Bnh Gi'),
	(8403, '750', 'X Bnh Trung'),
	(8404, '750', 'X X Bang'),
	(8405, '750', 'X C B'),
	(8406, '750', 'X Lng Ln'),
	(8407, '750', 'X Qung Thnh'),
	(8408, '750', 'X Kim Long'),
	(8409, '750', 'X Sui Rao'),
	(8410, '750', 'X  Bc'),
	(8411, '750', 'X Ngha Thnh'),
	(8412, '751', 'Th trn Phc Bu'),
	(8413, '751', 'X Phc Thun'),
	(8414, '751', 'X Phc Tn'),
	(8415, '751', 'X Xuyn Mc'),
	(8416, '751', 'X Bng Trang'),
	(8417, '751', 'X Tn Lm'),
	(8418, '751', 'X Bu Lm'),
	(8419, '751', 'X Ha Bnh'),
	(8420, '751', 'X Ha Hng'),
	(8421, '751', 'X Ha Hip'),
	(8422, '751', 'X Ha Hi'),
	(8423, '751', 'X Bng Ring'),
	(8424, '751', 'X Bnh Chu'),
	(8425, '752', 'Th trn Long in'),
	(8426, '752', 'Th trn Long Hi'),
	(8427, '752', 'X An Ngi'),
	(8428, '752', 'X Tam Phc'),
	(8429, '752', 'X An Nht'),
	(8430, '752', 'X Phc Tnh'),
	(8431, '752', 'X Phc Hng'),
	(8432, '753', 'Th trn t '),
	(8433, '753', 'X Phc Long Th'),
	(8434, '753', 'X Phc Hi'),
	(8435, '753', 'X Long M'),
	(8436, '753', 'Th trn Phc Hi'),
	(8437, '753', 'X Long Tn'),
	(8438, '753', 'X Lng Di'),
	(8439, '753', 'X Lc An'),
	(8440, '754', 'Phng Ph M'),
	(8441, '754', 'X Tn Ho'),
	(8442, '754', 'X Tn Hi'),
	(8443, '754', 'Phng Phc Ho'),
	(8444, '754', 'Phng Tn Phc'),
	(8445, '754', 'Phng M Xun'),
	(8446, '754', 'X Sng Xoi'),
	(8447, '754', 'Phng Hc Dch'),
	(8448, '754', 'X Chu Pha'),
	(8449, '754', 'X Tc Tin'),
	(8450, '755', ''),
	(8451, '760', 'Phng Tn nh'),
	(8452, '760', 'Phng a Kao'),
	(8453, '760', 'Phng Bn Ngh'),
	(8454, '760', 'Phng Bn Thnh'),
	(8455, '760', 'Phng Nguyn Thi Bnh'),
	(8456, '760', 'Phng Phm Ng Lo'),
	(8457, '760', 'Phng Cu ng Lnh'),
	(8458, '760', 'Phng C Giang'),
	(8459, '760', 'Phng Nguyn C Trinh'),
	(8460, '760', 'Phng Cu Kho'),
	(8461, '761', 'Phng Thnh Xun'),
	(8462, '761', 'Phng Thnh Lc'),
	(8463, '761', 'Phng Hip Thnh'),
	(8464, '761', 'Phng Thi An'),
	(8465, '761', 'Phng Tn Chnh Hip'),
	(8466, '761', 'Phng An Ph ng'),
	(8467, '761', 'Phng Tn Thi Hip'),
	(8468, '761', 'Phng Trung M Ty'),
	(8469, '761', 'Phng Tn Hng Thun'),
	(8470, '761', 'Phng ng Hng Thun'),
	(8471, '761', 'Phng Tn Thi Nht'),
	(8472, '764', 'Phng 15'),
	(8473, '764', 'Phng 13'),
	(8474, '764', 'Phng 17'),
	(8475, '764', 'Phng 6'),
	(8476, '764', 'Phng 16'),
	(8477, '764', 'Phng 12'),
	(8478, '764', 'Phng 14'),
	(8479, '764', 'Phng 10'),
	(8480, '764', 'Phng 05'),
	(8481, '764', 'Phng 07'),
	(8482, '764', 'Phng 04'),
	(8483, '764', 'Phng 01'),
	(8484, '764', 'Phng 9'),
	(8485, '764', 'Phng 8'),
	(8486, '764', 'Phng 11'),
	(8487, '764', 'Phng 03'),
	(8488, '765', 'Phng 13'),
	(8489, '765', 'Phng 11'),
	(8490, '765', 'Phng 27'),
	(8491, '765', 'Phng 26'),
	(8492, '765', 'Phng 12'),
	(8493, '765', 'Phng 25'),
	(8494, '765', 'Phng 05'),
	(8495, '765', 'Phng 07'),
	(8496, '765', 'Phng 24'),
	(8497, '765', 'Phng 06'),
	(8498, '765', 'Phng 14'),
	(8499, '765', 'Phng 15'),
	(8500, '765', 'Phng 02'),
	(8501, '765', 'Phng 01'),
	(8502, '765', 'Phng 03'),
	(8503, '765', 'Phng 17'),
	(8504, '765', 'Phng 21'),
	(8505, '765', 'Phng 22'),
	(8506, '765', 'Phng 19'),
	(8507, '765', 'Phng 28'),
	(8508, '766', 'Phng 02'),
	(8509, '766', 'Phng 04'),
	(8510, '766', 'Phng 12'),
	(8511, '766', 'Phng 13'),
	(8512, '766', 'Phng 01'),
	(8513, '766', 'Phng 03'),
	(8514, '766', 'Phng 11'),
	(8515, '766', 'Phng 07'),
	(8516, '766', 'Phng 05'),
	(8517, '766', 'Phng 10'),
	(8518, '766', 'Phng 06'),
	(8519, '766', 'Phng 08'),
	(8520, '766', 'Phng 09'),
	(8521, '766', 'Phng 14'),
	(8522, '766', 'Phng 15'),
	(8523, '767', 'Phng Tn Sn Nh'),
	(8524, '767', 'Phng Ty Thnh'),
	(8525, '767', 'Phng Sn K'),
	(8526, '767', 'Phng Tn Qu'),
	(8527, '767', 'Phng Tn Thnh'),
	(8528, '767', 'Phng Ph Th Ha'),
	(8529, '767', 'Phng Ph Thnh'),
	(8530, '767', 'Phng Ph Trung'),
	(8531, '767', 'Phng Ha Thnh'),
	(8532, '767', 'Phng Hip Tn'),
	(8533, '767', 'Phng Tn Thi Ha'),
	(8534, '768', 'Phng 04'),
	(8535, '768', 'Phng 05'),
	(8536, '768', 'Phng 09'),
	(8537, '768', 'Phng 07'),
	(8538, '768', 'Phng 03'),
	(8539, '768', 'Phng 01'),
	(8540, '768', 'Phng 02'),
	(8541, '768', 'Phng 08'),
	(8542, '768', 'Phng 15'),
	(8543, '768', 'Phng 10'),
	(8544, '768', 'Phng 11'),
	(8545, '768', 'Phng 17'),
	(8546, '768', 'Phng 13'),
	(8547, '769', 'Phng Linh Xun'),
	(8548, '769', 'Phng Bnh Chiu'),
	(8549, '769', 'Phng Linh Trung'),
	(8550, '769', 'Phng Tam Bnh'),
	(8551, '769', 'Phng Tam Ph'),
	(8552, '769', 'Phng Hip Bnh Phc'),
	(8553, '769', 'Phng Hip Bnh Chnh'),
	(8554, '769', 'Phng Linh Chiu'),
	(8555, '769', 'Phng Linh Ty'),
	(8556, '769', 'Phng Linh ng'),
	(8557, '769', 'Phng Bnh Th'),
	(8558, '769', 'Phng Trng Th'),
	(8559, '769', 'Phng Long Bnh'),
	(8560, '769', 'Phng Long Thnh M'),
	(8561, '769', 'Phng Tn Ph'),
	(8562, '769', 'Phng Hip Ph'),
	(8563, '769', 'Phng Tng Nhn Ph A'),
	(8564, '769', 'Phng Tng Nhn Ph B'),
	(8565, '769', 'Phng Phc Long B'),
	(8566, '769', 'Phng Phc Long A'),
	(8567, '769', 'Phng Trng Thnh'),
	(8568, '769', 'Phng Long Phc'),
	(8569, '769', 'Phng Long Trng'),
	(8570, '769', 'Phng Phc Bnh'),
	(8571, '769', 'Phng Ph Hu'),
	(8572, '769', 'Phng Tho in'),
	(8573, '769', 'Phng An Ph'),
	(8574, '769', 'Phng An Khnh'),
	(8575, '769', 'Phng Bnh Trng ng'),
	(8576, '769', 'Phng Bnh Trng Ty'),
	(8577, '769', 'Phng Ct Li'),
	(8578, '769', 'Phng Thnh M Li'),
	(8579, '769', 'Phng An Li ng'),
	(8580, '769', 'Phng Th Thim'),
	(8581, '770', 'Phng 14'),
	(8582, '770', 'Phng 12'),
	(8583, '770', 'Phng 11'),
	(8584, '770', 'Phng 13'),
	(8585, '770', 'Phng V Th Su'),
	(8586, '770', 'Phng 09'),
	(8587, '770', 'Phng 10'),
	(8588, '770', 'Phng 04'),
	(8589, '770', 'Phng 05'),
	(8590, '770', 'Phng 03'),
	(8591, '770', 'Phng 02'),
	(8592, '770', 'Phng 01'),
	(8593, '771', 'Phng 15'),
	(8594, '771', 'Phng 13'),
	(8595, '771', 'Phng 14'),
	(8596, '771', 'Phng 12'),
	(8597, '771', 'Phng 11'),
	(8598, '771', 'Phng 10'),
	(8599, '771', 'Phng 09'),
	(8600, '771', 'Phng 01'),
	(8601, '771', 'Phng 08'),
	(8602, '771', 'Phng 02'),
	(8603, '771', 'Phng 04'),
	(8604, '771', 'Phng 07'),
	(8605, '771', 'Phng 05'),
	(8606, '771', 'Phng 06'),
	(8607, '772', 'Phng 15'),
	(8608, '772', 'Phng 05'),
	(8609, '772', 'Phng 14'),
	(8610, '772', 'Phng 11'),
	(8611, '772', 'Phng 03'),
	(8612, '772', 'Phng 10'),
	(8613, '772', 'Phng 13'),
	(8614, '772', 'Phng 08'),
	(8615, '772', 'Phng 09'),
	(8616, '772', 'Phng 12'),
	(8617, '772', 'Phng 07'),
	(8618, '772', 'Phng 06'),
	(8619, '772', 'Phng 04'),
	(8620, '772', 'Phng 01'),
	(8621, '772', 'Phng 02'),
	(8622, '772', 'Phng 16'),
	(8623, '773', 'Phng 13'),
	(8624, '773', 'Phng 09'),
	(8625, '773', 'Phng 06'),
	(8626, '773', 'Phng 08'),
	(8627, '773', 'Phng 10'),
	(8628, '773', 'Phng 18'),
	(8629, '773', 'Phng 14'),
	(8630, '773', 'Phng 04'),
	(8631, '773', 'Phng 03'),
	(8632, '773', 'Phng 16'),
	(8633, '773', 'Phng 02'),
	(8634, '773', 'Phng 15'),
	(8635, '773', 'Phng 01'),
	(8636, '774', 'Phng 04'),
	(8637, '774', 'Phng 09'),
	(8638, '774', 'Phng 03'),
	(8639, '774', 'Phng 12'),
	(8640, '774', 'Phng 02'),
	(8641, '774', 'Phng 08'),
	(8642, '774', 'Phng 07'),
	(8643, '774', 'Phng 01'),
	(8644, '774', 'Phng 11'),
	(8645, '774', 'Phng 14'),
	(8646, '774', 'Phng 05'),
	(8647, '774', 'Phng 06'),
	(8648, '774', 'Phng 10'),
	(8649, '774', 'Phng 13'),
	(8650, '775', 'Phng 14'),
	(8651, '775', 'Phng 13'),
	(8652, '775', 'Phng 09'),
	(8653, '775', 'Phng 06'),
	(8654, '775', 'Phng 12'),
	(8655, '775', 'Phng 05'),
	(8656, '775', 'Phng 11'),
	(8657, '775', 'Phng 02'),
	(8658, '775', 'Phng 01'),
	(8659, '775', 'Phng 04'),
	(8660, '775', 'Phng 08'),
	(8661, '775', 'Phng 03'),
	(8662, '775', 'Phng 07'),
	(8663, '775', 'Phng 10'),
	(8664, '776', 'Phng 08'),
	(8665, '776', 'Phng 02'),
	(8666, '776', 'Phng 01'),
	(8667, '776', 'Phng 03'),
	(8668, '776', 'Phng 11'),
	(8669, '776', 'Phng 09'),
	(8670, '776', 'Phng 10'),
	(8671, '776', 'Phng 04'),
	(8672, '776', 'Phng 13'),
	(8673, '776', 'Phng 12'),
	(8674, '776', 'Phng 05'),
	(8675, '776', 'Phng 14'),
	(8676, '776', 'Phng 06'),
	(8677, '776', 'Phng 15'),
	(8678, '776', 'Phng 16'),
	(8679, '776', 'Phng 07'),
	(8680, '777', 'Phng Bnh Hng Ha'),
	(8681, '777', 'Phng Bnh Hng Ho A'),
	(8682, '777', 'Phng Bnh Hng Ho B'),
	(8683, '777', 'Phng Bnh Tr ng'),
	(8684, '777', 'Phng Bnh Tr ng A'),
	(8685, '777', 'Phng Bnh Tr ng B'),
	(8686, '777', 'Phng Tn To'),
	(8687, '777', 'Phng Tn To A'),
	(8688, '777', 'Phng  An Lc'),
	(8689, '777', 'Phng An Lc A'),
	(8690, '778', 'Phng Tn Thun ng'),
	(8691, '778', 'Phng Tn Thun Ty'),
	(8692, '778', 'Phng Tn King'),
	(8693, '778', 'Phng Tn Hng'),
	(8694, '778', 'Phng Bnh Thun'),
	(8695, '778', 'Phng Tn Quy'),
	(8696, '778', 'Phng Ph Thun'),
	(8697, '778', 'Phng Tn Ph'),
	(8698, '778', 'Phng Tn Phong'),
	(8699, '778', 'Phng Ph M'),
	(8700, '783', 'Th trn C Chi'),
	(8701, '783', 'X Ph M Hng'),
	(8702, '783', 'X An Ph'),
	(8703, '783', 'X Trung Lp Thng'),
	(8704, '783', 'X An Nhn Ty'),
	(8705, '783', 'X Nhun c'),
	(8706, '783', 'X Phm Vn Ci'),
	(8707, '783', 'X Ph Ha ng'),
	(8708, '783', 'X Trung Lp H'),
	(8709, '783', 'X Trung An'),
	(8710, '783', 'X Phc Thnh'),
	(8711, '783', 'X Phc Hip'),
	(8712, '783', 'X Tn An Hi'),
	(8713, '783', 'X Phc Vnh An'),
	(8714, '783', 'X Thi M'),
	(8715, '783', 'X Tn Thnh Ty'),
	(8716, '783', 'X Ha Ph'),
	(8717, '783', 'X Tn Thnh ng'),
	(8718, '783', 'X Bnh M'),
	(8719, '783', 'X Tn Ph Trung'),
	(8720, '783', 'X Tn Thng Hi'),
	(8721, '784', 'Th trn Hc Mn'),
	(8722, '784', 'X Tn Hip'),
	(8723, '784', 'X Nh Bnh'),
	(8724, '784', 'X ng Thnh'),
	(8725, '784', 'X Tn Thi Nh'),
	(8726, '784', 'X Thi Tam Thn'),
	(8727, '784', 'X Xun Thi Sn'),
	(8728, '784', 'X Tn Xun'),
	(8729, '784', 'X Xun Thi ng'),
	(8730, '784', 'X Trung Chnh'),
	(8731, '784', 'X Xun Thi Thng'),
	(8732, '784', 'X B im'),
	(8733, '785', 'Th trn Tn Tc'),
	(8734, '785', 'X Phm Vn Hai'),
	(8735, '785', 'X Vnh Lc A'),
	(8736, '785', 'X Vnh Lc B'),
	(8737, '785', 'X Bnh Li'),
	(8738, '785', 'X L Minh Xun'),
	(8739, '785', 'X Tn Nht'),
	(8740, '785', 'X Tn Kin'),
	(8741, '785', 'X Bnh Hng'),
	(8742, '785', 'X Phong Ph'),
	(8743, '785', 'X An Ph Ty'),
	(8744, '785', 'X Hng Long'),
	(8745, '785', 'X a Phc'),
	(8746, '785', 'X Tn Qu Ty'),
	(8747, '785', 'X Bnh Chnh'),
	(8748, '785', 'X Quy c'),
	(8749, '786', 'Th trn Nh B'),
	(8750, '786', 'X Phc Kin'),
	(8751, '786', 'X Phc Lc'),
	(8752, '786', 'X Nhn c'),
	(8753, '786', 'X Ph Xun'),
	(8754, '786', 'X Long Thi'),
	(8755, '786', 'X Hip Phc'),
	(8756, '787', 'Th trn Cn Thnh'),
	(8757, '787', 'X Bnh Khnh'),
	(8758, '787', 'X Tam Thn Hip'),
	(8759, '787', 'X An Thi ng'),
	(8760, '787', 'X Thnh An'),
	(8761, '787', 'X Long Ha'),
	(8762, '787', 'X L Nhn'),
	(8763, '794', 'Phng 5'),
	(8764, '794', 'Phng 4'),
	(8765, '794', 'Phng Tn Khnh'),
	(8766, '794', 'Phng 1'),
	(8767, '794', 'Phng 3'),
	(8768, '794', 'Phng 7'),
	(8769, '794', 'Phng 6'),
	(8770, '794', 'X Hng Th Ph'),
	(8771, '794', 'X Nhn Thnh Trung'),
	(8772, '794', 'X Li Bnh Nhn'),
	(8773, '794', 'X Bnh Tm'),
	(8774, '794', 'Phng Khnh Hu'),
	(8775, '794', 'X An Vnh Ngi'),
	(8776, '795', 'Phng 1'),
	(8777, '795', 'Phng 2'),
	(8778, '795', 'X Thnh Tr'),
	(8779, '795', 'X Bnh Hip'),
	(8780, '795', 'X Bnh Tn'),
	(8781, '795', 'X Tuyn Thnh'),
	(8782, '795', 'Phng 3'),
	(8783, '795', 'X Thnh Hng'),
	(8784, '796', 'Th trn Tn Hng'),
	(8785, '796', 'X Hng H'),
	(8786, '796', 'X Hng in B'),
	(8787, '796', 'X Hng in'),
	(8788, '796', 'X Thnh Hng'),
	(8789, '796', 'X Hng Thnh'),
	(8790, '796', 'X Vnh Thnh'),
	(8791, '796', 'X Vnh Chu B'),
	(8792, '796', 'X Vnh Li'),
	(8793, '796', 'X Vnh i'),
	(8794, '796', 'X Vnh Chu A'),
	(8795, '796', 'X Vnh Bu'),
	(8796, '797', 'Th trn Vnh Hng'),
	(8797, '797', 'X Hng in A'),
	(8798, '797', 'X Khnh Hng'),
	(8799, '797', 'X Thi Tr'),
	(8800, '797', 'X Vnh Tr'),
	(8801, '797', 'X Thi Bnh Trung'),
	(8802, '797', 'X Vnh Bnh'),
	(8803, '797', 'X Vnh Thun'),
	(8804, '797', 'X Tuyn Bnh'),
	(8805, '797', 'X Tuyn Bnh Ty'),
	(8806, '798', 'X Bnh Ha Ty'),
	(8807, '798', 'X Bnh Thnh'),
	(8808, '798', 'X Bnh Ha Trung'),
	(8809, '798', 'X Bnh Ha ng'),
	(8810, '798', 'Th trn Bnh Phong Thnh'),
	(8811, '798', 'X Tn Lp'),
	(8812, '798', 'X Tn Thnh'),
	(8813, '799', 'Th trn Tn Thnh'),
	(8814, '799', 'X Bc Ha'),
	(8815, '799', 'X Hu Thnh Ty'),
	(8816, '799', 'X Nhn Ha Lp'),
	(8817, '799', 'X Tn Lp'),
	(8818, '799', 'X Hu Thnh ng'),
	(8819, '799', 'X Nhn Ho'),
	(8820, '799', 'X Kin Bnh'),
	(8821, '799', 'X Tn Thnh'),
	(8822, '799', 'X Tn Bnh'),
	(8823, '799', 'X Tn Ninh'),
	(8824, '799', 'X Nhn Ninh'),
	(8825, '799', 'X Tn Ha'),
	(8826, '800', 'Th trn Thnh Ha'),
	(8827, '800', 'X Tn Hip'),
	(8828, '800', 'X Thun Bnh'),
	(8829, '800', 'X Thnh Phc'),
	(8830, '800', 'X Thnh Ph'),
	(8831, '800', 'X Thun Ngha Ha'),
	(8832, '800', 'X Thy ng'),
	(8833, '800', 'X Thy Ty'),
	(8834, '800', 'X Tn Ty'),
	(8835, '800', 'X Tn ng'),
	(8836, '800', 'X Thnh An'),
	(8837, '801', 'Th trn ng Thnh'),
	(8838, '801', 'X M Qu ng'),
	(8839, '801', 'X M Thnh Bc'),
	(8840, '801', 'X M Qu Ty'),
	(8841, '801', 'X M Thnh Ty'),
	(8842, '801', 'X M Thnh ng'),
	(8843, '801', 'X Bnh Thnh'),
	(8844, '801', 'X Bnh Ha Bc'),
	(8845, '801', 'X Bnh Ha Hng'),
	(8846, '801', 'X Bnh Ha Nam'),
	(8847, '801', 'X M Bnh'),
	(8848, '802', 'Th trn Hu Ngha'),
	(8849, '802', 'Th trn Hip Ha'),
	(8850, '802', 'Th trn c Ha'),
	(8851, '802', 'X Lc Giang'),
	(8852, '802', 'X An Ninh ng'),
	(8853, '802', 'X An Ninh Ty'),
	(8854, '802', 'X Tn M'),
	(8855, '802', 'X Hip Ha'),
	(8856, '802', 'X c Lp Thng'),
	(8857, '802', 'X c Lp H'),
	(8858, '802', 'X Tn Ph'),
	(8859, '802', 'X M Hnh Bc'),
	(8860, '802', 'X c Ha Thng'),
	(8861, '802', 'X Ha Khnh Ty'),
	(8862, '802', 'X Ha Khnh ng'),
	(8863, '802', 'X M Hnh Nam'),
	(8864, '802', 'X Ha Khnh Nam'),
	(8865, '802', 'X c Ha ng'),
	(8866, '802', 'X c Ha H'),
	(8867, '802', 'X Hu Thnh'),
	(8868, '803', 'Th trn Bn Lc'),
	(8869, '803', 'X Thnh Li'),
	(8870, '803', 'X Lng Bnh'),
	(8871, '803', 'X Thnh Ha'),
	(8872, '803', 'X Lng Ha'),
	(8873, '803', 'X Tn Bu'),
	(8874, '803', 'X An Thnh'),
	(8875, '803', 'X Bnh c'),
	(8876, '803', 'X M Yn'),
	(8877, '803', 'X Thanh Ph'),
	(8878, '803', 'X Long Hip'),
	(8879, '803', 'X Thnh c'),
	(8880, '803', 'X Phc Li'),
	(8881, '803', 'X Nht Chnh'),
	(8882, '804', 'Th trn Th Tha'),
	(8883, '804', 'X Long Thnh'),
	(8884, '804', 'X Tn Thnh'),
	(8885, '804', 'X Long Thun'),
	(8886, '804', 'X M Lc'),
	(8887, '804', 'X M Thnh'),
	(8888, '804', 'X Bnh An'),
	(8889, '804', 'X Nh Thnh'),
	(8890, '804', 'X M An'),
	(8891, '804', 'X Bnh Thnh'),
	(8892, '804', 'X M Ph'),
	(8893, '804', 'X Tn Long'),
	(8894, '805', 'Th trn Tn Tr'),
	(8895, '805', 'X Tn Bnh'),
	(8896, '805', 'X Qu M Thnh'),
	(8897, '805', 'X Lc Tn'),
	(8898, '805', 'X Bnh Trinh ng'),
	(8899, '805', 'X Tn Phc Ty'),
	(8900, '805', 'X Bnh Lng'),
	(8901, '805', 'X Bnh Tnh'),
	(8902, '805', 'X c Tn'),
	(8903, '805', 'X Nht Ninh'),
	(8904, '806', 'Th trn Cn c'),
	(8905, '806', 'X Long Trch'),
	(8906, '806', 'X Long Kh'),
	(8907, '806', 'X Long nh'),
	(8908, '806', 'X Phc Vn'),
	(8909, '806', 'X Long Ha'),
	(8910, '806', 'X Long Cang'),
	(8911, '806', 'X Long Sn'),
	(8912, '806', 'X Tn Trch'),
	(8913, '806', 'X M L'),
	(8914, '806', 'X Tn Ln'),
	(8915, '806', 'X Phc Tuy'),
	(8916, '806', 'X Long Hu ng'),
	(8917, '806', 'X Tn n'),
	(8918, '806', 'X Phc ng'),
	(8919, '806', 'X Long Hu Ty'),
	(8920, '806', 'X Tn Chnh'),
	(8921, '807', 'Th trn Cn Giuc'),
	(8922, '807', 'X Phc L'),
	(8923, '807', 'X Long Thng'),
	(8924, '807', 'X Long Hu'),
	(8925, '807', 'X Phc Hu'),
	(8926, '807', 'X M Lc'),
	(8927, '807', 'X Phc Li'),
	(8928, '807', 'X Phc Lm'),
	(8929, '807', 'X Thun Thnh'),
	(8930, '807', 'X Phc Vnh Ty'),
	(8931, '807', 'X Phc Vnh ng'),
	(8932, '807', 'X Long An'),
	(8933, '807', 'X Long Phng'),
	(8934, '807', 'X ng Thnh'),
	(8935, '807', 'X Tn Tp'),
	(8936, '808', 'Th trn Tm Vu'),
	(8937, '808', 'X Bnh Qui'),
	(8938, '808', 'X Ha Ph'),
	(8939, '808', 'X Ph Ngi Tr'),
	(8940, '808', 'X Vnh Cng'),
	(8941, '808', 'X Thun M'),
	(8942, '808', 'X Hip Thnh'),
	(8943, '808', 'X Phc Tn Hng'),
	(8944, '808', 'X Thanh Ph Long'),
	(8945, '808', 'X Dng Xun Hi'),
	(8946, '808', 'X An Lc Long'),
	(8947, '808', 'X Long Tr'),
	(8948, '808', 'X Thanh Vnh ng'),
	(8949, '815', 'Phng 5'),
	(8950, '815', 'Phng 4'),
	(8951, '815', 'Phng 1'),
	(8952, '815', 'Phng 2'),
	(8953, '815', 'Phng 6'),
	(8954, '815', 'Phng 9'),
	(8955, '815', 'Phng 10'),
	(8956, '815', 'Phng Tn Long'),
	(8957, '815', 'X o Thnh'),
	(8958, '815', 'X Trung An'),
	(8959, '815', 'X M Phong'),
	(8960, '815', 'X Tn M Chnh'),
	(8961, '815', 'X Phc Thnh'),
	(8962, '815', 'X Thi Sn'),
	(8963, '816', 'Phng 2'),
	(8964, '816', 'Phng 1'),
	(8965, '816', 'Phng 5'),
	(8966, '816', 'Phng Long Hng'),
	(8967, '816', 'Phng Long Thun'),
	(8968, '816', 'Phng Long Chnh'),
	(8969, '816', 'Phng Long Ha'),
	(8970, '816', 'X Bnh ng'),
	(8971, '816', 'X Bnh Xun'),
	(8972, '816', 'X Tn Trung'),
	(8973, '817', 'Phng 1'),
	(8974, '817', 'Phng 2'),
	(8975, '817', 'Phng 3'),
	(8976, '817', 'Phng 4'),
	(8977, '817', 'Phng 5'),
	(8978, '817', 'X M Phc Ty'),
	(8979, '817', 'X M Hnh ng'),
	(8980, '817', 'X M Hnh Trung'),
	(8981, '817', 'X Tn Ph'),
	(8982, '817', 'X Tn Bnh'),
	(8983, '817', 'X Tn Hi'),
	(8984, '817', 'Phng Nh M'),
	(8985, '817', 'X Nh Qu'),
	(8986, '817', 'X Thanh Ha'),
	(8987, '817', 'X Ph Qu'),
	(8988, '817', 'X Long Khnh'),
	(8989, '818', 'Th trn M Phc'),
	(8990, '818', 'X Tn Ha ng'),
	(8991, '818', 'X Thnh Tn'),
	(8992, '818', 'X Thnh M'),
	(8993, '818', 'X Thnh Ho'),
	(8994, '818', 'X Ph M'),
	(8995, '818', 'X Tn Ha Thnh'),
	(8996, '818', 'X Hng Thnh'),
	(8997, '818', 'X Tn Lp 1'),
	(8998, '818', 'X Tn Ha Ty'),
	(8999, '818', 'X Tn Lp 2'),
	(9000, '818', 'X Phc Lp'),
	(9001, '819', 'Th trn Ci B'),
	(9002, '819', 'X Hu M Bc B'),
	(9003, '819', 'X Hu M Bc A'),
	(9004, '819', 'X M Trung'),
	(9005, '819', 'X Hu M Trinh'),
	(9006, '819', 'X Hu M Ph'),
	(9007, '819', 'X M Tn'),
	(9008, '819', 'X M Li B'),
	(9009, '819', 'X Thin Trung'),
	(9010, '819', 'X M Hi'),
	(9011, '819', 'X An C'),
	(9012, '819', 'X Hu Thnh'),
	(9013, '819', 'X M Li A'),
	(9014, '819', 'X Ha Khnh'),
	(9015, '819', 'X Thin Tr'),
	(9016, '819', 'X M c ng'),
	(9017, '819', 'X M c Ty'),
	(9018, '819', 'X ng Ha Hip'),
	(9019, '819', 'X An Thi ng'),
	(9020, '819', 'X Tn Hng'),
	(9021, '819', 'X M Lng'),
	(9022, '819', 'X Tn Thanh'),
	(9023, '819', 'X An Thi Trung'),
	(9024, '819', 'X An Hu'),
	(9025, '819', 'X Ha Hng'),
	(9026, '820', 'X Thnh Lc'),
	(9027, '820', 'X M Thnh Bc'),
	(9028, '820', 'X Ph Cng'),
	(9029, '820', 'X M Thnh Nam'),
	(9030, '820', 'X Ph Nhun'),
	(9031, '820', 'Th trn Bnh Ph'),
	(9032, '820', 'X Cm Sn'),
	(9033, '820', 'X Ph An'),
	(9034, '820', 'X M Long'),
	(9035, '820', 'X Long Tin'),
	(9036, '820', 'X Hip c'),
	(9037, '820', 'X Long Trung'),
	(9038, '820', 'X Hi Xun'),
	(9039, '820', 'X Tn Phong'),
	(9040, '820', 'X Tam Bnh'),
	(9041, '820', 'X Ng Hip'),
	(9042, '821', 'Th trn Tn Hip'),
	(9043, '821', 'X Tn Hi ng'),
	(9044, '821', 'X Tn Hng'),
	(9045, '821', 'X Tn L ng'),
	(9046, '821', 'X Thn Cu Ngha'),
	(9047, '821', 'X Tam Hip'),
	(9048, '821', 'X im Hy'),
	(9049, '821', 'X Nh Bnh'),
	(9050, '821', 'X ng Ha'),
	(9051, '821', 'X Long nh'),
	(9052, '821', 'X Long An'),
	(9053, '821', 'X Long Hng'),
	(9054, '821', 'X Bnh Trng'),
	(9055, '821', 'X Thnh Ph'),
	(9056, '821', 'X Bn Long'),
	(9057, '821', 'X Vnh Kim'),
	(9058, '821', 'X Bnh c'),
	(9059, '821', 'X Song Thun'),
	(9060, '821', 'X Kim Sn'),
	(9061, '821', 'X Ph Phong'),
	(9062, '822', 'Th trn Ch Go'),
	(9063, '822', 'X Trung Ha'),
	(9064, '822', 'X Ha Tnh'),
	(9065, '822', 'X M Tnh An'),
	(9066, '822', 'X Tn Bnh Thnh'),
	(9067, '822', 'X Ph Kit'),
	(9068, '822', 'X Lng Ha Lc'),
	(9069, '822', 'X Thanh Bnh'),
	(9070, '822', 'X Qun Long'),
	(9071, '822', 'X Bnh Phc Nht'),
	(9072, '822', 'X ng Hng Phc'),
	(9073, '822', 'X Tn Thun Bnh'),
	(9074, '822', 'X Song Bnh'),
	(9075, '822', 'X Bnh Phan'),
	(9076, '822', 'X Long Bnh in'),
	(9077, '822', 'X An Thnh Thy'),
	(9078, '822', 'X Xun ng'),
	(9079, '822', 'X Ha nh'),
	(9080, '822', 'X Bnh Ninh'),
	(9081, '823', 'Th trn Vnh Bnh'),
	(9082, '823', 'X ng Sn'),
	(9083, '823', 'X Bnh Ph'),
	(9084, '823', 'X ng Thnh'),
	(9085, '823', 'X Thnh Cng'),
	(9086, '823', 'X Bnh Nh'),
	(9087, '823', 'X Yn Lung'),
	(9088, '823', 'X Thnh Tr'),
	(9089, '823', 'X Thnh Nht'),
	(9090, '823', 'X Long Vnh'),
	(9091, '823', 'X Bnh Tn'),
	(9092, '823', 'X Vnh Hu'),
	(9093, '823', 'X Long Bnh'),
	(9094, '824', 'Th trn Tn Ha'),
	(9095, '824', 'X Tng Ho'),
	(9096, '824', 'X Tn Phc'),
	(9097, '824', 'X Gia Thun'),
	(9098, '824', 'Th trn Vm Lng'),
	(9099, '824', 'X Tn Ty'),
	(9100, '824', 'X King Phc'),
	(9101, '824', 'X Tn ng'),
	(9102, '824', 'X Bnh n'),
	(9103, '824', 'X Tn in'),
	(9104, '824', 'X Bnh Ngh'),
	(9105, '824', 'X Phc Trung'),
	(9106, '824', 'X Tn Thnh'),
	(9107, '825', 'X Tn Thi'),
	(9108, '825', 'X Tn Ph'),
	(9109, '825', 'X Ph Thnh'),
	(9110, '825', 'X Tn Thnh'),
	(9111, '825', 'X Ph ng'),
	(9112, '825', 'X Ph Tn'),
	(9113, '829', 'Phng Ph Khng'),
	(9114, '829', 'Phng Ph Tn'),
	(9115, '829', 'Phng 8'),
	(9116, '829', 'Phng 6'),
	(9117, '829', 'Phng An Hi'),
	(9118, '829', 'Phng 7'),
	(9119, '829', 'X Sn ng'),
	(9120, '829', 'X Ph Hng'),
	(9121, '829', 'X Bnh Ph'),
	(9122, '829', 'X M Thnh An'),
	(9123, '829', 'X Nhn Thnh'),
	(9124, '829', 'X Ph Nhun'),
	(9125, '831', 'X Tn Thch'),
	(9126, '831', 'X Qi Sn'),
	(9127, '831', 'Th trn Chu Thnh'),
	(9128, '831', 'X Giao Long'),
	(9129, '831', 'X Ph Tc'),
	(9130, '831', 'X Ph c'),
	(9131, '831', 'X An Phc'),
	(9132, '831', 'X Tam Phc'),
	(9133, '831', 'X Thnh Triu'),
	(9134, '831', 'X Tn Ph'),
	(9135, '831', 'X Qui Thnh'),
	(9136, '831', 'X Phc Thnh'),
	(9137, '831', 'X Tin Long'),
	(9138, '831', 'X Tng a'),
	(9139, '831', 'X Hu nh'),
	(9140, '831', 'Th trn Tin Thy'),
	(9141, '832', 'Th trn Ch Lch'),
	(9142, '832', 'X Ph Phng'),
	(9143, '832', 'X Sn nh'),
	(9144, '832', 'X Vnh Bnh'),
	(9145, '832', 'X Ha Ngha'),
	(9146, '832', 'X Long Thi'),
	(9147, '832', 'X Ph Sn'),
	(9148, '832', 'X Tn Thing'),
	(9149, '832', 'X Vnh Thnh'),
	(9150, '832', 'X Vnh Ha'),
	(9151, '832', 'X Hng Khnh Trung B'),
	(9152, '833', 'Th trn M Cy'),
	(9153, '833', 'X nh Thy'),
	(9154, '833', 'X a Phc Hi'),
	(9155, '833', 'X Tn Hi'),
	(9156, '833', 'X Phc Hip'),
	(9157, '833', 'X Bnh Khnh '),
	(9158, '833', 'X An Thnh'),
	(9159, '833', 'X An nh'),
	(9160, '833', 'X Thnh Thi B'),
	(9161, '833', 'X Tn Trung'),
	(9162, '833', 'X An Thi'),
	(9163, '833', 'X Thnh Thi A'),
	(9164, '833', 'X Minh c'),
	(9165, '833', 'X Ngi ng'),
	(9166, '833', 'X Cm Sn'),
	(9167, '833', 'X Hng M'),
	(9168, '834', 'Th trn Ging Trm'),
	(9169, '834', 'X Phong Nm'),
	(9170, '834', 'X M Thnh'),
	(9171, '834', 'X Chu Ha'),
	(9172, '834', 'X Lng Ha'),
	(9173, '834', 'X Lng Qui'),
	(9174, '834', 'X Lng Ph'),
	(9175, '834', 'X Chu Bnh'),
	(9176, '834', 'X Thun in'),
	(9177, '834', 'X Sn Ph'),
	(9178, '834', 'X Bnh Ho'),
	(9179, '834', 'X Phc Long'),
	(9180, '834', 'X Hng Phong'),
	(9181, '834', 'X Long M'),
	(9182, '834', 'X Tn Ho'),
	(9183, '834', 'X Bnh Thnh'),
	(9184, '834', 'X Tn Thanh'),
	(9185, '834', 'X Tn Li Thnh'),
	(9186, '834', 'X Thnh Ph ng'),
	(9187, '834', 'X Hng Nhng'),
	(9188, '834', 'X Hng L'),
	(9189, '835', 'Th trn Bnh i'),
	(9190, '835', 'X Tam Hip'),
	(9191, '835', 'X Long nh'),
	(9192, '835', 'X Long Ha'),
	(9193, '835', 'X Ph Thun'),
	(9194, '835', 'X Vang Qui Ty'),
	(9195, '835', 'X Vang Qui ng'),
	(9196, '835', 'X Chu Hng'),
	(9197, '835', 'X Lc Thun'),
	(9198, '835', 'X nh Trung'),
	(9199, '835', 'X Thi Lai'),
	(9200, '835', 'X Bnh Thi'),
	(9201, '835', 'X Ph Long'),
	(9202, '835', 'X Bnh Thng'),
	(9203, '835', 'X Thnh Tr'),
	(9204, '835', 'X i Ha Lc'),
	(9205, '835', 'X Tha c'),
	(9206, '835', 'X Thnh Phc'),
	(9207, '835', 'X Thi Thun'),
	(9208, '836', 'Th trn Ba Tri'),
	(9209, '836', 'X M Ha'),
	(9210, '836', 'X Tn Xun'),
	(9211, '836', 'X M Chnh'),
	(9212, '836', 'X Bo Thnh'),
	(9213, '836', 'X An Ph Trung'),
	(9214, '836', 'X M Thnh'),
	(9215, '836', 'X M Nhn'),
	(9216, '836', 'X Phc Ngi'),
	(9217, '836', 'X An Ngi Trung'),
	(9218, '836', 'X Ph L'),
	(9219, '836', 'X An Bnh Ty'),
	(9220, '836', 'X Bo Thun'),
	(9221, '836', 'X Tn Hng'),
	(9222, '836', 'X An Ngi Ty'),
	(9223, '836', 'X An Hip'),
	(9224, '836', 'X Vnh Ha'),
	(9225, '836', 'X Tn Thy'),
	(9226, '836', 'X Vnh An'),
	(9227, '836', 'X An c'),
	(9228, '836', 'X An Ha Ty'),
	(9229, '836', 'Th trn Tim Tm'),
	(9230, '837', 'Th trn Thnh Ph'),
	(9231, '837', 'X Ph Khnh'),
	(9232, '837', 'X i in'),
	(9233, '837', 'X Qui in'),
	(9234, '837', 'X Tn Phong'),
	(9235, '837', 'X M Hng'),
	(9236, '837', 'X An Thnh'),
	(9237, '837', 'X Thi Thnh'),
	(9238, '837', 'X Ha Li'),
	(9239, '837', 'X An in'),
	(9240, '837', 'X Bnh Thnh'),
	(9241, '837', 'X An Thun'),
	(9242, '837', 'X An Quy'),
	(9243, '837', 'X Thnh Hi'),
	(9244, '837', 'X An Nhn'),
	(9245, '837', 'X Giao Thnh'),
	(9246, '837', 'X Thnh Phong'),
	(9247, '837', 'X M An'),
	(9248, '838', 'X Ph M'),
	(9249, '838', 'X Hng Khnh Trung A'),
	(9250, '838', 'X Thanh Tn'),
	(9251, '838', 'X Thnh Ngi'),
	(9252, '838', 'X Tn Ph Ty'),
	(9253, '838', 'Th trn Phc M Trung'),
	(9254, '838', 'X Tn Thnh Bnh'),
	(9255, '838', 'X Thnh An'),
	(9256, '838', 'X Ha Lc'),
	(9257, '838', 'X Tn Thanh Ty'),
	(9258, '838', 'X Tn Bnh'),
	(9259, '838', 'X Nhun Ph Tn'),
	(9260, '838', 'X Khnh Thnh Tn'),
	(9261, '842', 'Phng 4'),
	(9262, '842', 'Phng 1'),
	(9263, '842', 'Phng 3'),
	(9264, '842', 'Phng 2'),
	(9265, '842', 'Phng 5'),
	(9266, '842', 'Phng 6'),
	(9267, '842', 'Phng 7'),
	(9268, '842', 'Phng 8'),
	(9269, '842', 'Phng 9'),
	(9270, '842', 'X Long c'),
	(9271, '844', 'Th trn Cng Long'),
	(9272, '844', 'X M Cm'),
	(9273, '844', 'X An Trng A'),
	(9274, '844', 'X An Trng'),
	(9275, '844', 'X Huyn Hi'),
	(9276, '844', 'X Tn An'),
	(9277, '844', 'X Tn Bnh'),
	(9278, '844', 'X Bnh Ph'),
	(9279, '844', 'X Phng Thnh'),
	(9280, '844', 'X i Phc'),
	(9281, '844', 'X i Phc'),
	(9282, '844', 'X Nh Long Ph'),
	(9283, '844', 'X Nh Long'),
	(9284, '844', 'X c M'),
	(9285, '845', 'Th trn Cu K'),
	(9286, '845', 'X Ha n'),
	(9287, '845', 'X Chu in'),
	(9288, '845', 'X An Ph Tn'),
	(9289, '845', 'X Ho Tn'),
	(9290, '845', 'X Ninh Thi'),
	(9291, '845', 'X Phong Ph'),
	(9292, '845', 'X Phong Thnh'),
	(9293, '845', 'X Tam Ngi'),
	(9294, '845', 'X Thng Ha'),
	(9295, '845', 'X Thnh Ph'),
	(9296, '846', 'Th trn Tiu Cn'),
	(9297, '846', 'Th trn Cu Quan'),
	(9298, '846', 'X Ph Cn'),
	(9299, '846', 'X Hiu T'),
	(9300, '846', 'X Hiu Trung'),
	(9301, '846', 'X Long Thi'),
	(9302, '846', 'X Hng Ha'),
	(9303, '846', 'X Tn Hng'),
	(9304, '846', 'X Tp Ngi'),
	(9305, '846', 'X Ngi Hng'),
	(9306, '846', 'X Tn Ha'),
	(9307, '847', 'Th trn Chu Thnh'),
	(9308, '847', 'X a Lc'),
	(9309, '847', 'X M Chnh'),
	(9310, '847', 'X Thanh M'),
	(9311, '847', 'X Lng Ho A'),
	(9312, '847', 'X Lng Ha'),
	(9313, '847', 'X Song Lc'),
	(9314, '847', 'X Nguyt Ha'),
	(9315, '847', 'X Ha Thun'),
	(9316, '847', 'X Ha Li'),
	(9317, '847', 'X Phc Ho'),
	(9318, '847', 'X Hng M'),
	(9319, '847', 'X Ha Minh'),
	(9320, '847', 'X Long Ha'),
	(9321, '848', 'Th trn Cu Ngang'),
	(9322, '848', 'Th trn M Long'),
	(9323, '848', 'X M Long Bc'),
	(9324, '848', 'X M Long Nam'),
	(9325, '848', 'X M Ha'),
	(9326, '848', 'X Vnh Kim'),
	(9327, '848', 'X Kim Ha'),
	(9328, '848', 'X Hip Ha'),
	(9329, '848', 'X Thun Ha'),
	(9330, '848', 'X Long Sn'),
	(9331, '848', 'X Nh Trng'),
	(9332, '848', 'X Trng Th'),
	(9333, '848', 'X Hip M ng'),
	(9334, '848', 'X Hip M Ty'),
	(9335, '848', 'X Thnh Ha Sn'),
	(9336, '849', 'Th trn Tr C'),
	(9337, '849', 'Th trn nh An'),
	(9338, '849', 'X Phc Hng'),
	(9339, '849', 'X Tp Sn'),
	(9340, '849', 'X Tn Sn'),
	(9341, '849', 'X An Qung Hu'),
	(9342, '849', 'X Lu Nghip Anh'),
	(9343, '849', 'X Ngi Xuyn'),
	(9344, '849', 'X Kim Sn'),
	(9345, '849', 'X Thanh Sn'),
	(9346, '849', 'X Hm Giang'),
	(9347, '849', 'X Hm Tn'),
	(9348, '849', 'X i An'),
	(9349, '849', 'X nh An'),
	(9350, '849', 'X Ngc Bin'),
	(9351, '849', 'X Long Hip'),
	(9352, '849', 'X Tn Hip'),
	(9353, '850', 'X n Xun'),
	(9354, '850', 'X n Chu'),
	(9355, '850', 'Th trn Long Thnh'),
	(9356, '850', 'X Long Khnh'),
	(9357, '850', 'X Ng Lc'),
	(9358, '850', 'X Long Vnh'),
	(9359, '850', 'X ng Hi'),
	(9360, '851', 'Phng 1'),
	(9361, '851', 'X Long Ton'),
	(9362, '851', 'Phng 2'),
	(9363, '851', 'X Long Hu'),
	(9364, '851', 'X Dn Thnh'),
	(9365, '851', 'X Trng Long Ha'),
	(9366, '851', 'X Hip Thnh'),
	(9367, '855', 'Phng 9'),
	(9368, '855', 'Phng 5'),
	(9369, '855', 'Phng 1'),
	(9370, '855', 'Phng 4'),
	(9371, '855', 'Phng 3'),
	(9372, '855', 'Phng 8'),
	(9373, '855', 'Phng Tn Ngi'),
	(9374, '855', 'Phng Tn Ha'),
	(9375, '855', 'Phng Tn Hi'),
	(9376, '855', 'Phng Trng An'),
	(9377, '857', 'X ng Ph'),
	(9378, '857', 'X Bnh Ha Phc'),
	(9379, '857', 'X Ha Ninh'),
	(9380, '857', 'X An Bnh'),
	(9381, '857', 'X Thanh c'),
	(9382, '857', 'X Tn Hnh'),
	(9383, '857', 'X Phc Hu'),
	(9384, '857', 'X Long Phc'),
	(9385, '857', 'Th trn Long H'),
	(9386, '857', 'X Lc Ha'),
	(9387, '857', 'X Long An'),
	(9388, '857', 'X Ph Qui'),
	(9389, '857', 'X Thnh Qui'),
	(9390, '857', 'X Ha Ph'),
	(9391, '858', 'X M An'),
	(9392, '858', 'X M Phc'),
	(9393, '858', 'X An Phc'),
	(9394, '858', 'X Nhn Ph'),
	(9395, '858', 'X Long M'),
	(9396, '858', 'X Ha Tnh'),
	(9397, '858', 'Th trn Ci Nhum'),
	(9398, '858', 'X Bnh Phc'),
	(9399, '858', 'X Chnh An'),
	(9400, '858', 'X Tn An Hi'),
	(9401, '858', 'X Tn Long'),
	(9402, '858', 'X Tn Long Hi'),
	(9403, '859', 'Th trn Vng Lim'),
	(9404, '859', 'X Tn Qui Trung'),
	(9405, '859', 'X Qui Thin'),
	(9406, '859', 'X Qui An'),
	(9407, '859', 'X Trung Chnh'),
	(9408, '859', 'X Tn An Lung'),
	(9409, '859', 'X Thanh Bnh'),
	(9410, '859', 'X Trung Thnh Ty'),
	(9411, '859', 'X Trung Hip'),
	(9412, '859', 'X Hiu Phng'),
	(9413, '859', 'X Trung Thnh ng'),
	(9414, '859', 'X Trung Thnh'),
	(9415, '859', 'X Trung Hiu'),
	(9416, '859', 'X Trung Ngi'),
	(9417, '859', 'X Hiu Thun'),
	(9418, '859', 'X Trung Ngha'),
	(9419, '859', 'X Trung An'),
	(9420, '859', 'X Hiu Nhn'),
	(9421, '859', 'X Hiu Thnh'),
	(9422, '859', 'X Hiu Ngha'),
	(9423, '860', 'Th trn Tam Bnh'),
	(9424, '860', 'X Tn Lc'),
	(9425, '860', 'X Ph Thnh'),
	(9426, '860', 'X Hu Lc'),
	(9427, '860', 'X Ha Thnh'),
	(9428, '860', 'X Ho Lc'),
	(9429, '860', 'X Ph Lc'),
	(9430, '860', 'X Song Ph'),
	(9431, '860', 'X Ha Hip'),
	(9432, '860', 'X M Lc'),
	(9433, '860', 'X Tn Ph'),
	(9434, '860', 'X Long Ph'),
	(9435, '860', 'X M Thnh Trung'),
	(9436, '860', 'X Loan M'),
	(9437, '860', 'X Ngi T'),
	(9438, '860', 'X Bnh Ninh'),
	(9439, '861', 'Phng Ci Vn'),
	(9440, '861', 'Phng Thnh Phc'),
	(9441, '861', 'X Thun An'),
	(9442, '861', 'X ng Thnh'),
	(9443, '861', 'X ng Bnh'),
	(9444, '861', 'Phng ng Thun'),
	(9445, '861', 'X M Ha'),
	(9446, '861', 'X ng Thnh'),
	(9447, '862', 'Th trn Tr n'),
	(9448, '862', 'X Xun Hip'),
	(9449, '862', 'X Nhn Bnh'),
	(9450, '862', 'X Ha Bnh'),
	(9451, '862', 'X Thi Ha'),
	(9452, '862', 'X Tr Cn'),
	(9453, '862', 'X Tn M'),
	(9454, '862', 'X Hu Thnh'),
	(9455, '862', 'X Vnh Xun'),
	(9456, '862', 'X Thun Thi'),
	(9457, '862', 'X Ph Thnh'),
	(9458, '862', 'X Lc S Thnh'),
	(9459, '862', 'X Tch Thin'),
	(9460, '863', 'X Tn Thnh'),
	(9461, '863', 'X Thnh Trung'),
	(9462, '863', 'X Tn An Thnh'),
	(9463, '863', 'X Tn Lc'),
	(9464, '863', 'X Nguyn Vn Thnh'),
	(9465, '863', 'X Thnh Li'),
	(9466, '863', 'X M Thun'),
	(9467, '863', 'X Tn Bnh'),
	(9468, '863', 'Th trn Tn Qui'),
	(9469, '866', 'Phng 11'),
	(9470, '866', 'Phng 1'),
	(9471, '866', 'Phng 2'),
	(9472, '866', 'Phng 4'),
	(9473, '866', 'Phng 3'),
	(9474, '866', 'Phng 6'),
	(9475, '866', 'X M Ngi'),
	(9476, '866', 'X M Tn'),
	(9477, '866', 'X M Tr'),
	(9478, '866', 'Phng M Ph'),
	(9479, '866', 'X Tn Thun Ty'),
	(9480, '866', 'Phng Ho Thun'),
	(9481, '866', 'X Ha An'),
	(9482, '866', 'X Tn Thun ng'),
	(9483, '866', 'X Tnh Thi'),
	(9484, '867', 'Phng 3'),
	(9485, '867', 'Phng 1'),
	(9486, '867', 'Phng 4'),
	(9487, '867', 'Phng 2'),
	(9488, '867', 'X Tn Khnh ng'),
	(9489, '867', 'Phng Tn Quy ng'),
	(9490, '867', 'Phng An Ho'),
	(9491, '867', 'X Tn Quy Ty'),
	(9492, '867', 'X Tn Ph ng'),
	(9493, '868', 'Phng An Lc'),
	(9494, '868', 'Phng An Thnh'),
	(9495, '868', 'X Bnh Thnh'),
	(9496, '868', 'X Tn Hi'),
	(9497, '868', 'Phng An Lc'),
	(9498, '868', 'Phng An Bnh B'),
	(9499, '868', 'Phng An Bnh A'),
	(9500, '869', 'Th trn Sa Ri'),
	(9501, '869', 'X Tn H C'),
	(9502, '869', 'X Thng Bnh'),
	(9503, '869', 'X Bnh Ph'),
	(9504, '869', 'X Tn Thnh A'),
	(9505, '869', 'X Tn Thnh B'),
	(9506, '869', 'X Tn Phc'),
	(9507, '869', 'X Tn Cng Ch'),
	(9508, '869', 'X An Phc'),
	(9509, '870', 'X Thng Phc 1'),
	(9510, '870', 'X Thng Thi Hu A'),
	(9511, '870', 'Th trn Thng Thi Tin'),
	(9512, '870', 'X Thng Phc 2'),
	(9513, '870', 'X Thng Lc'),
	(9514, '870', 'X Long Khnh A'),
	(9515, '870', 'X Long Khnh B'),
	(9516, '870', 'X Long Thun'),
	(9517, '870', 'X Ph Thun B'),
	(9518, '870', 'X Ph Thun A'),
	(9519, '871', 'Th trn Trm Chim'),
	(9520, '871', 'X Ho Bnh'),
	(9521, '871', 'X Tn Cng Snh'),
	(9522, '871', 'X Ph Hip'),
	(9523, '871', 'X Ph c'),
	(9524, '871', 'X Ph Thnh B'),
	(9525, '871', 'X An Ha'),
	(9526, '871', 'X An Long'),
	(9527, '871', 'X Ph Cng'),
	(9528, '871', 'X Ph Ninh'),
	(9529, '871', 'X Ph Th'),
	(9530, '871', 'X Ph Thnh A'),
	(9531, '872', 'Th trn M An'),
	(9532, '872', 'X Thnh Li'),
	(9533, '872', 'X Hng Thnh'),
	(9534, '872', 'X Trng Xun'),
	(9535, '872', 'X Tn Kiu'),
	(9536, '872', 'X M Ha'),
	(9537, '872', 'X M Qu'),
	(9538, '872', 'X M ng'),
	(9539, '872', 'X c Binh Kiu'),
	(9540, '872', 'X M An'),
	(9541, '872', 'X Ph in'),
	(9542, '872', 'X Lng Bin'),
	(9543, '872', 'X Thanh M'),
	(9544, '873', 'Th trn M Th'),
	(9545, '873', 'X Go Ging'),
	(9546, '873', 'X Phng Thnh'),
	(9547, '873', 'X Ba Sao'),
	(9548, '873', 'X Phong M'),
	(9549, '873', 'X Tn Ngha'),
	(9550, '873', 'X Phng Tr'),
	(9551, '873', 'X Nh M'),
	(9552, '873', 'X M Th'),
	(9553, '873', 'X Tn Hi Trung'),
	(9554, '873', 'X An Bnh'),
	(9555, '873', 'X M Hi'),
	(9556, '873', 'X M Hip'),
	(9557, '873', 'X M Long'),
	(9558, '873', 'X Bnh Hng Trung'),
	(9559, '873', 'X M Xng'),
	(9560, '873', 'X Bnh Hng Ty'),
	(9561, '873', 'X Bnh Thnh'),
	(9562, '874', 'Th trn Thanh Bnh'),
	(9563, '874', 'X Tn Qui'),
	(9564, '874', 'X Tn Ha'),
	(9565, '874', 'X An Phong'),
	(9566, '874', 'X Ph Li'),
	(9567, '874', 'X Tn M'),
	(9568, '874', 'X Bnh Tn'),
	(9569, '874', 'X Tn Hu'),
	(9570, '874', 'X Tn Bnh'),
	(9571, '874', 'X Tn Thnh'),
	(9572, '874', 'X Tn Ph'),
	(9573, '874', 'X Bnh Thnh'),
	(9574, '874', 'X Tn Long'),
	(9575, '875', 'Th trn Lp V'),
	(9576, '875', 'X M An Hng A'),
	(9577, '875', 'X Tn M'),
	(9578, '875', 'X M An Hng B'),
	(9579, '875', 'X Tn  Khnh Trung'),
	(9580, '875', 'X Long Hng A'),
	(9581, '875', 'X Vnh Thnh'),
	(9582, '875', 'X Long Hng B'),
	(9583, '875', 'X Bnh Thnh'),
	(9584, '875', 'X nh An'),
	(9585, '875', 'X nh Yn'),
	(9586, '875', 'X Hi An ng'),
	(9587, '875', 'X Bnh Thnh Trung'),
	(9588, '876', 'Th trn Lai Vung'),
	(9589, '876', 'X Tn Dng'),
	(9590, '876', 'X Ha Thnh'),
	(9591, '876', 'X Long Hu'),
	(9592, '876', 'X Tn Phc'),
	(9593, '876', 'X Ha Long'),
	(9594, '876', 'X Tn Thnh'),
	(9595, '876', 'X Long Thng'),
	(9596, '876', 'X Vnh Thi'),
	(9597, '876', 'X Tn Ha'),
	(9598, '876', 'X nh Ha'),
	(9599, '876', 'X Phong Ha'),
	(9600, '877', 'Th trn Ci Tu H'),
	(9601, '877', 'X An Hip'),
	(9602, '877', 'X An Nhn'),
	(9603, '877', 'X Tn Nhun ng'),
	(9604, '877', 'X Tn Bnh'),
	(9605, '877', 'X Tn Ph Trung'),
	(9606, '877', 'X Ph Long'),
	(9607, '877', 'X An Ph Thun'),
	(9608, '877', 'X Ph Hu'),
	(9609, '877', 'X An Khnh'),
	(9610, '877', 'X Tn Ph'),
	(9611, '877', 'X Ha Tn'),
	(9612, '883', 'Phng M Bnh'),
	(9613, '883', 'Phng M Long'),
	(9614, '883', 'Phng ng Xuyn'),
	(9615, '883', 'Phng M Xuyn'),
	(9616, '883', 'Phng Bnh c'),
	(9617, '883', 'Phng Bnh Khnh'),
	(9618, '883', 'Phng M Phc'),
	(9619, '883', 'Phng M Qu'),
	(9620, '883', 'Phng M Thi'),
	(9621, '883', 'Phng M Thnh'),
	(9622, '883', 'Phng M Ha'),
	(9623, '883', 'X M Khnh'),
	(9624, '883', 'X M Ho Hng'),
	(9625, '884', 'Phng Chu Ph B'),
	(9626, '884', 'Phng Chu Ph A'),
	(9627, '884', 'Phng Vnh M'),
	(9628, '884', 'Phng Ni Sam'),
	(9629, '884', 'Phng Vnh Ngn'),
	(9630, '884', 'X Vnh T'),
	(9631, '884', 'X Vnh Chu'),
	(9632, '886', 'Th trn An Ph'),
	(9633, '886', 'X Khnh An'),
	(9634, '886', 'Th Trn Long Bnh'),
	(9635, '886', 'X Khnh Bnh'),
	(9636, '886', 'X Quc Thi'),
	(9637, '886', 'X Nhn Hi'),
	(9638, '886', 'X Ph Hu'),
	(9639, '886', 'X Ph Hi'),
	(9640, '886', 'X Phc Hng'),
	(9641, '886', 'X Vnh Lc'),
	(9642, '886', 'X Vnh Hu'),
	(9643, '886', 'X Vnh Trng'),
	(9644, '886', 'X Vnh Hi ng'),
	(9645, '886', 'Th trn a Phc'),
	(9646, '887', 'Phng Long Thnh'),
	(9647, '887', 'Phng Long Hng'),
	(9648, '887', 'Phng Long Chu'),
	(9649, '887', 'X Ph Lc'),
	(9650, '887', 'X Vnh Xng'),
	(9651, '887', 'X Vnh Ha'),
	(9652, '887', 'X Tn Thnh'),
	(9653, '887', 'X Tn An'),
	(9654, '887', 'X Long An'),
	(9655, '887', 'Phng Long Ph'),
	(9656, '887', 'X Chu Phong'),
	(9657, '887', 'X Ph Vnh'),
	(9658, '887', 'X L Chnh'),
	(9659, '887', 'Phng Long Sn'),
	(9660, '888', 'Th trn Ph M'),
	(9661, '888', 'Th trn Ch Vm'),
	(9662, '888', 'X Long Ho'),
	(9663, '888', 'X Ph Long'),
	(9664, '888', 'X Ph Lm'),
	(9665, '888', 'X Ph Hip'),
	(9666, '888', 'X Ph Thnh'),
	(9667, '888', 'X Ho Lc'),
	(9668, '888', 'X Ph Thnh'),
	(9669, '888', 'X Ph An'),
	(9670, '888', 'X Ph Xun'),
	(9671, '888', 'X Hip Xng'),
	(9672, '888', 'X Ph Bnh'),
	(9673, '888', 'X Ph Th'),
	(9674, '888', 'X Ph Hng'),
	(9675, '888', 'X Bnh Thnh ng'),
	(9676, '888', 'X Tn Ha'),
	(9677, '888', 'X Tn Trung'),
	(9678, '889', 'Th trn Ci Du'),
	(9679, '889', 'X Khnh Ha'),
	(9680, '889', 'X M c'),
	(9681, '889', 'X M Ph'),
	(9682, '889', 'X  Long V'),
	(9683, '889', 'Th trn Vnh Thnh Trung'),
	(9684, '889', 'X Thnh M Ty'),
	(9685, '889', 'X Bnh Long'),
	(9686, '889', 'X Bnh M'),
	(9687, '889', 'X Bnh Thy'),
	(9688, '889', 'X o Hu Cnh'),
	(9689, '889', 'X Bnh Ph'),
	(9690, '889', 'X Bnh Chnh'),
	(9691, '890', 'Phng Nh Bng'),
	(9692, '890', 'Phng Chi Lng'),
	(9693, '890', 'Phng Ni Voi'),
	(9694, '890', 'Phng Nhn Hng'),
	(9695, '890', 'Phng An Ph'),
	(9696, '890', 'Phng Thi Sn'),
	(9697, '890', 'Phng Tnh Bin'),
	(9698, '890', 'X Vn Gio'),
	(9699, '890', 'X An C'),
	(9700, '890', 'X An Nng'),
	(9701, '890', 'X Vnh Trung'),
	(9702, '890', 'X Tn Li'),
	(9703, '890', 'X An Ho'),
	(9704, '890', 'X Tn Lp'),
	(9705, '891', 'Th trn Tri Tn'),
	(9706, '891', 'Th trn Ba Chc'),
	(9707, '891', 'X Lc Qui'),
	(9708, '891', 'X L Tr'),
	(9709, '891', 'X Vnh Gia'),
	(9710, '891', 'X Vnh Phc'),
	(9711, '891', 'X Chu Lng'),
	(9712, '891', 'X Lng Phi'),
	(9713, '891', 'X Lng An Tr'),
	(9714, '891', 'X T nh'),
	(9715, '891', 'X Ni T'),
	(9716, '891', 'X An Tc'),
	(9717, '891', 'Th trn C T'),
	(9718, '891', 'X Tn Tuyn'),
	(9719, '891', 'X  Lm'),
	(9720, '892', 'Th trn An Chu'),
	(9721, '892', 'X An Ha'),
	(9722, '892', 'X Cn ng'),
	(9723, '892', 'X Vnh Hanh'),
	(9724, '892', 'X Bnh Thnh'),
	(9725, '892', 'Th trn Vnh Bnh'),
	(9726, '892', 'X Bnh Ha'),
	(9727, '892', 'X Vnh An'),
	(9728, '892', 'X Ha Bnh Thnh'),
	(9729, '892', 'X Vnh Li'),
	(9730, '892', 'X Vnh Nhun'),
	(9731, '892', 'X Tn Ph'),
	(9732, '892', 'X Vnh Thnh'),
	(9733, '893', 'Th trn Ch Mi'),
	(9734, '893', 'Th trn M Lung'),
	(9735, '893', 'X Kin An'),
	(9736, '893', 'X M Hi ng'),
	(9737, '893', 'X Long in A'),
	(9738, '893', 'X Tn M'),
	(9739, '893', 'X Long in B'),
	(9740, '893', 'X Kin Thnh'),
	(9741, '893', 'X M Hip'),
	(9742, '893', 'X M An'),
	(9743, '893', 'X Nhn M'),
	(9744, '893', 'X Long Giang'),
	(9745, '893', 'X Long Kin'),
	(9746, '893', 'X Bnh Phc Xun'),
	(9747, '893', 'X An Thnh Trung'),
	(9748, '893', 'Th trn Hi An'),
	(9749, '893', 'X Ha Bnh'),
	(9750, '893', 'X Ha An'),
	(9751, '894', 'Th trn Ni Sp'),
	(9752, '894', 'Th trn Ph Ho'),
	(9753, '894', 'Th Trn c Eo'),
	(9754, '894', 'X Ty Ph'),
	(9755, '894', 'X An Bnh'),
	(9756, '894', 'X Vnh Ph'),
	(9757, '894', 'X Vnh Trch'),
	(9758, '894', 'X Ph Thun'),
	(9759, '894', 'X Vnh Chnh'),
	(9760, '894', 'X nh M'),
	(9761, '894', 'X nh Thnh'),
	(9762, '894', 'X M Ph ng'),
	(9763, '894', 'X Vng ng'),
	(9764, '894', 'X Vnh Khnh'),
	(9765, '894', 'X Thoi Giang'),
	(9766, '894', 'X Bnh Thnh'),
	(9767, '894', 'X Vng Th'),
	(9768, '899', 'Phng Vnh Thanh'),
	(9769, '899', 'Phng Vnh Quang'),
	(9770, '899', 'Phng Vnh Hip'),
	(9771, '899', 'Phng Vnh Thanh Vn'),
	(9772, '899', 'Phng Vnh Lc'),
	(9773, '899', 'Phng An Ha'),
	(9774, '899', 'Phng An Bnh'),
	(9775, '899', 'Phng Rch Si'),
	(9776, '899', 'Phng Vnh Li'),
	(9777, '899', 'Phng Vnh Thng'),
	(9778, '899', 'X Phi Thng'),
	(9779, '900', 'Phng T Chu'),
	(9780, '900', 'Phng ng H'),
	(9781, '900', 'Phng Bnh San'),
	(9782, '900', 'Phng Pho i'),
	(9783, '900', 'Phng M c'),
	(9784, '900', 'X Tin Hi'),
	(9785, '900', 'X Thun Yn'),
	(9786, '902', 'Th trn Kin Lng'),
	(9787, '902', 'X Kin Bnh'),
	(9788, '902', 'X Ha in'),
	(9789, '902', 'X Dng Ha'),
	(9790, '902', 'X Bnh An'),
	(9791, '902', 'X Bnh Tr'),
	(9792, '902', 'X Sn Hi'),
	(9793, '902', 'X Hn Ngh'),
	(9794, '903', 'Th trn Hn t'),
	(9795, '903', 'Th trn Sc Sn'),
	(9796, '903', 'X Bnh Sn'),
	(9797, '903', 'X Bnh Giang'),
	(9798, '903', 'X M Thi'),
	(9799, '903', 'X Nam Thi Sn'),
	(9800, '903', 'X M Hip Sn'),
	(9801, '903', 'X Sn Kin'),
	(9802, '903', 'X Sn Bnh'),
	(9803, '903', 'X M Thun'),
	(9804, '903', 'X Lnh Hunh'),
	(9805, '903', 'X Th Sn'),
	(9806, '903', 'X M Lm'),
	(9807, '903', 'X M Phc'),
	(9808, '904', 'Th trn Tn Hip'),
	(9809, '904', 'X Tn Hi'),
	(9810, '904', 'X Tn Thnh'),
	(9811, '904', 'X Tn Hip B'),
	(9812, '904', 'X Tn Ho'),
	(9813, '904', 'X Thnh ng B'),
	(9814, '904', 'X Thnh ng'),
	(9815, '904', 'X Tn Hip A'),
	(9816, '904', 'X Tn An'),
	(9817, '904', 'X Thnh ng A'),
	(9818, '904', 'X Thnh Tr'),
	(9819, '905', 'Th trn Minh Lng'),
	(9820, '905', 'X Mong Th A'),
	(9821, '905', 'X Mong Th B'),
	(9822, '905', 'X Mong Th'),
	(9823, '905', 'X Gic Tng'),
	(9824, '905', 'X Vnh Ha Hip'),
	(9825, '905', 'X Vnh Ho Ph'),
	(9826, '905', 'X Minh Ha'),
	(9827, '905', 'X Bnh An'),
	(9828, '905', 'X Thnh Lc'),
	(9829, '906', 'Th Trn Ging Ring'),
	(9830, '906', 'X Thnh Hng'),
	(9831, '906', 'X Thnh Phc'),
	(9832, '906', 'X Thnh Lc'),
	(9833, '906', 'X Thnh Ha'),
	(9834, '906', 'X Thnh Bnh'),
	(9835, '906', 'X Bn Thch'),
	(9836, '906', 'X Bn Tn nh'),
	(9837, '906', 'X Ngc Thnh'),
	(9838, '906', 'X Ngc Chc'),
	(9839, '906', 'X Ngc Thun'),
	(9840, '906', 'X Ha Hng'),
	(9841, '906', 'X Ho Li'),
	(9842, '906', 'X Ho An'),
	(9843, '906', 'X Long Thnh'),
	(9844, '906', 'X Vnh Thnh'),
	(9845, '906', 'X Vnh Ph'),
	(9846, '906', 'X  Ha Thun'),
	(9847, '906', 'X Ngc Ho'),
	(9848, '907', 'Th trn G Quao'),
	(9849, '907', 'X Vnh Ha Hng Bc'),
	(9850, '907', 'X nh Ha'),
	(9851, '907', 'X Thi Qun'),
	(9852, '907', 'X nh An'),
	(9853, '907', 'X Thy Liu'),
	(9854, '907', 'X Vnh Ha Hng Nam'),
	(9855, '907', 'X Vnh Phc A'),
	(9856, '907', 'X Vnh Phc B'),
	(9857, '907', 'X Vnh Tuy'),
	(9858, '907', 'X Vnh Thng'),
	(9859, '908', 'Th trn Th Ba'),
	(9860, '908', 'X Ty Yn'),
	(9861, '908', 'X Ty Yn A'),
	(9862, '908', 'X Nam Yn'),
	(9863, '908', 'X Hng Yn'),
	(9864, '908', 'X Nam Thi'),
	(9865, '908', 'X Nam Thi A'),
	(9866, '908', 'X ng Thi'),
	(9867, '908', 'X ng Yn'),
	(9868, '909', 'Th trn Th Mi Mt'),
	(9869, '909', 'X Thun Ho'),
	(9870, '909', 'X ng Ha'),
	(9871, '909', 'X ng Thnh'),
	(9872, '909', 'X Tn Thnh'),
	(9873, '909', 'X ng Hng'),
	(9874, '909', 'X ng Hng A'),
	(9875, '909', 'X ng Hng B'),
	(9876, '909', 'X Vn Khnh'),
	(9877, '909', 'X Vn Khnh ng'),
	(9878, '909', 'X Vn Khnh Ty'),
	(9879, '910', 'Th trn Vnh Thun'),
	(9880, '910', 'X Vnh Bnh Bc'),
	(9881, '910', 'X Vnh Bnh Nam'),
	(9882, '910', 'X Bnh Minh'),
	(9883, '910', 'X Vnh Thun'),
	(9884, '910', 'X Tn Thun'),
	(9885, '910', 'X Phong ng'),
	(9886, '910', 'X Vnh Phong'),
	(9887, '911', 'Phng Dng ng'),
	(9888, '911', 'Phng An Thi'),
	(9889, '911', 'X Ca Cn'),
	(9890, '911', 'X Gnh Du'),
	(9891, '911', 'X Ca Dng'),
	(9892, '911', 'X Hm Ninh'),
	(9893, '911', 'X Dng T'),
	(9894, '911', 'X Bi Thm'),
	(9895, '911', 'X Th Chu'),
	(9896, '912', 'X Hn Tre'),
	(9897, '912', 'X Li Sn'),
	(9898, '912', 'X An Sn'),
	(9899, '912', 'X Nam Du'),
	(9900, '913', 'X Thnh Yn'),
	(9901, '913', 'X Thnh Yn A'),
	(9902, '913', 'X An Minh Bc'),
	(9903, '913', 'X Vnh Ha'),
	(9904, '913', 'X Ho Chnh'),
	(9905, '913', 'X Minh Thun'),
	(9906, '914', 'X Vnh Ph'),
	(9907, '914', 'X Vnh iu'),
	(9908, '914', 'X Tn Khnh Ha'),
	(9909, '914', 'X Ph Li'),
	(9910, '914', 'X Ph M'),
	(9911, '916', 'Phng Ci Kh'),
	(9912, '916', 'Phng An Ha'),
	(9913, '916', 'Phng Thi Bnh'),
	(9914, '916', 'Phng Tn An'),
	(9915, '916', 'Phng Xun Khnh'),
	(9916, '916', 'Phng Hng Li'),
	(9917, '916', 'Phng An Khnh'),
	(9918, '916', 'Phng An Bnh'),
	(9919, '917', 'Phng Chu Vn Lim'),
	(9920, '917', 'Phng Thi Ha'),
	(9921, '917', 'Phng Thi Long'),
	(9922, '917', 'Phng Long Hng'),
	(9923, '917', 'Phng Thi An'),
	(9924, '917', 'Phng Phc Thi'),
	(9925, '917', 'Phng Trng Lc'),
	(9926, '918', 'Phng Bnh Thy'),
	(9927, '918', 'Phng Tr An'),
	(9928, '918', 'Phng Tr Nc'),
	(9929, '918', 'Phng Thi An ng'),
	(9930, '918', 'Phng An Thi'),
	(9931, '918', 'Phng Bi Hu Ngha'),
	(9932, '918', 'Phng Long Ha'),
	(9933, '918', 'Phng Long Tuyn'),
	(9934, '919', 'Phng L Bnh'),
	(9935, '919', 'Phng Hng Ph'),
	(9936, '919', 'Phng Hng Thnh'),
	(9937, '919', 'Phng Ba Lng'),
	(9938, '919', 'Phng Thng Thnh'),
	(9939, '919', 'Phng Ph Th'),
	(9940, '919', 'Phng Tn Ph'),
	(9941, '923', 'Phng Tht Nt'),
	(9942, '923', 'Phng Thi Thun'),
	(9943, '923', 'Phng Thun An'),
	(9944, '923', 'Phng Tn Lc'),
	(9945, '923', 'Phng Trung Nht'),
	(9946, '923', 'Phng Thnh Ho'),
	(9947, '923', 'Phng Trung Kin'),
	(9948, '923', 'Phng Tn Hng'),
	(9949, '923', 'Phng Thun Hng'),
	(9950, '924', 'X Vnh Bnh'),
	(9951, '924', 'Th trn Thanh An'),
	(9952, '924', 'Th trn Vnh Thnh'),
	(9953, '924', 'X Thnh M'),
	(9954, '924', 'X Vnh Trinh'),
	(9955, '924', 'X Thnh An'),
	(9956, '924', 'X Thnh Tin'),
	(9957, '924', 'X Thnh Thng'),
	(9958, '924', 'X Thnh Li'),
	(9959, '924', 'X Thnh Qi'),
	(9960, '924', 'X Thnh Lc'),
	(9961, '925', 'X Trung An'),
	(9962, '925', 'X Trung Thnh'),
	(9963, '925', 'X Thnh Ph'),
	(9964, '925', 'X Trung Hng'),
	(9965, '925', 'Th trn C '),
	(9966, '925', 'X Thi Hng'),
	(9967, '925', 'X ng Hip'),
	(9968, '925', 'X ng Thng'),
	(9969, '925', 'X Thi ng'),
	(9970, '925', 'X Thi Xun'),
	(9971, '926', 'Th trn Phong in'),
	(9972, '926', 'X Nhn i'),
	(9973, '926', 'X Giai Xun'),
	(9974, '926', 'X Tn Thi'),
	(9975, '926', 'X Trng Long'),
	(9976, '926', 'X M Khnh'),
	(9977, '926', 'X Nhn Ngha'),
	(9978, '927', 'Th trn Thi Lai'),
	(9979, '927', 'X Thi Thnh'),
	(9980, '927', 'X Tn Thnh'),
	(9981, '927', 'X Xun Thng'),
	(9982, '927', 'X ng Bnh'),
	(9983, '927', 'X ng Thun'),
	(9984, '927', 'X Thi Tn'),
	(9985, '927', 'X Trng Thng'),
	(9986, '927', 'X nh Mn'),
	(9987, '927', 'X Trng Thnh'),
	(9988, '927', 'X Trng Xun'),
	(9989, '927', 'X Trng Xun A'),
	(9990, '927', 'X Trng Xun B'),
	(9991, '930', 'Phng I'),
	(9992, '930', 'Phng III'),
	(9993, '930', 'Phng IV'),
	(9994, '930', 'Phng V'),
	(9995, '930', 'Phng VII'),
	(9996, '930', 'X V Tn'),
	(9997, '930', 'X Ho Lu'),
	(9998, '930', 'X Tn Tin'),
	(9999, '930', 'X Ho Tin'),
	(10000, '931', 'Phng Ng By'),
	(10001, '931', 'Phng Li Hiu'),
	(10002, '931', 'Phng Hip Thnh'),
	(10003, '931', 'Phng Hip Li'),
	(10004, '931', 'X i Thnh'),
	(10005, '931', 'X Tn Thnh'),
	(10006, '932', 'Th trn Mt Ngn'),
	(10007, '932', 'X Tn Ho'),
	(10008, '932', 'Th trn By Ngn'),
	(10009, '932', 'X Trng Long Ty'),
	(10010, '932', 'X Trng Long A'),
	(10011, '932', 'X Nhn Ngha A'),
	(10012, '932', 'Th trn Rch Gi'),
	(10013, '932', 'X Thnh Xun'),
	(10014, '932', 'Th trn Ci Tc'),
	(10015, '932', 'X Tn Ph Thnh'),
	(10016, '933', 'Th Trn Ng Su'),
	(10017, '933', 'X ng Thnh'),
	(10018, '933', 'X ng Ph'),
	(10019, '933', 'X Ph Hu'),
	(10020, '933', 'X Ph Tn'),
	(10021, '933', 'Th trn Mi Dm'),
	(10022, '933', 'X ng Phc'),
	(10023, '933', 'X ng Phc A'),
	(10024, '934', 'Th trn Kinh Cng'),
	(10025, '934', 'Th trn Cy Dng'),
	(10026, '934', 'X Tn Bnh'),
	(10027, '934', 'X Bnh Thnh'),
	(10028, '934', 'X Thnh Ha'),
	(10029, '934', 'X Long Thnh'),
	(10030, '934', 'X Phng Hip'),
	(10031, '934', 'X Ha M'),
	(10032, '934', 'X Ha An'),
	(10033, '934', 'X Phng Bnh'),
	(10034, '934', 'X Hip Hng'),
	(10035, '934', 'X Tn Phc Hng'),
	(10036, '934', 'Th trn Bng Tu'),
	(10037, '934', 'X Phng Ph'),
	(10038, '934', 'X Tn Long'),
	(10039, '935', 'Th trn Nng Mau'),
	(10040, '935', 'X V Trung'),
	(10041, '935', 'X V Thu'),
	(10042, '935', 'X V Thng'),
	(10043, '935', 'X Vnh Thun Ty'),
	(10044, '935', 'X Vnh Trung'),
	(10045, '935', 'X Vnh Tng'),
	(10046, '935', 'X V ng'),
	(10047, '935', 'X V Thanh'),
	(10048, '935', 'X V Bnh'),
	(10049, '936', 'X Thun Hng'),
	(10050, '936', 'X Thun Ha'),
	(10051, '936', 'X Vnh Thun ng'),
	(10052, '936', 'Th trn Vnh Vin'),
	(10053, '936', 'X Vnh Vin A'),
	(10054, '936', 'X Lng Tm'),
	(10055, '936', 'X Lng Ngha'),
	(10056, '936', 'X X Phin'),
	(10057, '937', 'Phng Thun An'),
	(10058, '937', 'Phng Tr Lng'),
	(10059, '937', 'Phng Bnh Thnh'),
	(10060, '937', 'X Long Bnh'),
	(10061, '937', 'Phng Vnh Tng'),
	(10062, '937', 'X Long Tr'),
	(10063, '937', 'X Long Tr A'),
	(10064, '937', 'X Long Ph'),
	(10065, '937', 'X Tn Ph'),
	(10066, '941', 'Phng 5'),
	(10067, '941', 'Phng 7'),
	(10068, '941', 'Phng 8'),
	(10069, '941', 'Phng 6'),
	(10070, '941', 'Phng 2'),
	(10071, '941', 'Phng 4'),
	(10072, '941', 'Phng 3'),
	(10073, '941', 'Phng 1'),
	(10074, '941', 'Phng 10'),
	(10075, '942', 'Th trn Chu Thnh'),
	(10076, '942', 'X H c Kin'),
	(10077, '942', 'X Ph Tm'),
	(10078, '942', 'X Thun Ha'),
	(10079, '942', 'X Ph Tn'),
	(10080, '942', 'X Thin M'),
	(10081, '942', 'X An Hip'),
	(10082, '942', 'X An Ninh'),
	(10083, '943', 'Th trn K Sch'),
	(10084, '943', 'Th trn An Lc Thn'),
	(10085, '943', 'X Xun Ha'),
	(10086, '943', 'X Phong Nm'),
	(10087, '943', 'X An Lc Ty'),
	(10088, '943', 'X Trinh Ph'),
	(10089, '943', 'X Ba Trinh'),
	(10090, '943', 'X Thi An Hi'),
	(10091, '943', 'X Nhn M'),
	(10092, '943', 'X K Thnh'),
	(10093, '943', 'X K An'),
	(10094, '943', 'X i Hi'),
	(10095, '943', 'X An M'),
	(10096, '944', 'Th trn Hunh Hu Ngha'),
	(10097, '944', 'X Long Hng'),
	(10098, '944', 'X Hng Ph'),
	(10099, '944', 'X M Hng'),
	(10100, '944', 'X M T'),
	(10101, '944', 'X M Phc'),
	(10102, '944', 'X Thun Hng'),
	(10103, '944', 'X M Thun'),
	(10104, '944', 'X Ph M'),
	(10105, '945', 'Th trn C Lao Dung'),
	(10106, '945', 'X An Thnh 1'),
	(10107, '945', 'X An Thnh Ty'),
	(10108, '945', 'X An Thnh ng'),
	(10109, '945', 'X i n 1'),
	(10110, '945', 'X An Thnh 2'),
	(10111, '945', 'X An Thnh 3'),
	(10112, '945', 'X An Thnh Nam'),
	(10113, '946', 'Th trn Long Ph'),
	(10114, '946', 'X Song Phng'),
	(10115, '946', 'Th trn i Ngi'),
	(10116, '946', 'X Hu Thnh'),
	(10117, '946', 'X Long c'),
	(10118, '946', 'X Trng Khnh'),
	(10119, '946', 'X Ph Hu'),
	(10120, '946', 'X Tn Hng'),
	(10121, '946', 'X Chu Khnh'),
	(10122, '946', 'X Tn Thnh'),
	(10123, '946', 'X Long Ph'),
	(10124, '947', 'Th trn M Xuyn'),
	(10125, '947', 'X i Tm'),
	(10126, '947', 'X Tham n'),
	(10127, '947', 'X Thnh Ph'),
	(10128, '947', 'X Ngc ng'),
	(10129, '947', 'X Thnh Qui'),
	(10130, '947', 'X Ha T 1'),
	(10131, '947', 'X Gia Ha 1'),
	(10132, '947', 'X Ngc T'),
	(10133, '947', 'X Gia Ha 2'),
	(10134, '947', 'X Ha T II'),
	(10135, '948', 'Phng 1'),
	(10136, '948', 'Phng 2'),
	(10137, '948', 'X Vnh Qui'),
	(10138, '948', 'X Tn Long'),
	(10139, '948', 'X Long Bnh'),
	(10140, '948', 'Phng 3'),
	(10141, '948', 'X M Bnh'),
	(10142, '948', 'X M Qui'),
	(10143, '949', 'Th trn Ph Lc'),
	(10144, '949', 'Th trn Hng Li'),
	(10145, '949', 'X Lm Tn'),
	(10146, '949', 'X Thnh Tn'),
	(10147, '949', 'X Lm Kit'),
	(10148, '949', 'X Tun Tc'),
	(10149, '949', 'X Vnh Thnh'),
	(10150, '949', 'X Thnh Tr'),
	(10151, '949', 'X Vnh Li'),
	(10152, '949', 'X Chu Hng'),
	(10153, '950', 'Phng 1'),
	(10154, '950', 'X Ha ng'),
	(10155, '950', 'Phng Khnh Ha'),
	(10156, '950', 'X Vnh Hip'),
	(10157, '950', 'X Vnh Hi'),
	(10158, '950', 'X Lc Ha'),
	(10159, '950', 'Phng 2'),
	(10160, '950', 'Phng Vnh Phc'),
	(10161, '950', 'X Vnh Tn'),
	(10162, '950', 'X Lai Ha'),
	(10163, '951', 'X i n  2'),
	(10164, '951', 'Th trn Trn '),
	(10165, '951', 'X Liu T'),
	(10166, '951', 'X Lch Hi Thng'),
	(10167, '951', 'Th trn Lch Hi Thng'),
	(10168, '951', 'X Trung Bnh'),
	(10169, '951', 'X Ti Vn'),
	(10170, '951', 'X Vin An'),
	(10171, '951', 'X Thnh Thi An'),
	(10172, '951', 'X Thnh Thi Thun'),
	(10173, '951', 'X Vin Bnh'),
	(10174, '954', 'Phng 2'),
	(10175, '954', 'Phng 3'),
	(10176, '954', 'Phng 5'),
	(10177, '954', 'Phng 7'),
	(10178, '954', 'Phng 1'),
	(10179, '954', 'Phng 8'),
	(10180, '954', 'Phng Nh Mt'),
	(10181, '954', 'X Vnh Trch'),
	(10182, '954', 'X Vnh Trch ng'),
	(10183, '954', 'X Hip Thnh'),
	(10184, '956', 'Th trn Ngan Da'),
	(10185, '956', 'X Ninh Qui'),
	(10186, '956', 'X Ninh Qui A'),
	(10187, '956', 'X Ninh Ha'),
	(10188, '956', 'X Lc Ninh'),
	(10189, '956', 'X Vnh Lc'),
	(10190, '956', 'X Vnh Lc A'),
	(10191, '956', 'X Ninh Thnh Li A'),
	(10192, '956', 'X Ninh Thnh Li'),
	(10193, '957', 'Th trn Phc Long'),
	(10194, '957', 'X Vnh Ph ng'),
	(10195, '957', 'X Vnh Ph Ty'),
	(10196, '957', 'X Phc Long'),
	(10197, '957', 'X Hng Ph'),
	(10198, '957', 'X Vnh Thanh'),
	(10199, '957', 'X Phong Thnh Ty A'),
	(10200, '957', 'X Phong Thnh Ty B'),
	(10201, '958', 'X Vnh Hng'),
	(10202, '958', 'X Vnh Hng A'),
	(10203, '958', 'Th trn Chu Hng'),
	(10204, '958', 'X Chu Hng A'),
	(10205, '958', 'X Hng Thnh'),
	(10206, '958', 'X Hng Hi'),
	(10207, '958', 'X Chu Thi'),
	(10208, '958', 'X Long Thnh'),
	(10209, '959', 'Phng 1'),
	(10210, '959', 'Phng H Phng'),
	(10211, '959', 'X Phong Thnh ng'),
	(10212, '959', 'Phng Lng Trn'),
	(10213, '959', 'X Phong Tn'),
	(10214, '959', 'X Tn Phong'),
	(10215, '959', 'X Phong Thnh'),
	(10216, '959', 'X Phong Thnh A'),
	(10217, '959', 'X Phong Thnh Ty'),
	(10218, '959', 'X Tn Thnh'),
	(10219, '960', 'Th trn Gnh Ho'),
	(10220, '960', 'X Long in ng'),
	(10221, '960', 'X Long in ng A'),
	(10222, '960', 'X Long in'),
	(10223, '960', 'X Long in Ty'),
	(10224, '960', 'X in Hi'),
	(10225, '960', 'X An Trch'),
	(10226, '960', 'X An Trch A'),
	(10227, '960', 'X An Phc'),
	(10228, '960', 'X nh Thnh'),
	(10229, '960', 'X nh Thnh A'),
	(10230, '961', 'Th trn Ha Bnh'),
	(10231, '961', 'X Minh Diu'),
	(10232, '961', 'X Vnh Bnh'),
	(10233, '961', 'X Vnh M B'),
	(10234, '961', 'X Vnh Hu'),
	(10235, '961', 'X Vnh Hu A'),
	(10236, '961', 'X Vnh M A'),
	(10237, '961', 'X Vnh Thnh'),
	(10238, '964', 'Phng 9'),
	(10239, '964', 'Phng 2'),
	(10240, '964', 'Phng 1'),
	(10241, '964', 'Phng 5'),
	(10242, '964', 'Phng 8'),
	(10243, '964', 'Phng 6'),
	(10244, '964', 'Phng 7'),
	(10245, '964', 'Phng Tn Xuyn'),
	(10246, '964', 'X An Xuyn'),
	(10247, '964', 'Phng Tn Thnh'),
	(10248, '964', 'X Tn Thnh'),
	(10249, '964', 'X Tc Vn'),
	(10250, '964', 'X L Vn Lm'),
	(10251, '964', 'X nh Bnh'),
	(10252, '964', 'X Ha Thnh'),
	(10253, '964', 'X Ha Tn'),
	(10254, '966', 'Th trn U Minh'),
	(10255, '966', 'X Khnh Ha'),
	(10256, '966', 'X Khnh Thun'),
	(10257, '966', 'X Khnh Tin'),
	(10258, '966', 'X Nguyn Phch'),
	(10259, '966', 'X Khnh Lm'),
	(10260, '966', 'X Khnh An'),
	(10261, '966', 'X Khnh Hi'),
	(10262, '967', 'Th trn Thi Bnh'),
	(10263, '967', 'X Bin Bch'),
	(10264, '967', 'X Tn Bng'),
	(10265, '967', 'X Tr Phi'),
	(10266, '967', 'X Tr Lc'),
	(10267, '967', 'X Bin Bch ng'),
	(10268, '967', 'X Thi Bnh'),
	(10269, '967', 'X Tn Ph'),
	(10270, '967', 'X Tn Lc Bc'),
	(10271, '967', 'X Tn Lc'),
	(10272, '967', 'X Tn Lc ng'),
	(10273, '967', 'X H Th K'),
	(10274, '968', 'Th trn Trn Vn Thi'),
	(10275, '968', 'Th trn Sng c'),
	(10276, '968', 'X Khnh Bnh Ty Bc'),
	(10277, '968', 'X Khnh Bnh Ty'),
	(10278, '968', 'X Trn Hi'),
	(10279, '968', 'X Khnh Lc'),
	(10280, '968', 'X Khnh Bnh'),
	(10281, '968', 'X Khnh Hng'),
	(10282, '968', 'X Khnh Bnh ng'),
	(10283, '968', 'X Khnh Hi'),
	(10284, '968', 'X Li An'),
	(10285, '968', 'X Phong in'),
	(10286, '968', 'X Phong Lc'),
	(10287, '969', 'Th trn Ci Nc'),
	(10288, '969', 'X Thnh Ph'),
	(10289, '969', 'X Lng Th Trn'),
	(10290, '969', 'X Ph Hng'),
	(10291, '969', 'X Tn Hng'),
	(10292, '969', 'X Hng M'),
	(10293, '969', 'X Ho M'),
	(10294, '969', 'X ng Hng'),
	(10295, '969', 'X ng Thi'),
	(10296, '969', 'X Tn Hng ng'),
	(10297, '969', 'X Trn Thi'),
	(10298, '970', 'Th trn m Di'),
	(10299, '970', 'X T An Khng'),
	(10300, '970', 'X T An Khng  ng'),
	(10301, '970', 'X Trn Phn'),
	(10302, '970', 'X Tn Trung'),
	(10303, '970', 'X Tn c'),
	(10304, '970', 'X Tn Thun'),
	(10305, '970', 'X T An Khng  Nam'),
	(10306, '970', 'X Tn Duyt'),
	(10307, '970', 'X Tn Dn'),
	(10308, '970', 'X Tn Tin'),
	(10309, '970', 'X Quch Phm Bc'),
	(10310, '970', 'X Quch Phm'),
	(10311, '970', 'X Thanh Tng'),
	(10312, '970', 'X Ngc Chnh'),
	(10313, '970', 'X Nguyn Hun'),
	(10314, '971', 'Th Trn Nm Cn'),
	(10315, '971', 'X Hm Rng'),
	(10316, '971', 'X Hip Tng'),
	(10317, '971', 'X t Mi'),
	(10318, '971', 'X Lm Hi'),
	(10319, '971', 'X Hng Vnh'),
	(10320, '971', 'X Tam Giang'),
	(10321, '971', 'X Tam Giang ng'),
	(10322, '972', 'Th trn Ci i Vm'),
	(10323, '972', 'X Ph Thun'),
	(10324, '972', 'X Ph M'),
	(10325, '972', 'X Ph Tn'),
	(10326, '972', 'X Tn Hi'),
	(10327, '972', 'X Vit Thng'),
	(10328, '972', 'X Tn Hng Ty'),
	(10329, '972', 'X Rch Cho'),
	(10330, '972', 'X Nguyn Vit Khi'),
	(10331, '973', 'X Tam Giang Ty'),
	(10332, '973', 'X Tn n Ty'),
	(10333, '973', 'X Vin An ng'),
	(10334, '973', 'X Vin An'),
	(10335, '973', 'Th trn Rch Gc'),
	(10336, '973', 'X Tn n'),
	(10337, '973', 'X t Mi');


--
-- Data for Name: donation; Type: TABLE DATA; Schema: public; Owner: postgres
--

INSERT INTO "public"."donation" ("id", "role", "fullname", "email", "phonenumber", "cango", "mask", "rice", "noodle", "vegetable", "meat", "address_id") VALUES
	('f0a940f4-5626-489c-9a9c-382c2ea9beb2', 'RECEIVER', 'Nguyn Vn A', 'nguyenvana@example.com', '0901234567', true, 5.5, 10, 3, 2, 4, '3d3692ba-7d9e-457a-a582-7a76a7e4de26'),
	('25db64e9-1d69-48d5-b345-60ba186485b1', 'GIVER', 'Trn Th B', 'tranthib@example.com', '0912345678', true, 2, 8, 4.5, 3, 5, '3d3692ba-7d9e-457a-a582-7a76a7e4de26'),
	('e2f31ebe-2d89-48c3-ba8c-a88693af6385', 'RECEIVER', 'L Minh C', 'leminhc@example.com', '0923456789', false, 3.5, 7, 2, 1, 2.5, '3d3692ba-7d9e-457a-a582-7a76a7e4de26'),
	('3a409bb3-86bf-4468-9d5e-f98ba50c6163', 'GIVER', 'Phan Hu D', 'phanhuud@example.com', '0934567890', true, 1, 6, 3.5, 4, 6, '3d3692ba-7d9e-457a-a582-7a76a7e4de26'),
	('1126d45c-8c06-4d35-8c3e-a8b01f789fb1', 'RECEIVER', 'Hong Th E', 'hoangthie@example.com', '0945678901', true, 4, 5.5, 3.5, 1.5, 4.5, '3d3692ba-7d9e-457a-a582-7a76a7e4de26'),
	('158c5e66-053f-4ae1-93a0-3411c81e942c', 'GIVER', 'V Minh F', 'vuminhf@example.com', '0956789012', true, 6, 9.5, 4, 2.5, 3, '3d3692ba-7d9e-457a-a582-7a76a7e4de26'),
	('558d9f41-b17c-4be6-be7e-d5c7359ae95e', 'RECEIVER', 'Bi Th G', 'buihig@example.com', '0967890123', false, 2.5, 4, 3, 2, 1.5, '3d3692ba-7d9e-457a-a582-7a76a7e4de26'),
	('f5d85c68-f6fa-49dd-90bb-cc7de0f1c47b', 'GIVER', 'Ng Vn H', 'ngovanh@example.com', '0978901234', true, 3, 7.5, 5, 1, 2, '3d3692ba-7d9e-457a-a582-7a76a7e4de26'),
	('96ee42f7-66a4-4732-b517-9ad912086271', 'RECEIVER', ' Minh I', 'dominhi@example.com', '0989012345', true, 4.5, 6, 2.5, 3.5, 2, '3d3692ba-7d9e-457a-a582-7a76a7e4de26'),
	('e61e3a11-db39-4a4d-88d6-5197676e0ed2', 'GIVER', 'Phm Th J', 'phamthij@example.com', '0990123456', true, 3.5, 8, 4.5, 2.5, 5.5, '3d3692ba-7d9e-457a-a582-7a76a7e4de26'),
	('8c94f9d2-dc0c-4ea5-aedd-d2a1fdd25a27', 'volunteer', 'Nguyn Vn A', 'nguyenvana@example.com', '0123456789', true, 100, 50, 100, 30, 20, '12e595f0-52f8-457d-bdfc-a704c39073a5'),
	('491988a1-9e49-43c9-82bc-049a1ece0842', 'GIVER', 'watanabilinlin@gmail.com', 'watanabilinlin@gmail.com', '123', true, 1, 1, 1, 1, 1, '69d0986d-918d-4bf0-9bce-7e0ac61701a3'),
	('df0031d6-0b6a-4567-bea8-e277de630970', 'GIVER', 'watanabilinlin@gmail.com', 'watanabilinlin@gmail.com', '123', true, 1, 1, 1, 1, 1, '76f59e35-9d82-458b-ace5-07d2c3c2b48e'),
	('ca88db08-272c-42ee-a863-c4302180a6aa', 'GIVER', 'watanabilinlin@gmail.com', 'watanabilinlin@gmail.com', '123', true, 1, 1, 1, 1, 1, 'ea806062-af76-4be7-b6ad-6f5981c0c5b0'),
	('b8d7d9d4-8251-4c15-bb20-8f08f38db97d', 'GIVER', 'watanabilinlin@gmail.com', 'watanabilinlin@gmail.com', '111111', true, 1, 1, 1, 1, 1, '15162853-ea89-4061-b93c-fe627c65f8b2');


--
-- Data for Name: geometries; Type: TABLE DATA; Schema: public; Owner: postgres
--



--
-- Data for Name: issue_event; Type: TABLE DATA; Schema: public; Owner: postgres
--

INSERT INTO "public"."issue_event" ("id", "created_at", "title", "description", "label") VALUES
	('0cc3dc60-ff93-442f-8294-9f94edd4ab06', '2024-12-08 12:25:59.280848+00', 'Test Event Title', 'Test Event Description', 'Test Label');


--
-- Data for Name: place; Type: TABLE DATA; Schema: public; Owner: postgres
--

INSERT INTO "public"."place" ("id", "created_at", "place_type", "additional_info", "location", "radius", "lattitude", "longitude") VALUES
	('32a63e2a-f108-4abe-87ee-6480253ab05a', '2023-11-05 12:00:00+00', 'dch bnh', '{"description": "Dch cm ti H Ni"}', '0101000020E6100000910F7A36AB765A409EEFA7C64B073540', 50, 21.0285, 105.8542),
	('56fadc6a-884e-4dae-a47a-4b6e25099bc9', '2023-11-06 12:00:00+00', 'dch bnh', '{"description": "Dch st xut huyt ti H Ch Minh"}', '0101000020E6100000545227A089AC5A40DAACFA5C6DA52540', 55, 10.8231, 106.6959),
	('4896b39b-bada-4e11-b4db-24e26bf99e17', '2023-11-07 12:00:00+00', 'dch bnh', '{"description": "Dch Covid-19 ti  Nng"}', '0101000020E61000006B2BF697DD0F5B4040A4DFBE0E0C3040', 60, 16.0471, 108.2479),
	('f64c79b7-ea03-42dc-8161-79051486de85', '2023-11-08 12:00:00+00', 'dch bnh', '{"description": "Dch thy u ti Hi Phng"}', '0101000020E61000005396218E75AD5A40F163CC5D4BD83440', 65, 20.8449, 106.7103),
	('f27a6ede-933f-4349-a447-f4e077a98215', '2023-11-09 12:00:00+00', 'dch bnh', '{"description": "Dch vim gan ti Cn Th"}', '0101000020E610000039B4C876BE6F5A40D7A3703D0A172440', 70, 10.045, 105.746),
	('e8e3f02d-a5ec-4211-89c5-9518677545e0', '2023-11-10 12:00:00+00', 'dch bnh', '{"description": "Dch lao ti Hu"}', '0101000020E6100000DAACFA5C6DE55A404A0C022B87763040', 75, 16.463, 107.5848),
	('02b3f8e0-bbf2-4368-bee0-5d89aba95b2b', '2023-11-11 12:00:00+00', 'dch bnh', '{"description": "Dch chn tay ming ti Qung Ngi"}', '0101000020E6100000BBB88D06F0325B407AA52C431CCB2D40', 80, 14.8967, 108.7959),
	('b2709740-35eb-48f9-8849-7f84d6b3eb55', '2023-11-12 12:00:00+00', 'dch bnh', '{"description": "Dch Covid-19 ti Qung Ninh"}', '0101000020E610000007CE1951DAC75A40C976BE9F1AFF3440', 85, 20.9965, 107.1227),
	('1feacd22-7d2d-4b48-b101-fecdf3f4cc70', '2023-11-13 12:00:00+00', 'dch bnh', '{"description": "Dch cm A ti Bnh Dng"}', '0101000020E61000004703780B24AC5A4035EF384547F22540', 90, 10.9732, 106.6897),
	('437f107a-61db-4a14-a784-f87278a317be', '2023-11-14 12:00:00+00', 'dch bnh', '{"description": "Dch st rt ti Gia Lai"}', '0101000020E610000020D26F5F07025B407DAEB6627FF92B40', 95, 13.9873, 108.0317),
	('f0ae034b-1608-4dc4-b4c2-6cd8bef3a07e', '2023-11-15 12:00:00+00', 'dch bnh', '{"description": "Dch thy u ti Qung Nam"}', '0101000020E6100000E0BE0E9C331E5B4083C0CAA145562F40', 100, 15.6685, 108.4719),
	('b740ce7f-3864-4106-b29e-5d0dd5660a2e', '2023-11-16 12:00:00+00', 'dch bnh', '{"description": "Dch cm gia cm ti Bc Giang"}', '0101000020E6100000014D840D4F8B5A402D431CEBE2463540', 105, 21.2769, 106.1767),
	('ac5716c0-85ee-4fb6-9e4a-93f5e0befa86', '2023-11-17 12:00:00+00', 'dch bnh', '{"description": "Dch st xut huyt ti Lng Sn"}', '0101000020E61000005BD3BCE314A55A407CF2B0506BDA3540', 110, 21.8532, 106.5794),
	('ffdd190a-dbf6-4443-8c0b-f511b281455c', '2023-11-18 12:00:00+00', 'dch bnh', '{"description": "Dch Covid-19 ti Thanh Ha"}', '0101000020E6100000E8D9ACFA5C715A40E5D022DBF9CE3340', 115, 19.8085, 105.7713),
	('d3198276-021d-4b12-9377-a3ffa31886d3', '2023-11-19 12:00:00+00', 'dch bnh', '{"description": "Dch vim gan B ti Long An"}', '0101000020E61000000BB5A679C79D5A408716D9CEF7F32440', 120, 10.4765, 106.4653),
	('88d9edd7-50c4-4a53-9f61-436e67305775', '2023-11-20 12:00:00+00', 'dch bnh', '{"description": "Dch vim phi ti An Giang"}', '0101000020E6100000EA04341136605A406C787AA52CC32440', 125, 10.3812, 105.5033),
	('a77e33b6-0d63-4a21-ae9d-31d3710e31da', '2023-11-21 12:00:00+00', 'dch bnh', '{"description": "Dch cm ma ti Bnh Phc"}', '0101000020E610000039D6C56D34B45A403F355EBA496C2740', 130, 11.7115, 106.8157),
	('525ae879-5a13-4f94-9957-8be1567f620c', '2023-11-22 12:00:00+00', 'dch bnh', '{"description": "Dch tay chn ming ti B Ra - Vng Tu"}', '0101000020E61000001DC9E53FA4C75A4012143FC6DCB52440', 135, 10.3552, 107.1194),
	('b8a816cd-8acf-4392-ba46-0e53f2dbe1ab', '2023-11-23 12:00:00+00', 'dch bnh', '{"description": "Dch st xut huyt ti Ninh Bnh"}', '0101000020E6100000728A8EE4F27B5A40355EBA490C423440', 140, 20.258, 105.9367),
	('841480ac-b962-4090-b921-5cb81e4c80e2', '2024-12-08 13:16:25.899277+00', 'dch bnh', '{"description":"M t v tnh trng ny","place":"ng V Vn Ngn, Linh Chiu, Th c, H Ch Minh","title":"Covid 19"}', '0101000020E610000022AA4B216BB15A40E0DB4F21B2B32540', 500000, 10.850968, 106.77216),
	('4bc17d96-5ade-4724-96a0-5bb21ea2c4de', '2024-12-08 13:19:54.523874+00', 'dch bnh', '{"description":"M t v tnh trng ny","place":"ng V Vn Ngn, Linh Chiu, Th c, H Ch Minh","title":"Covid 19"}', '0101000020E610000022AA4B216BB15A40E0DB4F21B2B32540', 500000, 10.850968, 106.77216),
	('2fa9fd46-6a06-45f1-98f8-1ed37c04d408', '2024-12-08 13:19:54.523874+00', 'dch bnh', '{"description":"M t v tnh trng ny","place":"Bnh Th, Th c, H Ch Minh","title":"Covid 19"}', '0101000020E6100000961BB1BBE5B05A40BC3B32569BAF2540', 255000, 10.842982, 106.76402),
	('9ab23c95-178c-438c-9d76-9d1f3e31190f', '2024-12-08 13:22:25.029372+00', 'dch bnh', '{"description":"M t v tnh trng ny","place":"ng V Vn Ngn, Linh Chiu, Th c, H Ch Minh","title":"Covid 19"}', '0101000020E610000022AA4B216BB15A40E0DB4F21B2B32540', 500000, 10.850968, 106.77216),
	('367510fb-6b9d-4642-86a5-1463f81dcc5a', '2024-12-08 13:22:25.029372+00', 'dch bnh', '{"description":"M t v tnh trng ny","place":"Bnh Th, Th c, H Ch Minh","title":"Covid 19"}', '0101000020E6100000961BB1BBE5B05A40BC3B32569BAF2540', 255000, 10.842982, 106.76402),
	('3af2b6ad-1693-4269-a768-1e04c36c97d9', '2024-12-08 13:24:52.706678+00', 'dch bnh', '{"description":"M t v tnh trng ny","place":"ng V Vn Ngn, Linh Chiu, Th c, H Ch Minh","title":"Covid 19"}', '0101000020E610000022AA4B216BB15A40E0DB4F21B2B32540', 500000, 10.850968, 106.77216),
	('0e35c95c-06f5-4059-bee8-d8802bc7636e', '2024-12-08 13:24:52.706678+00', 'dch bnh', '{"description":"M t v tnh trng ny","place":"Bnh Th, Th c, H Ch Minh","title":"Covid 19"}', '0101000020E6100000961BB1BBE5B05A40BC3B32569BAF2540', 255000, 10.842982, 106.76402),
	('667cc371-731d-4fe3-b4e8-ec728b486531', '2024-12-08 13:27:05.639588+00', 'dch bnh', '{"place":"ng V Vn Ngn, Linh Chiu, Th c, H Ch Minh","title":"Covid 19","description":"M t v tnh trng ny"}', '0101000020E610000022AA4B216BB15A40E0DB4F21B2B32540', 500000, 10.850968, 106.77216),
	('7308bc87-26aa-4b57-98e8-78e6aa5b178b', '2024-12-08 13:27:05.639588+00', 'dch bnh', '{"place":"Bnh Th, Th c, H Ch Minh","title":"Covid 19","description":"M t v tnh trng ny"}', '0101000020E6100000961BB1BBE5B05A40BC3B32569BAF2540', 255000, 10.842982, 106.76402),
	('ed4e19e2-0907-44f9-baac-dde26c17a512', '2024-12-08 13:29:49.13215+00', 'dch bnh', '{"place":"ng V Vn Ngn, Linh Chiu, Th c, H Ch Minh","title":"Covid 19","description":"M t v tnh trng ny"}', '0101000020E610000022AA4B216BB15A40E0DB4F21B2B32540', 500000, 10.850968, 106.77216),
	('706b9c1e-260f-4124-84f3-86b48501352f', '2024-12-08 13:29:49.13215+00', 'dch bnh', '{"place":"Bnh Th, Th c, H Ch Minh","title":"Covid 19","description":"M t v tnh trng ny"}', '0101000020E6100000961BB1BBE5B05A40BC3B32569BAF2540', 255000, 10.842982, 106.76402),
	('d535b973-ffb1-4c77-8cf4-2b4a7ffdc809', '2024-12-08 13:31:35.777376+00', 'dch bnh', '{"place":"ng V Vn Ngn, Linh Chiu, Th c, H Ch Minh","title":"Covid 19","description":"M t v tnh trng ny"}', '0101000020E610000022AA4B216BB15A40E0DB4F21B2B32540', 500000, 10.850968, 106.77216),
	('0a901dc3-ce35-42b4-8305-93ef225d15df', '2023-10-14 12:00:00+00', 'thin tai', '{"description": "L lt ti Thanh Ha"}', '0101000020E61000004CA60A4625715A403B014D840DCF3340', 75, 19.8088, 105.7679),
	('1f8d92cb-4001-439d-b7eb-f70b6d8f0a2a', '2023-10-15 12:00:00+00', 'cu tr', '{"description": "Trung tm cu tr ti H Tnh"}', '0101000020E6100000D1915CFE437A5A40401361C3D35B3240', 80, 18.3587, 105.9104),
	('7deb0d70-0d9d-4e7d-bf9e-025c2ed06efb', '2023-10-16 12:00:00+00', 'an ton', '{"description": "Khu vc an ton ti Vnh Long"}', '0101000020E610000035EF3845477E5A40E09C11A5BD812440', 85, 10.2534, 105.9731),
	('2a31a0a1-d3c5-4a65-a6b2-14e249112f34', '2023-10-17 12:00:00+00', 'thin tai', '{"description": "ng t ti Lai Chu"}', '0101000020E610000024B9FC87F4CF59408351499D80363640', 90, 22.2129, 103.2493),
	('ef887355-88c5-4ee5-9d6f-dfa0cbff5aca', '2023-10-18 12:00:00+00', 'cu tr', '{"description": "Trung tm cu tr ti Ninh Bnh"}', '0101000020E6100000728A8EE4F27B5A40355EBA490C423440', 95, 20.258, 105.9367),
	('cb313803-bdd5-4928-a9fd-b097a57666fd', '2023-10-19 12:00:00+00', 'an ton', '{"description": "Khu vc an ton ti Ph Yn"}', '0101000020E6100000FAEDEBC039435B40B98D06F016282A40', 100, 13.0783, 109.0504),
	('57f3d5c6-8a27-4508-8696-e60e48d3065f', '2023-10-20 12:00:00+00', 'thin tai', '{"description": "Bo ti Qung Tr"}', '0101000020E61000006FF085C954C55A40728A8EE4F2BF3040', 105, 16.7498, 107.0833),
	('f0fbc46c-e2df-494f-98a5-5a2faf36df20', '2023-10-21 12:00:00+00', 'cu tr', '{"description": "Trm cu tr ti Hi Dng"}', '0101000020E610000069006F8104955A4072F90FE9B7EF3440', 110, 20.9364, 106.3284),
	('8f44d8c1-276e-416d-90d9-0462b0816fb2', '2023-10-22 12:00:00+00', 'an ton', '{"description": "Khu vc an ton ti Qung Nam"}', '0101000020E6100000E0BE0E9C331E5B4083C0CAA145562F40', 115, 15.6685, 108.4719),
	('141ab088-104f-44a2-aa8c-8fea77cb18db', '2023-10-23 12:00:00+00', 'thin tai', '{"description": "L ti Bc Giang"}', '0101000020E6100000C8073D9B558B5A402D431CEBE2463540', 120, 21.2769, 106.1771),
	('97f27628-5169-48c0-9999-b1b932b97ba5', '2023-10-24 12:00:00+00', 'cu tr', '{"description": "Trung tm cu tr ti Bnh Dng"}', '0101000020E6100000EE5A423EE8AD5A40D42B6519E2F82540', 125, 10.9861, 106.7173),
	('b8a37212-001f-4081-be72-ad750ec92aaf', '2023-10-25 12:00:00+00', 'an ton', '{"description": "Khu vc an ton ti Kin Giang"}', '0101000020E610000044FAEDEBC0395A40A089B0E1E9952240', 130, 9.2928, 104.9024),
	('09d35fd7-7ea4-4205-86c4-3b8e508e8680', '2023-10-26 12:00:00+00', 'thin tai', '{"description": "Hn hn ti k Lk"}', '0101000020E6100000637FD93D791C5B409E5E29CB10672940', 135, 12.7013, 108.4449),
	('4a99eb9b-75bf-4e12-8bec-72d2748b7a82', '2023-10-27 12:00:00+00', 'cu tr', '{"description": "Trm cu tr ti Tin Giang"}', '0101000020E61000003480B74082965A40B22E6EA3017C2440', 140, 10.2422, 106.3517),
	('9f25fc91-3382-42ac-9126-3e2d23aad318', '2023-10-28 12:00:00+00', 'an ton', '{"description": "Khu vc an ton ti Bnh Thun"}', '0101000020E6100000E17A14AE47015B40DAACFA5C6DE52540', 145, 10.9481, 108.02),
	('9141b321-b7cf-40f1-87bf-f50dfd97937a', '2023-10-29 12:00:00+00', 'thin tai', '{"description": "L qut ti Lo Cai"}', '0101000020E61000003F355EBA49FC5940516B9A779C523640', 150, 22.3227, 103.942),
	('e92ef655-0581-45a8-b7f0-8cac4cfe568c', '2023-10-30 12:00:00+00', 'cu tr', '{"description": "Trung tm cu tr ti Bc Ninh"}', '0101000020E61000008CB96B09F9845A40C976BE9F1A2F3540', 155, 21.184, 106.0777),
	('6193423b-901b-456a-ad39-a3bc8a0c8973', '2023-10-31 12:00:00+00', 'an ton', '{"description": "Khu vc an ton ti Ha Bnh"}', '0101000020E61000008351499D80565A40C3D32B6519F23440', 160, 20.9457, 105.3516),
	('52727964-f30d-4b94-a2c7-a99fa01a5388', '2023-11-01 12:00:00+00', 'thin tai', '{"description": "Bo ti C Mau"}', '0101000020E6100000448B6CE7FB495A409A779CA223592240', 165, 9.1741, 105.156),
	('6a472270-ec19-4822-ad3f-3158d1c07471', '2023-11-02 12:00:00+00', 'cu tr', '{"description": "Trm cu tr ti ng Nai"}', '0101000020E6100000643BDF4F8DAF5A40984C158C4AEA2540', 170, 10.9576, 106.743),
	('7d007cfe-47ce-4919-a658-a53d673f5a88', '2023-11-03 12:00:00+00', 'an ton', '{"description": "Khu vc an ton ti Vng Tu"}', '0101000020E61000001DC9E53FA4C75A4012143FC6DCB52440', 175, 10.3552, 107.1194),
	('6dc6770a-4d13-4d15-9b59-2373c6e98252', '2023-11-04 12:00:00+00', 'thin tai', '{"description": "L lt ti Ngh An"}', '0101000020E610000088F4DBD7817B5A4036AB3E575B413340', 180, 19.2553, 105.9298),
	('89fdde08-5494-4844-ab41-847137b2c905', '2024-12-08 13:17:09.94684+00', 'dch bnh', '{"description":"M tsx v tnh trng ny","place":"ng V xzVn Ngn, Linh Chiu, Th c, H Ch Minh","title":"Covi212d 19"}', '0101000020E610000022AA4B216BB15A40E0DB4F21B2B32540', 500, 10.850968, 106.77216),
	('e9b005ae-76a4-4b44-a8a7-455b47f85704', '2024-12-08 13:21:57.021543+00', 'dch bnh', '{"description":"M t v tnh trng ny","place":"ng V Vn Ngn, Linh Chiu, Th c, H Ch Minh","title":"Covid 19"}', '0101000020E610000022AA4B216BB15A40E0DB4F21B2B32540', 500000, 10.850968, 106.77216),
	('07d0c88f-5aa7-4132-9b17-0abe7bc1ff59', '2024-12-08 13:21:57.021543+00', 'dch bnh', '{"description":"M t v tnh trng ny","place":"Bnh Th, Th c, H Ch Minh","title":"Covid 19"}', '0101000020E6100000961BB1BBE5B05A40BC3B32569BAF2540', 255000, 10.842982, 106.76402),
	('875319bf-bd78-4b67-9130-00215f1b5a50', '2024-12-08 13:23:13.951845+00', 'dch bnh', '{"description":"M t v tnh trng ny","place":"ng V Vn Ngn, Linh Chiu, Th c, H Ch Minh","title":"Covid 19"}', '0101000020E610000022AA4B216BB15A40E0DB4F21B2B32540', 500000, 10.850968, 106.77216),
	('ea6c6da4-d5c3-4049-9e36-67b119d268e1', '2024-12-08 13:23:13.951845+00', 'dch bnh', '{"description":"M t v tnh trng ny","place":"Bnh Th, Th c, H Ch Minh","title":"Covid 19"}', '0101000020E6100000961BB1BBE5B05A40BC3B32569BAF2540', 255000, 10.842982, 106.76402),
	('9b6058e0-ddca-4e39-b241-4b4d20757022', '2024-12-08 13:25:09.501847+00', 'dch bnh', '{"place":"ng V Vn Ngn, Linh Chiu, Th c, H Ch Minh","title":"Covid 19","description":"M t v tnh trng ny"}', '0101000020E610000022AA4B216BB15A40E0DB4F21B2B32540', 500000, 10.850968, 106.77216),
	('708f7ab5-fbdd-41db-90ec-5b2d645261a0', '2024-12-08 13:25:09.501847+00', 'dch bnh', '{"place":"Bnh Th, Th c, H Ch Minh","title":"Covid 19","description":"M t v tnh trng ny"}', '0101000020E6100000961BB1BBE5B05A40BC3B32569BAF2540', 255000, 10.842982, 106.76402),
	('7fdabc8e-af52-46e1-92c7-8bde80e330c8', '2024-12-08 13:27:12.582955+00', 'dch bnh', '{"place":"ng V Vn Ngn, Linh Chiu, Th c, H Ch Minh","title":"Covid 19","description":"M t v tnh trng ny"}', '0101000020E610000022AA4B216BB15A40E0DB4F21B2B32540', 500000, 10.850968, 106.77216),
	('22f2d05e-d17b-439f-8eb3-6642cd25b395', '2024-12-08 13:27:12.582955+00', 'dch bnh', '{"place":"Bnh Th, Th c, H Ch Minh","title":"Covid 19","description":"M t v tnh trng ny"}', '0101000020E6100000961BB1BBE5B05A40BC3B32569BAF2540', 255000, 10.842982, 106.76402),
	('ee424626-36c4-4bda-b660-c6ea6098f8a5', '2024-12-08 13:30:32.008424+00', 'dch bnh', '{"place":"ng V Vn Ngn, Linh Chiu, Th c, H Ch Minh","title":"Covid 19","description":"M t v tnh trng ny"}', '0101000020E610000022AA4B216BB15A40E0DB4F21B2B32540', 500000, 10.850968, 106.77216),
	('2f84f1e4-13f6-483c-8f6f-00b11a5887f6', '2024-12-08 13:30:32.008424+00', 'dch bnh', '{"place":"Bnh Th, Th c, H Ch Minh","title":"Covid 19","description":"M t v tnh trng ny"}', '0101000020E6100000961BB1BBE5B05A40BC3B32569BAF2540', 255000, 10.842982, 106.76402),
	('49c4441c-96c3-42a4-8b14-4fb4ea50f500', '2024-12-08 13:31:35.777376+00', 'dch bnh', '{"place":"Bnh Th, Th c, H Ch Minh","title":"Covid 19","description":"M t v tnh trng ny"}', '0101000020E6100000961BB1BBE5B05A40BC3B32569BAF2540', 255000, 10.842982, 106.76402),
	('1192e2a0-4a11-47d6-a746-7d090cf998a5', '2024-12-08 13:36:42.998255+00', 'dch bnh', '{"place":"ng V Vn Ngn, Linh Chiu, Th c, H Ch Minh","title":"Covid 19","description":"M t v tnh trng ny"}', '0101000020E610000022AA4B216BB15A40E0DB4F21B2B32540', 500000, 10.850968, 106.77216),
	('c88af5dc-76fb-4193-8066-75dd54819e65', '2024-12-08 13:36:42.998255+00', 'dch bnh', '{"place":"Bnh Th, Th c, H Ch Minh","title":"Covid 19","description":"M t v tnh trng ny"}', '0101000020E6100000961BB1BBE5B05A40BC3B32569BAF2540', 255000, 10.842982, 106.76402),
	('1e680713-0733-4c75-a129-38a77509164a', '2024-12-08 13:36:49.817991+00', 'dch bnh', '{"place":"ng V Vn Ngn, Linh Chiu, Th c, H Ch Minh","title":"Covid 19","description":"M t v tnh trng ny"}', '0101000020E610000022AA4B216BB15A40E0DB4F21B2B32540', 500000, 10.850968, 106.77216),
	('1acf0027-f875-45de-be87-e0ae2a61b2a5', '2024-12-08 13:36:49.817991+00', 'dch bnh', '{"place":"Bnh Th, Th c, H Ch Minh","title":"Covid 19","description":"M t v tnh trng ny"}', '0101000020E6100000961BB1BBE5B05A40BC3B32569BAF2540', 255000, 10.842982, 106.76402),
	('033e1431-6686-4990-a8eb-37bbd967ae25', '2024-12-08 13:36:52.789707+00', 'dch bnh', '{"place":"ng V Vn Ngn, Linh Chiu, Th c, H Ch Minh","title":"Covid 19","description":"M t v tnh trng ny"}', '0101000020E610000022AA4B216BB15A40E0DB4F21B2B32540', 500000, 10.850968, 106.77216),
	('c35488a0-deb1-44d3-ac0a-e64ef55df837', '2024-12-08 13:36:52.789707+00', 'dch bnh', '{"place":"Bnh Th, Th c, H Ch Minh","title":"Covid 19","description":"M t v tnh trng ny"}', '0101000020E6100000961BB1BBE5B05A40BC3B32569BAF2540', 255000, 10.842982, 106.76402),
	('6458cc10-8563-44d3-934e-890a83224acf', '2024-12-08 17:15:14.435875+00', 'Park', '{"facilities": "restrooms, playground"}', '0101000020E610000003249A40117F52C02CD8463CD95F4440', 500, 40.748817, -73.98543),
	('a23b40cf-e8be-4c64-8118-c03380f3bad1', '2024-12-08 17:15:14.435875+00', 'Museum', '{"facilities": "guided tours, parking"}', '0101000020E6100000D6E59480988F5DC0715AF0A2AF064140', 300, 34.052235, -118.24368),
	('519310e9-75f9-48ab-95cf-4b63408fb06c', '2024-12-08 17:15:25.803992+00', 'Park', '{"facilities": "restrooms, playground"}', '0101000020E610000003249A40117F52C02CD8463CD95F4440', 500, 40.748817, -73.98543);


--
-- Data for Name: issue_event_place; Type: TABLE DATA; Schema: public; Owner: postgres
--

INSERT INTO "public"."issue_event_place" ("issue_event_id", "place_id") VALUES
	('0cc3dc60-ff93-442f-8294-9f94edd4ab06', '02b3f8e0-bbf2-4368-bee0-5d89aba95b2b');


--
-- Data for Name: notification; Type: TABLE DATA; Schema: public; Owner: postgres
--

INSERT INTO "public"."notification" ("id", "title", "content", "type", "sendtype", "created_at") VALUES
	('14b526b1-c05a-4317-a57a-9e695ff5c3d9', 'Khn cp', '{name} g vi', 'Emergency', NULL, '2024-12-06 03:14:48.047419+00'),
	('5d37c32a-cb9f-4035-840b-529199f1da1c', 'Khn cp', '{name} g vi', 'Emergency', NULL, '2024-12-06 03:18:12.109919+00'),
	('2e93e97b-081a-4955-8573-56f9809a5239', 'Khn cp', '{name} g vi', 'Emergency', NULL, '2024-12-08 13:23:14.294743+00'),
	('2b60a72b-f19f-4614-8b40-dcf06b738d10', 'Khn cp', '{name} g vi', 'Emergency', NULL, '2024-12-08 13:25:58.743154+00');


--
-- Data for Name: notification_user; Type: TABLE DATA; Schema: public; Owner: postgres
--

INSERT INTO "public"."notification_user" ("notification_id", "to_user_id") VALUES
	('14b526b1-c05a-4317-a57a-9e695ff5c3d9', '3ffd668d-8871-47ff-aefa-2b55afad5f26'),
	('5d37c32a-cb9f-4035-840b-529199f1da1c', '3ffd668d-8871-47ff-aefa-2b55afad5f26'),
	('5d37c32a-cb9f-4035-840b-529199f1da1c', '668f130c-e8bf-41d7-b9a6-239c9e0cf4a1'),
	('2e93e97b-081a-4955-8573-56f9809a5239', '668f130c-e8bf-41d7-b9a6-239c9e0cf4a1'),
	('2b60a72b-f19f-4614-8b40-dcf06b738d10', '668f130c-e8bf-41d7-b9a6-239c9e0cf4a1');


--
-- Data for Name: report; Type: TABLE DATA; Schema: public; Owner: postgres
--

INSERT INTO "public"."report" ("id", "created_at", "urgency", "meta_data", "title", "report_type", "content", "address_id") VALUES
	('982c0f1f-87a3-47de-a605-def8542690e5', '2024-12-06 03:23:32.198532+00', 'HIGH', NULL, 'a', 'Dch bnh', 'a', 'a57edc13-e84c-4d1a-ba3b-2a17aaec8d53'),
	('6ecb3788-0ab4-44f2-80e6-652cdb7d2988', '2024-12-06 03:24:59.964059+00', 'HIGH', NULL, 'a', 'Dch bnh', 'a', '33c77d21-9ea1-4058-96ab-7aebbd8dbca2'),
	('abffb99d-508b-4018-b6d4-d1a6f0ad0b2d', '2024-12-07 04:05:44.526584+00', 'HIGH', NULL, 'sadfaf', 'Dch bnh', 'waef', '4c384653-7642-4f34-96a6-3753923ed9d4'),
	('a5fb8817-b6ee-4ce8-9e81-5c559515a5cb', '2024-12-07 04:07:02.53297+00', 'HIGH', NULL, 'sdf', 'Dch bnh', 'wef', 'ded96203-ce31-4616-ab4a-803bfbf44fe2'),
	('0596cf73-a88c-4571-825a-8622ab02955f', '2024-12-08 04:17:17.659764+00', 'HIGH', NULL, '1qqq', 'Dch bnh', 'qqqqqqqqq', '96094319-d797-45c5-9871-8120ab327f62');


--
-- Data for Name: user_notification; Type: TABLE DATA; Schema: public; Owner: postgres
--



--
-- Data for Name: user_profiles; Type: TABLE DATA; Schema: public; Owner: postgres
--

INSERT INTO "public"."user_profiles" ("profile_id", "user_id", "fullname", "address_id", "created_at", "citizen_id", "email", "phone", "last_location", "latitude", "longitude") VALUES
	('6424c86e-9de4-4c63-b89e-0ff5d0b74881', '6ca30b44-a094-4919-81a1-c17d4310a637', 'Safe You Admin', 'b4a79ee0-bfcf-4e29-b16f-ed83440caa98', '2024-12-06 05:42:52.488154', '', 'safeyou@gmail.com', '', NULL, NULL, NULL),
	('d17f3901-1ba9-49dc-84cc-843ec55b2ad8', '668f130c-e8bf-41d7-b9a6-239c9e0cf4a1', 'Nguyen Huu Loc', '79a56b5e-aa48-4421-ac81-be512e95902f', '2024-12-06 03:17:44.755713', NULL, 'locn562836@gmail.com', '0565564250', '0101000020E6100000B164332C6BB15A403F9CD1A0B2B32540', 10.850972, 106.77216),
	('5cc335a6-5287-407a-b9e4-561a5b629e45', 'e8e86293-d754-4dc5-9fed-568dd150b879', 'a', 'eb7554b5-d82d-4506-86ab-fe98d9f81acf', '2024-12-08 10:36:29.154796', NULL, 'adsad@gmail.com', '1111111113', NULL, NULL, NULL),
	('c48b3b61-5a27-4938-9032-a1360d14b66c', 'e0302377-4801-411f-a3ca-3e0feb598eac', 'KIm Ngan', 'e14be96a-fce5-4041-8ea6-c0351b154bb4', '2024-12-08 08:51:46.559104', NULL, 'ngan123@gmail.com', '123', '0101000020E610000032079C001EAC5A400CD58338C5992540', 10.800333, 106.68933);


--
-- Data for Name: user_roles; Type: TABLE DATA; Schema: public; Owner: postgres
--

INSERT INTO "public"."user_roles" ("user_id", "role") VALUES
	('3ffd668d-8871-47ff-aefa-2b55afad5f26', 'user'),
	('668f130c-e8bf-41d7-b9a6-239c9e0cf4a1', 'user'),
	('6ca30b44-a094-4919-81a1-c17d4310a637', 'admin'),
	('c69c18c5-8a8b-4136-84e9-9f13303c41c4', 'user'),
	('e0302377-4801-411f-a3ca-3e0feb598eac', 'user'),
	('e7e01a1c-2e85-4ddf-839c-beb651530d1c', 'user'),
	('e8e86293-d754-4dc5-9fed-568dd150b879', 'user');


--
-- Data for Name: buckets; Type: TABLE DATA; Schema: storage; Owner: supabase_storage_admin
--

INSERT INTO "storage"."buckets" ("id", "name", "owner", "created_at", "updated_at", "public", "avif_autodetection", "file_size_limit", "allowed_mime_types", "owner_id") VALUES
	('places', 'places', NULL, '2024-12-02 10:15:56.043835+00', '2024-12-02 10:15:56.043835+00', false, false, NULL, NULL, NULL),
	('posts', 'posts', NULL, '2024-12-07 05:53:09.21322+00', '2024-12-07 05:53:09.21322+00', false, false, NULL, NULL, NULL);


--
-- Data for Name: objects; Type: TABLE DATA; Schema: storage; Owner: supabase_storage_admin
--

INSERT INTO "storage"."objects" ("id", "bucket_id", "name", "owner", "created_at", "updated_at", "last_accessed_at", "metadata", "version", "owner_id", "user_metadata") VALUES
	('82c85c13-6e7f-4c1a-a5e2-fced8daf2a90', 'posts', 'strapi/.emptyFolderPlaceholder', NULL, '2024-12-07 05:57:20.987725+00', '2024-12-07 05:57:20.987725+00', '2024-12-07 05:57:20.987725+00', '{"eTag": "\"d41d8cd98f00b204e9800998ecf8427e\"", "size": 0, "mimetype": "application/octet-stream", "cacheControl": "max-age=3600", "lastModified": "2024-12-07T05:57:21.000Z", "contentLength": 0, "httpStatusCode": 200}', '9a21c2ac-9679-43a7-b019-2cd61e7a7812', NULL, '{}');


--
-- Data for Name: s3_multipart_uploads; Type: TABLE DATA; Schema: storage; Owner: supabase_storage_admin
--



--
-- Data for Name: s3_multipart_uploads_parts; Type: TABLE DATA; Schema: storage; Owner: supabase_storage_admin
--



--
-- Data for Name: secrets; Type: TABLE DATA; Schema: vault; Owner: supabase_admin
--



--
-- Name: refresh_tokens_id_seq; Type: SEQUENCE SET; Schema: auth; Owner: supabase_auth_admin
--

SELECT pg_catalog.setval('"auth"."refresh_tokens_id_seq"', 62, true);


--
-- Name: key_key_id_seq; Type: SEQUENCE SET; Schema: pgsodium; Owner: supabase_admin
--

SELECT pg_catalog.setval('"pgsodium"."key_key_id_seq"', 1, false);


--
-- Name: commune_idcommune_seq; Type: SEQUENCE SET; Schema: public; Owner: postgres
--

SELECT pg_catalog.setval('"public"."commune_idcommune_seq"', 10337, true);


--
-- PostgreSQL database dump complete
--

RESET ALL;
